packet,model,series,folder,final_files,preview_01,source_1,additional_sources,indoor_found,outdoor_found,remote_status,remote_model,panel_status,panel_model,quality,warnings,second_pass,third_pass
01,AVC-05HJDBA,AVC-HJDBA,AVC-HJDBA/AVC-05HJDBA,10,да,,,да,не требуется,да,HYE-VD01,да,HPE-DNK1,OK,German Kaut lists HPE-DNK1 separately; Russian target catalog treats panel as included,completed,completed
01,AVC-07HJDBA,AVC-HJDBA,AVC-HJDBA/AVC-07HJDBA,10,да,,,да,не требуется,да,HYE-VD01,да,HPE-DNK1,OK,German Kaut lists HPE-DNK1 separately; Russian target catalog treats panel as included,completed,completed
01,AVC-09HJDBA,AVC-HJDBA,AVC-HJDBA/AVC-09HJDBA,10,да,,,да,не требуется,да,HYE-VD01,да,HPE-DNK1,OK,German Kaut lists HPE-DNK1 separately; Russian target catalog treats panel as included,completed,completed
01,AVC-12HJDBA,AVC-HJDBA,AVC-HJDBA/AVC-12HJDBA,10,да,,,да,не требуется,да,HYE-VD01,да,HPE-DNK1,OK,German Kaut lists HPE-DNK1 separately; Russian target catalog treats panel as included,completed,completed
01,AVC-15HJDBA,AVC-HJDBA,AVC-HJDBA/AVC-15HJDBA,10,да,,,да,не требуется,да,HYE-VD01,да,HPE-DNK1,OK,German Kaut lists HPE-DNK1 separately; Russian target catalog treats panel as included,completed,completed
01,AVC-17HJDBA,AVC-HJDBA,AVC-HJDBA/AVC-17HJDBA,10,да,,,да,не требуется,да,HYE-VD01,да,HPE-DNK1,OK,German Kaut lists HPE-DNK1 separately; Russian target catalog treats panel as included,completed,completed
01,AVC-19HJDBA,AVC-HJDBA,AVC-HJDBA/AVC-19HJDBA,10,да,,,да,не требуется,да,HYE-VD01,да,HPE-DNK1,OK,German Kaut lists HPE-DNK1 separately; Russian target catalog treats panel as included,completed,completed
01,AVY-05HJDA,AVY-HJDA,AVY-HJDA/AVY-05HJDA,4,да,,,да,не требуется,да,HYE-VD01,да (в составе блока),HP-D-NA1,OK; limited gallery,Only one clean exact-product-page indoor render found; dealer reuses the same family render across both chassis sizes; separate panel-only render not found. Panel model/size is specification-confirmed.,completed,completed
01,AVY-07HJDA,AVY-HJDA,AVY-HJDA/AVY-07HJDA,4,да,,,да,не требуется,да,HYE-VD01,да (в составе блока),HP-D-NA1,OK; limited gallery,Only one clean exact-product-page indoor render found; dealer reuses the same family render across both chassis sizes; separate panel-only render not found. Panel model/size is specification-confirmed.,completed,completed
01,AVY-09HJDA,AVY-HJDA,AVY-HJDA/AVY-09HJDA,4,да,,,да,не требуется,да,HYE-VD01,да (в составе блока),HP-D-NA1,OK; limited gallery,Only one clean exact-product-page indoor render found; dealer reuses the same family render across both chassis sizes; separate panel-only render not found. Panel model/size is specification-confirmed.,completed,completed
01,AVY-12HJDA,AVY-HJDA,AVY-HJDA/AVY-12HJDA,4,да,,,да,не требуется,да,HYE-VD01,да (в составе блока),HP-D-NA1,OK; limited gallery,Only one clean exact-product-page indoor render found; dealer reuses the same family render across both chassis sizes; separate panel-only render not found. Panel model/size is specification-confirmed.,completed,completed
01,AVY-15HJDA,AVY-HJDA,AVY-HJDA/AVY-15HJDA,4,да,,,да,не требуется,да,HYE-VD01,да (в составе блока),HP-D-NA1,OK; limited gallery,Only one clean exact-product-page indoor render found; dealer reuses the same family render across both chassis sizes; separate panel-only render not found. Panel model/size is specification-confirmed.,completed,completed
01,AVY-19HJDA,AVY-HJDA,AVY-HJDA/AVY-19HJDA,4,да,,,да,не требуется,да,HYE-VD01,да (в составе блока),HP-E-NA1,OK; limited gallery,Only one clean exact-product-page indoor render found; dealer reuses the same family render across both chassis sizes; separate panel-only render not found. Panel model/size is specification-confirmed.,completed,completed
01,AVY-24HJDA,AVY-HJDA,AVY-HJDA/AVY-24HJDA,4,да,,,да,не требуется,да,HYE-VD01,да (в составе блока),HP-E-NA1,OK; limited gallery,Only one clean exact-product-page indoor render found; dealer reuses the same family render across both chassis sizes; separate panel-only render not found. Panel model/size is specification-confirmed.,completed,completed
02,AVBC-19HJFKA,AVBC-HJFKA,AVBC-HJFKA/AVBC-19HJFKA,6,да,https://hisensevrf.ru/catalog/vnutr/kassethye-vn-bloky-dc/,Excel MORE_PHOTO | https://mircli.ru/Hisense-AVBC-19HJFKA/ | https://mircli.ru/Hisense-AVBC-38HJFKA/ | https://mircli.ru/Hisense-AVBC-48HJFKA/,да,не требуется,"беспроводной пульт указан, модель не задана",точная модель не указана,да — точная панель добавлена,HP-G-NK,OK; low-res alternatives rejected,"removed: MirCli/Hisense authorized service certificate | removed: MirCli/Hisense official dealer certificate | added exact HP-G-NK panel; wireless remote exact model unspecified in source data | wireless remote is specified, but exact model is not specified; no guessed remote added",completed,completed
02,AVBC-24HJFKA,AVBC-HJFKA,AVBC-HJFKA/AVBC-24HJFKA,6,да,https://hisensevrf.ru/catalog/vnutr/kassethye-vn-bloky-dc/,Excel MORE_PHOTO | https://mircli.ru/Hisense-AVBC-24HJFKA/ | https://mircli.ru/Hisense-AVBC-38HJFKA/ | https://mircli.ru/Hisense-AVBC-48HJFKA/,да,не требуется,"беспроводной пульт указан, модель не задана",точная модель не указана,да — точная панель добавлена,HP-G-NK,OK; low-res alternatives rejected,"removed: MirCli/Hisense authorized service certificate | removed: MirCli/Hisense official dealer certificate | added exact HP-G-NK panel; wireless remote exact model unspecified in source data | wireless remote is specified, but exact model is not specified; no guessed remote added",completed,completed
02,AVBC-30HJFKA,AVBC-HJFKA,AVBC-HJFKA/AVBC-30HJFKA,6,да,https://hisensevrf.ru/catalog/vnutr/kassethye-vn-bloky-dc/,Excel MORE_PHOTO | https://mircli.ru/Hisense-AVBC-30HJFKA/,да,не требуется,"беспроводной пульт указан, модель не задана",точная модель не указана,да — точная панель добавлена,HP-G-NK,OK; low-res alternatives rejected,"removed: MirCli/Hisense authorized service certificate | removed: MirCli/Hisense official dealer certificate | added exact HP-G-NK panel; wireless remote exact model unspecified in source data | wireless remote is specified, but exact model is not specified; no guessed remote added",completed,completed
02,AVBC-38HJFKA,AVBC-HJFKA,AVBC-HJFKA/AVBC-38HJFKA,6,да,https://hisensevrf.ru/catalog/vnutr/kassethye-vn-bloky-dc/,Excel MORE_PHOTO | https://mircli.ru/Hisense-AVBC-38HJFKA/ | https://mircli.ru/Hisense-AVBC-48HJFKA/,да,не требуется,"беспроводной пульт указан, модель не задана",точная модель не указана,да — точная панель добавлена,HP-G-NK,OK; low-res alternatives rejected,"removed: MirCli/Hisense authorized service certificate | removed: MirCli/Hisense official dealer certificate | added exact HP-G-NK panel; wireless remote exact model unspecified in source data | wireless remote is specified, but exact model is not specified; no guessed remote added",completed,completed
02,AVBC-48HJFKA,AVBC-HJFKA,AVBC-HJFKA/AVBC-48HJFKA,6,да,https://hisensevrf.ru/catalog/vnutr/kassethye-vn-bloky-dc/,Excel MORE_PHOTO | https://mircli.ru/Hisense-AVBC-48HJFKA/,да,не требуется,"беспроводной пульт указан, модель не задана",точная модель не указана,да — точная панель добавлена,HP-G-NK,OK; low-res alternatives rejected,"removed: MirCli/Hisense authorized service certificate | removed: MirCli/Hisense official dealer certificate | added exact HP-G-NK panel; wireless remote exact model unspecified in source data | wireless remote is specified, but exact model is not specified; no guessed remote added",completed,completed
02,AVBC-54HJFKA,AVBC-HJFKA,AVBC-HJFKA/AVBC-54HJFKA,6,да,https://hisensevrf.ru/catalog/vnutr/kassethye-vn-bloky-dc/,Excel MORE_PHOTO | https://mircli.ru/Hisense-AVBC-38HJFKA/ | https://mircli.ru/Hisense-AVBC-48HJFKA/ | https://mircli.ru/Hisense-AVBC-54HJFKA/,да,не требуется,"беспроводной пульт указан, модель не задана",точная модель не указана,да — точная панель добавлена,HP-G-NK,OK; low-res alternatives rejected,"removed: MirCli/Hisense authorized service certificate | removed: MirCli/Hisense official dealer certificate | added exact HP-G-NK panel; wireless remote exact model unspecified in source data | wireless remote is specified, but exact model is not specified; no guessed remote added",completed,completed
02,AVBC-09HJDBA,AVBC-HJDBA,AVBC-HJDBA/AVBC-09HJDBA,8,да,https://mircli.ru/Hisense-AVBC-12HJDBA/,Excel MORE_PHOTO | https://hisense.com.ua/tech-doc-vrf-indoor/ | https://mircli.ru/Hisense-AVBC-09HJDBA/ | https://mircli.ru/Hisense-AVBC-38HJFKA/ | https://mircli.ru/Hisense-AVBC-48HJFKA/,да,не требуется,да — точная модель добавлена,HYE-VD01,да — точная панель добавлена,HPE-GNK1,OK; low-res alternatives rejected,removed: Hisense HVAC promotional multi-product banner | removed: MirCli/Hisense authorized service certificate | removed: Hisense/Hitachi corporate/factory promotional image | removed: MirCli/Hisense official dealer certificate | added exact HPE-GNK1 panel and HYE-VD01 remote,completed,completed
02,AVBC-12HJDBA,AVBC-HJDBA,AVBC-HJDBA/AVBC-12HJDBA,8,да,https://mircli.ru/Hisense-AVBC-12HJDBA/,Excel MORE_PHOTO | https://mircli.ru/Hisense-AVBC-12HJDBA/ | https://mircli.ru/Hisense-AVBC-38HJFKA/ | https://mircli.ru/Hisense-AVBC-48HJFKA/,да,не требуется,да — точная модель добавлена,HYE-VD01,да — точная панель добавлена,HPE-GNK1,OK; low-res alternatives rejected,removed: MirCli/Hisense authorized service certificate | removed: MirCli/Hisense official dealer certificate | added exact HPE-GNK1 panel and HYE-VD01 remote,completed,completed
02,AVBC-15HJDBA,AVBC-HJDBA,AVBC-HJDBA/AVBC-15HJDBA,8,да,https://mircli.ru/Hisense-AVBC-12HJDBA/,Excel MORE_PHOTO | https://hisense.com.ua/tech-doc-vrf-indoor/ | https://mircli.ru/Hisense-AVBC-15HJDBA/ | https://mircli.ru/Hisense-AVBC-38HJFKA/ | https://mircli.ru/Hisense-AVBC-48HJFKA/,да,не требуется,да — точная модель добавлена,HYE-VD01,да — точная панель добавлена,HPE-GNK1,OK; low-res alternatives rejected,removed: Hisense HVAC promotional multi-product banner | removed: MirCli/Hisense authorized service certificate | removed: Hisense/Hitachi corporate/factory promotional image | removed: MirCli/Hisense official dealer certificate | added exact HPE-GNK1 panel and HYE-VD01 remote,completed,completed
02,AVBC-19HJDBA,AVBC-HJDBA,AVBC-HJDBA/AVBC-19HJDBA,8,да,https://mircli.ru/Hisense-AVBC-12HJDBA/,Excel MORE_PHOTO | https://hisense.com.ua/tech-doc-vrf-indoor/ | https://mircli.ru/Hisense-AVBC-19HJDBA/ | https://mircli.ru/Hisense-AVBC-38HJFKA/ | https://mircli.ru/Hisense-AVBC-48HJFKA/,да,не требуется,да — точная модель добавлена,HYE-VD01,да — точная панель добавлена,HPE-GNK1,OK; low-res alternatives rejected,removed: Hisense HVAC promotional multi-product banner | removed: MirCli/Hisense authorized service certificate | removed: Hisense/Hitachi corporate/factory promotional image | removed: MirCli/Hisense official dealer certificate | added exact HPE-GNK1 panel and HYE-VD01 remote,completed,completed
02,AVBC-22HJDBA,AVBC-HJDBA,AVBC-HJDBA/AVBC-22HJDBA,8,да,https://mircli.ru/Hisense-AVBC-12HJDBA/,Excel MORE_PHOTO | https://mircli.ru/Hisense-AVBC-22HJDBA/ | https://mircli.ru/Hisense-AVBC-38HJFKA/ | https://mircli.ru/Hisense-AVBC-48HJFKA/,да,не требуется,да — точная модель добавлена,HYE-VD01,да — точная панель добавлена,HPE-GNK1,OK; low-res alternatives rejected,removed: MirCli/Hisense authorized service certificate | removed: MirCli/Hisense official dealer certificate | added exact HPE-GNK1 panel and HYE-VD01 remote,completed,completed
02,AVBC-24HJDBA,AVBC-HJDBA,AVBC-HJDBA/AVBC-24HJDBA,8,да,https://mircli.ru/Hisense-AVBC-12HJDBA/,Excel MORE_PHOTO | https://hisense.com.ua/tech-doc-vrf-indoor/ | https://mircli.ru/Hisense-AVBC-24HJDBA/ | https://mircli.ru/Hisense-AVBC-38HJFKA/ | https://mircli.ru/Hisense-AVBC-48HJFKA/,да,не требуется,да — точная модель добавлена,HYE-VD01,да — точная панель добавлена,HPE-GNK1,OK; low-res alternatives rejected,removed: Hisense HVAC promotional multi-product banner | removed: MirCli/Hisense authorized service certificate | removed: Hisense/Hitachi corporate/factory promotional image | removed: MirCli/Hisense official dealer certificate | added exact HPE-GNK1 panel and HYE-VD01 remote,completed,completed
02,AVBC-27HJDBA,AVBC-HJDBA,AVBC-HJDBA/AVBC-27HJDBA,8,да,https://mircli.ru/Hisense-AVBC-12HJDBA/,Excel MORE_PHOTO | https://mircli.ru/Hisense-AVBC-27HJDBA/ | https://mircli.ru/Hisense-AVBC-38HJFKA/ | https://mircli.ru/Hisense-AVBC-48HJFKA/,да,не требуется,да — точная модель добавлена,HYE-VD01,да — точная панель добавлена,HPE-GNK1,OK; low-res alternatives rejected,removed: MirCli/Hisense authorized service certificate | removed: MirCli/Hisense official dealer certificate | added exact HPE-GNK1 panel and HYE-VD01 remote,completed,completed
02,AVBC-30HJDBA,AVBC-HJDBA,AVBC-HJDBA/AVBC-30HJDBA,8,да,https://mircli.ru/Hisense-AVBC-12HJDBA/,Excel MORE_PHOTO | https://hisense.com.ua/tech-doc-vrf-indoor/ | https://mircli.ru/Hisense-AVBC-30HJDBA/ | https://mircli.ru/Hisense-AVBC-38HJFKA/ | https://mircli.ru/Hisense-AVBC-48HJFKA/,да,не требуется,да — точная модель добавлена,HYE-VD01,да — точная панель добавлена,HPE-GNK1,OK; low-res alternatives rejected,removed: Hisense HVAC promotional multi-product banner | removed: MirCli/Hisense authorized service certificate | removed: Hisense/Hitachi corporate/factory promotional image | removed: MirCli/Hisense official dealer certificate | added exact HPE-GNK1 panel and HYE-VD01 remote,completed,completed
02,AVBC-38HJDBA,AVBC-HJDBA,AVBC-HJDBA/AVBC-38HJDBA,8,да,https://mircli.ru/Hisense-AVBC-12HJDBA/,Excel MORE_PHOTO | https://hisense.com.ua/tech-doc-vrf-indoor/ | https://mircli.ru/Hisense-AVBC-38HJDBA/ | https://mircli.ru/Hisense-AVBC-38HJFKA/ | https://mircli.ru/Hisense-AVBC-48HJFKA/,да,не требуется,да — точная модель добавлена,HYE-VD01,да — точная панель добавлена,HPE-GNK1,OK; low-res alternatives rejected,removed: Hisense HVAC promotional multi-product banner | removed: MirCli/Hisense authorized service certificate | removed: Hisense/Hitachi corporate/factory promotional image | removed: MirCli/Hisense official dealer certificate | added exact HPE-GNK1 panel and HYE-VD01 remote,completed,completed
02,AVBC-48HJDBA,AVBC-HJDBA,AVBC-HJDBA/AVBC-48HJDBA,8,да,https://mircli.ru/Hisense-AVBC-12HJDBA/,Excel MORE_PHOTO | https://hisense.com.ua/tech-doc-vrf-indoor/ | https://mircli.ru/Hisense-AVBC-38HJFKA/ | https://mircli.ru/Hisense-AVBC-48HJDBA/ | https://mircli.ru/Hisense-AVBC-48HJFKA/,да,не требуется,да — точная модель добавлена,HYE-VD01,да — точная панель добавлена,HPE-GNK1,OK; low-res alternatives rejected,removed: Hisense HVAC promotional multi-product banner | removed: MirCli/Hisense authorized service certificate | removed: Hisense/Hitachi corporate/factory promotional image | removed: MirCli/Hisense official dealer certificate | added exact HPE-GNK1 panel and HYE-VD01 remote,completed,completed
02,AVBC-54HJDBA,AVBC-HJDBA,AVBC-HJDBA/AVBC-54HJDBA,8,да,https://mircli.ru/Hisense-AVBC-12HJDBA/,Excel MORE_PHOTO | https://mircli.ru/Hisense-AVBC-38HJFKA/ | https://mircli.ru/Hisense-AVBC-48HJFKA/ | https://mircli.ru/Hisense-AVBC-54HJDBA/,да,не требуется,да — точная модель добавлена,HYE-VD01,да — точная панель добавлена,HPE-GNK1,OK; low-res alternatives rejected,removed: MirCli/Hisense authorized service certificate | removed: MirCli/Hisense official dealer certificate | added exact HPE-GNK1 panel and HYE-VD01 remote,completed,completed
03,AVF-36H2FDA,AVF-H2FDA,AVF-H2FDA/AVF-36H2FDA,7,да,https://breez.ru/products/kolonnie-vn-bloky-vrf/,Excel MORE_PHOTO,да,не требуется,да — точная модель добавлена,HYE-VD01,не требуется,,OK,added exact HYE-VD01 remote,completed,completed
03,AVF-48H2FDA,AVF-H2FDA,AVF-H2FDA/AVF-48H2FDA,7,да,https://breez.ru/products/kolonnie-vn-bloky-vrf/,Excel MORE_PHOTO,да,не требуется,да — точная модель добавлена,HYE-VD01,не требуется,,OK,added exact HYE-VD01 remote,completed,completed
03,AVF-56H2FDA,AVF-H2FDA,AVF-H2FDA/AVF-56H2FDA,7,да,https://breez.ru/products/kolonnie-vn-bloky-vrf/,Excel MORE_PHOTO,да,не требуется,да — точная модель добавлена,HYE-VD01,не требуется,,OK,added exact HYE-VD01 remote,completed,completed
03,AVF-96H2FDA,AVF-H2FDA,AVF-H2FDA/AVF-96H2FDA,7,да,https://breez.ru/products/kolonnie-vn-bloky-vrf/,Excel MORE_PHOTO,да,не требуется,да — точная модель добавлена,HYE-VD01,не требуется,,OK,added exact HYE-VD01 remote,completed,completed
03,AVS-05HJDTD,AVS-HJDTD,AVS-HJDTD/AVS-05HJDTD,6,да,https://mircli.ru/Hisense-AVS-28HJDTD/,Excel MORE_PHOTO | https://hisense.com.ua/tech-doc-vrf-indoor/ | https://mircli.ru/Hisense-AVS-05HJDTD/,да,не требуется,да — точная модель добавлена,HYE-VD01,не требуется,,OK; low-res alternatives rejected,removed: MirCli/Hisense authorized service certificate | removed: Hisense/Hitachi corporate/factory promotional image | removed: MirCli/Hisense official dealer certificate | removed: Hisense HVAC promotional multi-product banner | added exact HYE-VD01 remote,completed,completed
03,AVS-07HJDTD,AVS-HJDTD,AVS-HJDTD/AVS-07HJDTD,6,да,https://mircli.ru/Hisense-AVS-28HJDTD/,Excel MORE_PHOTO | https://hisense.com.ua/tech-doc-vrf-indoor/ | https://mircli.ru/Hisense-AVS-05HJDTD/ | https://mircli.ru/Hisense-AVS-07HJDTD/,да,не требуется,да — точная модель добавлена,HYE-VD01,не требуется,,OK; low-res alternatives rejected,removed: MirCli/Hisense authorized service certificate | removed: Hisense/Hitachi corporate/factory promotional image | removed: MirCli/Hisense official dealer certificate | removed: Hisense HVAC promotional multi-product banner | added exact HYE-VD01 remote,completed,completed
03,AVS-09HJDTD,AVS-HJDTD,AVS-HJDTD/AVS-09HJDTD,6,да,https://mircli.ru/Hisense-AVS-28HJDTD/,Excel MORE_PHOTO | https://hisense.com.ua/tech-doc-vrf-indoor/ | https://mircli.ru/Hisense-AVS-05HJDTD/ | https://mircli.ru/Hisense-AVS-09HJDTD/,да,не требуется,да — точная модель добавлена,HYE-VD01,не требуется,,OK; low-res alternatives rejected,removed: MirCli/Hisense authorized service certificate | removed: Hisense/Hitachi corporate/factory promotional image | removed: MirCli/Hisense official dealer certificate | removed: Hisense HVAC promotional multi-product banner | added exact HYE-VD01 remote,completed,completed
03,AVS-12HJDTD,AVS-HJDTD,AVS-HJDTD/AVS-12HJDTD,6,да,https://mircli.ru/Hisense-AVS-28HJDTD/,Excel MORE_PHOTO | https://hisense.com.ua/tech-doc-vrf-indoor/ | https://mircli.ru/Hisense-AVS-05HJDTD/ | https://mircli.ru/Hisense-AVS-12HJDTD/,да,не требуется,да — точная модель добавлена,HYE-VD01,не требуется,,OK; low-res alternatives rejected,removed: MirCli/Hisense authorized service certificate | removed: Hisense/Hitachi corporate/factory promotional image | removed: MirCli/Hisense official dealer certificate | removed: Hisense HVAC promotional multi-product banner | added exact HYE-VD01 remote,completed,completed
03,AVS-15HJDTD,AVS-HJDTD,AVS-HJDTD/AVS-15HJDTD,6,да,https://mircli.ru/Hisense-AVS-28HJDTD/,Excel MORE_PHOTO | https://hisense.com.ua/tech-doc-vrf-indoor/ | https://mircli.ru/Hisense-AVS-05HJDTD/ | https://mircli.ru/Hisense-AVS-15HJDTD/,да,не требуется,да — точная модель добавлена,HYE-VD01,не требуется,,OK; low-res alternatives rejected,removed: MirCli/Hisense authorized service certificate | removed: Hisense/Hitachi corporate/factory promotional image | removed: MirCli/Hisense official dealer certificate | removed: Hisense HVAC promotional multi-product banner | added exact HYE-VD01 remote,completed,completed
03,AVS-19HJDTD,AVS-HJDTD,AVS-HJDTD/AVS-19HJDTD,6,да,https://mircli.ru/Hisense-AVS-28HJDTD/,Excel MORE_PHOTO | https://hisense.com.ua/tech-doc-vrf-indoor/ | https://mircli.ru/Hisense-AVS-05HJDTD/ | https://mircli.ru/Hisense-AVS-19HJDTD/,да,не требуется,да — точная модель добавлена,HYE-VD01,не требуется,,OK; low-res alternatives rejected,removed: MirCli/Hisense authorized service certificate | removed: Hisense/Hitachi corporate/factory promotional image | removed: MirCli/Hisense official dealer certificate | removed: Hisense HVAC promotional multi-product banner | added exact HYE-VD01 remote,completed,completed
03,AVS-24HJDTD,AVS-HJDTD,AVS-HJDTD/AVS-24HJDTD,6,да,https://mircli.ru/Hisense-AVS-28HJDTD/,Excel MORE_PHOTO | https://hisense.com.ua/tech-doc-vrf-indoor/ | https://mircli.ru/Hisense-AVS-05HJDTD/ | https://mircli.ru/Hisense-AVS-24HJDTD/,да,не требуется,да — точная модель добавлена,HYE-VD01,не требуется,,OK; low-res alternatives rejected,removed: MirCli/Hisense authorized service certificate | removed: Hisense/Hitachi corporate/factory promotional image | removed: MirCli/Hisense official dealer certificate | removed: Hisense HVAC promotional multi-product banner | added exact HYE-VD01 remote,completed,completed
03,AVS-28HJDTD,AVS-HJDTD,AVS-HJDTD/AVS-28HJDTD,6,да,https://mircli.ru/Hisense-AVS-28HJDTD/,Excel MORE_PHOTO | https://mircli.ru/Hisense-AVS-05HJDTD/ | https://mircli.ru/Hisense-AVS-28HJDTD/,да,не требуется,да — точная модель добавлена,HYE-VD01,не требуется,,OK; low-res alternatives rejected,removed: MirCli/Hisense authorized service certificate | removed: MirCli/Hisense official dealer certificate | added exact HYE-VD01 remote,completed,completed
04,AVD-24HJDH,AVD-HJDH,AVD-HJDH/AVD-24HJDH,6,да,https://hisense-air.ru/product/visok-vnutr-block-canal-dc-vent/,Excel MORE_PHOTO | https://mircli.ru/Hisense-AVD-24HJDH/,да,не требуется,да — обе указанные модели сохранены,HYXE-VA01A / HYXE-VC01,не требуется,,OK; low-res alternatives rejected,removed: MirCli/Hisense authorized service certificate | removed: MirCli/Hisense official dealer certificate | both workbook-listed controllers retained: HYXE-VA01A and HYXE-VC01,completed,completed
04,AVD-09HJDH,AVD-HJDH,AVD-HJDH/AVD-09HJDH,6,да,https://hisense-air.ru/product/visok-vnutr-block-canal-dc-vent/,Excel MORE_PHOTO | https://mircli.ru/Hisense-AVD-09HJDH/,да,не требуется,да — обе указанные модели сохранены,HYXE-VA01A / HYXE-VC01,не требуется,,OK; low-res alternatives rejected,removed: MirCli/Hisense authorized service certificate | removed: MirCli/Hisense official dealer certificate | both workbook-listed controllers retained: HYXE-VA01A and HYXE-VC01,completed,completed
04,AVD-12HJDH,AVD-HJDH,AVD-HJDH/AVD-12HJDH,6,да,https://hisense-air.ru/product/visok-vnutr-block-canal-dc-vent/,Excel MORE_PHOTO | https://mircli.ru/Hisense-AVD-12HJDH/,да,не требуется,да — обе указанные модели сохранены,HYXE-VA01A / HYXE-VC01,не требуется,,OK; low-res alternatives rejected,removed: MirCli/Hisense authorized service certificate | removed: MirCli/Hisense official dealer certificate | both workbook-listed controllers retained: HYXE-VA01A and HYXE-VC01,completed,completed
04,AVD-15HJDH,AVD-HJDH,AVD-HJDH/AVD-15HJDH,6,да,https://hisense-air.ru/product/visok-vnutr-block-canal-dc-vent/,Excel MORE_PHOTO | https://mircli.ru/Hisense-AVD-15HJDH/,да,не требуется,да — обе указанные модели сохранены,HYXE-VA01A / HYXE-VC01,не требуется,,OK; low-res alternatives rejected,removed: MirCli/Hisense authorized service certificate | removed: MirCli/Hisense official dealer certificate | both workbook-listed controllers retained: HYXE-VA01A and HYXE-VC01,completed,completed
04,AVD-19HJDH,AVD-HJDH,AVD-HJDH/AVD-19HJDH,6,да,https://hisense-air.ru/product/visok-vnutr-block-canal-dc-vent/,Excel MORE_PHOTO | https://mircli.ru/Hisense-AVD-15HJDH/ | https://mircli.ru/Hisense-AVD-19HJDH/,да,не требуется,да — обе указанные модели сохранены,HYXE-VA01A / HYXE-VC01,не требуется,,OK; low-res alternatives rejected,removed: MirCli/Hisense authorized service certificate | removed: MirCli/Hisense official dealer certificate | both workbook-listed controllers retained: HYXE-VA01A and HYXE-VC01,completed,completed
04,AVD-24HJDH1,AVD-HJDH,AVD-HJDH/AVD-24HJDH1,6,да,https://hisense-air.ru/product/visok-vnutr-block-canal-dc-vent/,Excel MORE_PHOTO | https://mircli.ru/Hisense-AVD-12HJDH/ | https://mircli.ru/Hisense-AVD-19HJDH/ | https://mircli.ru/Hisense-AVD-24HJDH1/,да,не требуется,да — обе указанные модели сохранены,HYXE-VA01A / HYXE-VC01,не требуется,,OK; low-res alternatives rejected,removed: MirCli/Hisense authorized service certificate | removed: MirCli/Hisense official dealer certificate | both workbook-listed controllers retained: HYXE-VA01A and HYXE-VC01,completed,completed
04,AVD-30HJDH,AVD-HJDH,AVD-HJDH/AVD-30HJDH,6,да,https://hisense-air.ru/product/visok-vnutr-block-canal-dc-vent/,Excel MORE_PHOTO | https://mircli.ru/Hisense-AVD-12HJDH/ | https://mircli.ru/Hisense-AVD-19HJDH/ | https://mircli.ru/Hisense-AVD-30HJDH/,да,не требуется,да — обе указанные модели сохранены,HYXE-VA01A / HYXE-VC01,не требуется,,OK; low-res alternatives rejected,removed: MirCli/Hisense authorized service certificate | removed: MirCli/Hisense official dealer certificate | both workbook-listed controllers retained: HYXE-VA01A and HYXE-VC01,completed,completed
04,AVD-38HJDH,AVD-HJDH,AVD-HJDH/AVD-38HJDH,6,да,https://hisense-air.ru/product/visok-vnutr-block-canal-dc-vent/,Excel MORE_PHOTO | https://mircli.ru/Hisense-AVD-12HJDH/ | https://mircli.ru/Hisense-AVD-19HJDH/ | https://mircli.ru/Hisense-AVD-38HJDH/,да,не требуется,да — обе указанные модели сохранены,HYXE-VA01A / HYXE-VC01,не требуется,,OK; low-res alternatives rejected,removed: MirCli/Hisense authorized service certificate | removed: MirCli/Hisense official dealer certificate | both workbook-listed controllers retained: HYXE-VA01A and HYXE-VC01,completed,completed
04,AVD-42HJDH,AVD-HJDH,AVD-HJDH/AVD-42HJDH,6,да,https://hisense-air.ru/product/visok-vnutr-block-canal-dc-vent/,Excel MORE_PHOTO | https://mircli.ru/Hisense-AVD-12HJDH/ | https://mircli.ru/Hisense-AVD-19HJDH/ | https://mircli.ru/Hisense-AVD-42HJDH/,да,не требуется,да — обе указанные модели сохранены,HYXE-VA01A / HYXE-VC01,не требуется,,OK; low-res alternatives rejected,removed: MirCli/Hisense authorized service certificate | removed: MirCli/Hisense official dealer certificate | both workbook-listed controllers retained: HYXE-VA01A and HYXE-VC01,completed,completed
04,AVD-48HJDH,AVD-HJDH,AVD-HJDH/AVD-48HJDH,6,да,https://hisense-air.ru/product/visok-vnutr-block-canal-dc-vent/,Excel MORE_PHOTO | https://mircli.ru/Hisense-AVD-12HJDH/ | https://mircli.ru/Hisense-AVD-19HJDH/ | https://mircli.ru/Hisense-AVD-48HJDH/,да,не требуется,да — обе указанные модели сохранены,HYXE-VA01A / HYXE-VC01,не требуется,,OK; low-res alternatives rejected,removed: MirCli/Hisense authorized service certificate | removed: MirCli/Hisense official dealer certificate | both workbook-listed controllers retained: HYXE-VA01A and HYXE-VC01,completed,completed
04,AVD-54HJDH,AVD-HJDH,AVD-HJDH/AVD-54HJDH,6,да,https://hisense-air.ru/product/visok-vnutr-block-canal-dc-vent/,Excel MORE_PHOTO | https://mircli.ru/Hisense-AVD-12HJDH/ | https://mircli.ru/Hisense-AVD-19HJDH/ | https://mircli.ru/Hisense-AVD-54HJDH/,да,не требуется,да — обе указанные модели сохранены,HYXE-VA01A / HYXE-VC01,не требуется,,OK; low-res alternatives rejected,removed: MirCli/Hisense authorized service certificate | removed: MirCli/Hisense official dealer certificate | both workbook-listed controllers retained: HYXE-VA01A and HYXE-VC01,completed,completed
04,AVD-76HJDH,AVD-HJDH,AVD-HJDH/AVD-76HJDH,6,да,https://hisense-air.ru/product/visok-vnutr-block-canal-dc-vent/,Excel MORE_PHOTO | https://mircli.ru/Hisense-AVD-12HJDH/ | https://mircli.ru/Hisense-AVD-19HJDH/ | https://mircli.ru/Hisense-AVD-76HJDH/,да,не требуется,да — обе указанные модели сохранены,HYXE-VA01A / HYXE-VC01,не требуется,,OK; low-res alternatives rejected,removed: MirCli/Hisense authorized service certificate | removed: MirCli/Hisense official dealer certificate | both workbook-listed controllers retained: HYXE-VA01A and HYXE-VC01,completed,completed
04,AVD-96HJDH,AVD-HJDH,AVD-HJDH/AVD-96HJDH,6,да,https://hisense-air.ru/product/visok-vnutr-block-canal-dc-vent/,Excel MORE_PHOTO | https://mircli.ru/Hisense-AVD-12HJDH/ | https://mircli.ru/Hisense-AVD-19HJDH/ | https://mircli.ru/Hisense-AVD-96HJDH/,да,не требуется,да — обе указанные модели сохранены,HYXE-VA01A / HYXE-VC01,не требуется,,OK; low-res alternatives rejected,removed: MirCli/Hisense authorized service certificate | removed: MirCli/Hisense official dealer certificate | both workbook-listed controllers retained: HYXE-VA01A and HYXE-VC01,completed,completed
05,AVD-07HJFH,AVD-HJFH,AVD-HJFH/AVD-07HJFH,3,да,https://www.el-vent.ru/catalog/vysokonapornyy-vnutrenniy-blok-kanalnogo-tipa-c-dc-ventilyatorom-avd-07hjfh/,https://coolsochi.ru/product/hisense-avd-07hjfh/ | https://hisense.com.ua/tech-doc-vrf-indoor/ | https://mircli.ru/Hisense-AVD-07HJFH/ | https://www.el-vent.ru/catalog/vysokonapornyy-vnutrenniy-blok-kanalnogo-tipa-c-dc-ventilyatorom-avd-07hjfh/,да,не требуется,"проводной пульт указан, модель не задана",точная модель не указана,не требуется,,OK; low-res alternatives rejected,"removed: MirCli/Hisense official dealer certificate | removed: Hisense HVAC promotional multi-product banner | removed: Hisense/Hitachi corporate/factory promotional image | removed: MirCli/Hisense authorized service certificate | wired controller required, but exact controller model is not specified; no guessed controller added",completed,completed
05,AVD-09HJFH,AVD-HJFH,AVD-HJFH/AVD-09HJFH,3,да,https://www.el-vent.ru/catalog/vysokonapornyy-vnutrenniy-blok-kanalnogo-tipa-c-dc-ventilyatorom-avd-07hjfh/,https://coolsochi.ru/product/hisense-avd-07hjfh/ | https://hisense.com.ua/tech-doc-vrf-indoor/ | https://mircli.ru/Hisense-AVD-09HJFH/ | https://mircli.ru/Hisense-AVD-15HJFH/ | https://www.el-vent.ru/catalog/vysokonapornyy-vnutrenniy-blok-kanalnogo-tipa-c-dc-ventilyatorom-avd-07hjfh/,да,не требуется,"проводной пульт указан, модель не задана",точная модель не указана,не требуется,,OK; low-res alternatives rejected,"removed: MirCli/Hisense official dealer certificate | removed: Hisense HVAC promotional multi-product banner | removed: Hisense/Hitachi corporate/factory promotional image | removed: MirCli/Hisense authorized service certificate | wired controller required, but exact controller model is not specified; no guessed controller added",completed,completed
05,AVD-12HJFH,AVD-HJFH,AVD-HJFH/AVD-12HJFH,3,да,https://www.el-vent.ru/catalog/vysokonapornyy-vnutrenniy-blok-kanalnogo-tipa-c-dc-ventilyatorom-avd-07hjfh/,https://coolsochi.ru/product/hisense-avd-07hjfh/ | https://hisense.com.ua/tech-doc-vrf-indoor/ | https://mircli.ru/Hisense-AVD-12HJFH/ | https://www.el-vent.ru/catalog/vysokonapornyy-vnutrenniy-blok-kanalnogo-tipa-c-dc-ventilyatorom-avd-07hjfh/,да,не требуется,"проводной пульт указан, модель не задана",точная модель не указана,не требуется,,OK; low-res alternatives rejected,"removed: MirCli/Hisense official dealer certificate | removed: Hisense HVAC promotional multi-product banner | removed: Hisense/Hitachi corporate/factory promotional image | removed: MirCli/Hisense authorized service certificate | wired controller required, but exact controller model is not specified; no guessed controller added",completed,completed
05,AVD-15HJFH,AVD-HJFH,AVD-HJFH/AVD-15HJFH,3,да,https://www.el-vent.ru/catalog/vysokonapornyy-vnutrenniy-blok-kanalnogo-tipa-c-dc-ventilyatorom-avd-07hjfh/,https://coolsochi.ru/product/hisense-avd-07hjfh/ | https://hisense.com.ua/tech-doc-vrf-indoor/ | https://mircli.ru/Hisense-AVD-15HJFH/ | https://www.el-vent.ru/catalog/vysokonapornyy-vnutrenniy-blok-kanalnogo-tipa-c-dc-ventilyatorom-avd-07hjfh/,да,не требуется,"проводной пульт указан, модель не задана",точная модель не указана,не требуется,,OK; low-res alternatives rejected,"removed: MirCli/Hisense official dealer certificate | removed: Hisense HVAC promotional multi-product banner | removed: Hisense/Hitachi corporate/factory promotional image | removed: MirCli/Hisense authorized service certificate | wired controller required, but exact controller model is not specified; no guessed controller added",completed,completed
05,AVD-19HJFH,AVD-HJFH,AVD-HJFH/AVD-19HJFH,3,да,https://www.el-vent.ru/catalog/vysokonapornyy-vnutrenniy-blok-kanalnogo-tipa-c-dc-ventilyatorom-avd-07hjfh/,https://coolsochi.ru/product/hisense-avd-07hjfh/ | https://hisense.com.ua/tech-doc-vrf-indoor/ | https://mircli.ru/Hisense-AVD-19HJFH/ | https://www.el-vent.ru/catalog/vysokonapornyy-vnutrenniy-blok-kanalnogo-tipa-c-dc-ventilyatorom-avd-07hjfh/,да,не требуется,"проводной пульт указан, модель не задана",точная модель не указана,не требуется,,OK; low-res alternatives rejected,"removed: MirCli/Hisense official dealer certificate | removed: Hisense HVAC promotional multi-product banner | removed: Hisense/Hitachi corporate/factory promotional image | removed: MirCli/Hisense authorized service certificate | wired controller required, but exact controller model is not specified; no guessed controller added",completed,completed
05,AVD-24HJFH1,AVD-HJFH,AVD-HJFH/AVD-24HJFH1,3,да,https://www.el-vent.ru/catalog/vysokonapornyy-vnutrenniy-blok-kanalnogo-tipa-c-dc-ventilyatorom-avd-07hjfh/,https://coolsochi.ru/product/hisense-avd-07hjfh/ | https://hisense.com.ua/tech-doc-vrf-indoor/ | https://mircli.ru/Hisense-AVD-15HJFH/ | https://mircli.ru/Hisense-AVD-24HJFH1/ | https://www.el-vent.ru/catalog/vysokonapornyy-vnutrenniy-blok-kanalnogo-tipa-c-dc-ventilyatorom-avd-07hjfh/,да,не требуется,"проводной пульт указан, модель не задана",точная модель не указана,не требуется,,OK; low-res alternatives rejected,"removed: MirCli/Hisense official dealer certificate | removed: Hisense HVAC promotional multi-product banner | removed: Hisense/Hitachi corporate/factory promotional image | removed: MirCli/Hisense authorized service certificate | wired controller required, but exact controller model is not specified; no guessed controller added",completed,completed
05,AVD-30HJFH,AVD-HJFH,AVD-HJFH/AVD-30HJFH,3,да,https://www.el-vent.ru/catalog/vysokonapornyy-vnutrenniy-blok-kanalnogo-tipa-c-dc-ventilyatorom-avd-07hjfh/,https://coolsochi.ru/product/hisense-avd-07hjfh/ | https://hisense.com.ua/tech-doc-vrf-indoor/ | https://mircli.ru/Hisense-AVD-15HJFH/ | https://mircli.ru/Hisense-AVD-30HJFH/ | https://www.el-vent.ru/catalog/vysokonapornyy-vnutrenniy-blok-kanalnogo-tipa-c-dc-ventilyatorom-avd-07hjfh/,да,не требуется,"проводной пульт указан, модель не задана",точная модель не указана,не требуется,,OK; low-res alternatives rejected,"removed: MirCli/Hisense official dealer certificate | removed: Hisense HVAC promotional multi-product banner | removed: Hisense/Hitachi corporate/factory promotional image | removed: MirCli/Hisense authorized service certificate | wired controller required, but exact controller model is not specified; no guessed controller added",completed,completed
05,AVD-38HJFH,AVD-HJFH,AVD-HJFH/AVD-38HJFH,3,да,https://www.el-vent.ru/catalog/vysokonapornyy-vnutrenniy-blok-kanalnogo-tipa-c-dc-ventilyatorom-avd-07hjfh/,https://coolsochi.ru/product/hisense-avd-07hjfh/ | https://hisense.com.ua/tech-doc-vrf-indoor/ | https://mircli.ru/Hisense-AVD-15HJFH/ | https://mircli.ru/Hisense-AVD-38HJFH/ | https://www.el-vent.ru/catalog/vysokonapornyy-vnutrenniy-blok-kanalnogo-tipa-c-dc-ventilyatorom-avd-07hjfh/,да,не требуется,"проводной пульт указан, модель не задана",точная модель не указана,не требуется,,OK; low-res alternatives rejected,"removed: MirCli/Hisense official dealer certificate | removed: Hisense HVAC promotional multi-product banner | removed: Hisense/Hitachi corporate/factory promotional image | removed: MirCli/Hisense authorized service certificate | wired controller required, but exact controller model is not specified; no guessed controller added",completed,completed
05,AVD-48HJFH,AVD-HJFH,AVD-HJFH/AVD-48HJFH,3,да,https://www.el-vent.ru/catalog/vysokonapornyy-vnutrenniy-blok-kanalnogo-tipa-c-dc-ventilyatorom-avd-07hjfh/,https://coolsochi.ru/product/hisense-avd-07hjfh/ | https://hisense.com.ua/tech-doc-vrf-indoor/ | https://mircli.ru/Hisense-AVD-15HJFH/ | https://mircli.ru/Hisense-AVD-48HJFH/ | https://www.el-vent.ru/catalog/vysokonapornyy-vnutrenniy-blok-kanalnogo-tipa-c-dc-ventilyatorom-avd-07hjfh/,да,не требуется,"проводной пульт указан, модель не задана",точная модель не указана,не требуется,,OK; low-res alternatives rejected,"removed: MirCli/Hisense official dealer certificate | removed: Hisense HVAC promotional multi-product banner | removed: Hisense/Hitachi corporate/factory promotional image | removed: MirCli/Hisense authorized service certificate | wired controller required, but exact controller model is not specified; no guessed controller added",completed,completed
05,AVD-54HJFH,AVD-HJFH,AVD-HJFH/AVD-54HJFH,3,да,https://www.el-vent.ru/catalog/vysokonapornyy-vnutrenniy-blok-kanalnogo-tipa-c-dc-ventilyatorom-avd-07hjfh/,https://coolsochi.ru/product/hisense-avd-07hjfh/ | https://hisense.com.ua/tech-doc-vrf-indoor/ | https://mircli.ru/Hisense-AVD-15HJFH/ | https://mircli.ru/Hisense-AVD-54HJFH/ | https://www.el-vent.ru/catalog/vysokonapornyy-vnutrenniy-blok-kanalnogo-tipa-c-dc-ventilyatorom-avd-07hjfh/,да,не требуется,"проводной пульт указан, модель не задана",точная модель не указана,не требуется,,OK; low-res alternatives rejected,"removed: MirCli/Hisense official dealer certificate | removed: Hisense HVAC promotional multi-product banner | removed: Hisense/Hitachi corporate/factory promotional image | removed: MirCli/Hisense authorized service certificate | wired controller required, but exact controller model is not specified; no guessed controller added",completed,completed
05,AVD-76HJFH,AVD-HJFH,AVD-HJFH/AVD-76HJFH,3,да,https://www.el-vent.ru/catalog/vysokonapornyy-vnutrenniy-blok-kanalnogo-tipa-c-dc-ventilyatorom-avd-07hjfh/,https://coolsochi.ru/product/hisense-avd-07hjfh/ | https://hisense.com.ua/tech-doc-vrf-indoor/ | https://mircli.ru/Hisense-AVD-15HJFH/ | https://mircli.ru/Hisense-AVD-76HJFH/ | https://www.el-vent.ru/catalog/vysokonapornyy-vnutrenniy-blok-kanalnogo-tipa-c-dc-ventilyatorom-avd-07hjfh/,да,не требуется,"проводной пульт указан, модель не задана",точная модель не указана,не требуется,,OK; low-res alternatives rejected,"removed: MirCli/Hisense official dealer certificate | removed: Hisense HVAC promotional multi-product banner | removed: Hisense/Hitachi corporate/factory promotional image | removed: MirCli/Hisense authorized service certificate | wired controller required, but exact controller model is not specified; no guessed controller added",completed,completed
05,AVD-96HJFH,AVD-HJFH,AVD-HJFH/AVD-96HJFH,3,да,https://www.el-vent.ru/catalog/vysokonapornyy-vnutrenniy-blok-kanalnogo-tipa-c-dc-ventilyatorom-avd-07hjfh/,https://coolsochi.ru/product/hisense-avd-07hjfh/ | https://hisense.com.ua/tech-doc-vrf-indoor/ | https://mircli.ru/Hisense-AVD-15HJFH/ | https://mircli.ru/Hisense-AVD-96HJFH/ | https://www.el-vent.ru/catalog/vysokonapornyy-vnutrenniy-blok-kanalnogo-tipa-c-dc-ventilyatorom-avd-07hjfh/,да,не требуется,"проводной пульт указан, модель не задана",точная модель не указана,не требуется,,OK; low-res alternatives rejected,"removed: MirCli/Hisense official dealer certificate | removed: Hisense HVAC promotional multi-product banner | removed: Hisense/Hitachi corporate/factory promotional image | removed: MirCli/Hisense authorized service certificate | wired controller required, but exact controller model is not specified; no guessed controller added",completed,completed
05,AVE-05HJDDH,AVE-HJDDH,AVE-HJDDH/AVE-05HJDDH,11,да,https://mircli.ru/Hisense-AVE-05HJDDH/,Excel MORE_PHOTO | https://mircli.ru/Hisense-AVD-15HJFH/ | https://mircli.ru/Hisense-AVE-05HJDDH/,да,не требуется,да — точная модель добавлена,HYXE-VC01,не требуется,,OK; low-res alternatives rejected,removed: MirCli/Hisense authorized service certificate | removed: MirCli/Hisense official dealer certificate | added exact HYXE-VC01 controller,completed,completed
05,AVE-07HJDDH,AVE-HJDDH,AVE-HJDDH/AVE-07HJDDH,11,да,https://mircli.ru/Hisense-AVE-05HJDDH/,Excel MORE_PHOTO | https://mircli.ru/Hisense-AVD-15HJFH/ | https://mircli.ru/Hisense-AVE-05HJDDH/ | https://mircli.ru/Hisense-AVE-07HJDDH/,да,не требуется,да — точная модель добавлена,HYXE-VC01,не требуется,,OK; low-res alternatives rejected,removed: MirCli/Hisense authorized service certificate | removed: MirCli/Hisense official dealer certificate | added exact HYXE-VC01 controller,completed,completed
05,AVE-09HJDDH,AVE-HJDDH,AVE-HJDDH/AVE-09HJDDH,11,да,https://mircli.ru/Hisense-AVE-05HJDDH/,Excel MORE_PHOTO | https://mircli.ru/Hisense-AVD-15HJFH/ | https://mircli.ru/Hisense-AVE-05HJDDH/ | https://mircli.ru/Hisense-AVE-09HJDDH/,да,не требуется,да — точная модель добавлена,HYXE-VC01,не требуется,,OK; low-res alternatives rejected,removed: MirCli/Hisense authorized service certificate | removed: MirCli/Hisense official dealer certificate | added exact HYXE-VC01 controller,completed,completed
05,AVE-12HJDDH,AVE-HJDDH,AVE-HJDDH/AVE-12HJDDH,11,да,https://mircli.ru/Hisense-AVE-05HJDDH/,Excel MORE_PHOTO | https://mircli.ru/Hisense-AVD-15HJFH/ | https://mircli.ru/Hisense-AVE-05HJDDH/ | https://mircli.ru/Hisense-AVE-12HJDDH/,да,не требуется,да — точная модель добавлена,HYXE-VC01,не требуется,,OK; low-res alternatives rejected,removed: MirCli/Hisense authorized service certificate | removed: MirCli/Hisense official dealer certificate | added exact HYXE-VC01 controller,completed,completed
05,AVE-15HJDDH,AVE-HJDDH,AVE-HJDDH/AVE-15HJDDH,11,да,https://mircli.ru/Hisense-AVE-05HJDDH/,Excel MORE_PHOTO | https://mircli.ru/Hisense-AVD-15HJFH/ | https://mircli.ru/Hisense-AVE-05HJDDH/ | https://mircli.ru/Hisense-AVE-15HJDDH/,да,не требуется,да — точная модель добавлена,HYXE-VC01,не требуется,,OK; low-res alternatives rejected,removed: MirCli/Hisense authorized service certificate | removed: MirCli/Hisense official dealer certificate | added exact HYXE-VC01 controller,completed,completed
05,AVE-19HJDDH,AVE-HJDDH,AVE-HJDDH/AVE-19HJDDH,11,да,https://mircli.ru/Hisense-AVE-05HJDDH/,Excel MORE_PHOTO | https://mircli.ru/Hisense-AVD-15HJFH/ | https://mircli.ru/Hisense-AVE-05HJDDH/ | https://mircli.ru/Hisense-AVE-19HJDDH/,да,не требуется,да — точная модель добавлена,HYXE-VC01,не требуется,,OK; low-res alternatives rejected,removed: MirCli/Hisense authorized service certificate | removed: MirCli/Hisense official dealer certificate | added exact HYXE-VC01 controller,completed,completed
05,AVE-24HJDDH,AVE-HJDDH,AVE-HJDDH/AVE-24HJDDH,11,да,https://mircli.ru/Hisense-AVE-05HJDDH/,Excel MORE_PHOTO | https://mircli.ru/Hisense-AVD-15HJFH/ | https://mircli.ru/Hisense-AVE-05HJDDH/ | https://mircli.ru/Hisense-AVE-24HJDDH/,да,не требуется,да — точная модель добавлена,HYXE-VC01,не требуется,,OK; low-res alternatives rejected,removed: MirCli/Hisense authorized service certificate | removed: MirCli/Hisense official dealer certificate | added exact HYXE-VC01 controller,completed,completed
06,AVWT-76HKF5,S5,S5/AVWT-76HKF5,8,да,https://docs.breez.ru/catalog/hisense/narujniye-bloki-vrf-s5/narujniye-bloki-vrf-s5-instruction.pdf,Excel MORE_PHOTO | https://mircli.ru/Hisense-AVWT-76HKF5/ | https://mircli.ru/Hisense-AVWT-96HKF5/,не требуется,да,не требуется,,не требуется,,OK; low-res alternatives rejected,removed: MirCli/Hisense authorized service certificate | removed: MirCli/Hisense official dealer certificate | 41 low-resolution images rejected,completed,completed
06,AVWT-96HKF5,S5,S5/AVWT-96HKF5,8,да,https://docs.breez.ru/catalog/hisense/narujniye-bloki-vrf-s5/narujniye-bloki-vrf-s5-instruction.pdf,Excel MORE_PHOTO | https://mircli.ru/Hisense-AVWT-96HKF5/,не требуется,да,не требуется,,не требуется,,OK; low-res alternatives rejected,removed: MirCli/Hisense authorized service certificate | removed: MirCli/Hisense official dealer certificate | 22 low-resolution images rejected,completed,completed
06,AVWT-114HKF5,S5,S5/AVWT-114HKF5,8,да,https://docs.breez.ru/catalog/hisense/narujniye-bloki-vrf-s5/narujniye-bloki-vrf-s5-instruction.pdf,Excel MORE_PHOTO | https://mircli.ru/Hisense-AVWT-114HKF5/ | https://mircli.ru/Hisense-AVWT-96HKF5/,не требуется,да,не требуется,,не требуется,,OK; low-res alternatives rejected,removed: MirCli/Hisense authorized service certificate | removed: MirCli/Hisense official dealer certificate | 41 low-resolution images rejected,completed,completed
06,AVWT-136HKF5,S5,S5/AVWT-136HKF5,8,да,https://docs.breez.ru/catalog/hisense/narujniye-bloki-vrf-s5/narujniye-bloki-vrf-s5-instruction.pdf,Excel MORE_PHOTO | https://mircli.ru/Hisense-AVWT-136HKF5/ | https://mircli.ru/Hisense-AVWT-96HKF5/,не требуется,да,не требуется,,не требуется,,OK; low-res alternatives rejected,removed: MirCli/Hisense authorized service certificate | removed: MirCli/Hisense official dealer certificate | 37 low-resolution images rejected,completed,completed
06,AVWT-154HKF5,S5,S5/AVWT-154HKF5,8,да,https://docs.breez.ru/catalog/hisense/narujniye-bloki-vrf-s5/narujniye-bloki-vrf-s5-instruction.pdf,Excel MORE_PHOTO | https://mircli.ru/Hisense-AVWT-154HKF5/ | https://mircli.ru/Hisense-AVWT-96HKF5/,не требуется,да,не требуется,,не требуется,,OK; low-res alternatives rejected,removed: MirCli/Hisense authorized service certificate | removed: MirCli/Hisense official dealer certificate | 36 low-resolution images rejected,completed,completed
06,AVWT-170HKF5,S5,S5/AVWT-170HKF5,8,да,https://docs.breez.ru/catalog/hisense/narujniye-bloki-vrf-s5/narujniye-bloki-vrf-s5-instruction.pdf,Excel MORE_PHOTO | https://mircli.ru/Hisense-AVWT-170HKF5/ | https://mircli.ru/Hisense-AVWT-96HKF5/,не требуется,да,не требуется,,не требуется,,OK; low-res alternatives rejected,removed: MirCli/Hisense authorized service certificate | removed: MirCli/Hisense official dealer certificate | 44 low-resolution images rejected,completed,completed
06,AVWT-190HKF5,S5,S5/AVWT-190HKF5,8,да,https://docs.breez.ru/catalog/hisense/narujniye-bloki-vrf-s5/narujniye-bloki-vrf-s5-instruction.pdf,Excel MORE_PHOTO | https://mircli.ru/Hisense-AVWT-190HKF5/ | https://mircli.ru/Hisense-AVWT-96HKF5/,не требуется,да,не требуется,,не требуется,,OK; low-res alternatives rejected,removed: MirCli/Hisense authorized service certificate | removed: MirCli/Hisense official dealer certificate | 44 low-resolution images rejected,completed,completed
06,AVWT-212HKF5,S5,S5/AVWT-212HKF5,8,да,https://docs.breez.ru/catalog/hisense/narujniye-bloki-vrf-s5/narujniye-bloki-vrf-s5-instruction.pdf,Excel MORE_PHOTO | https://mircli.ru/Hisense-AVWT-212HKF5/ | https://mircli.ru/Hisense-AVWT-96HKF5/,не требуется,да,не требуется,,не требуется,,OK; low-res alternatives rejected,removed: MirCli/Hisense authorized service certificate | removed: MirCli/Hisense official dealer certificate | 49 low-resolution images rejected,completed,completed
06,AVWT-232HKF5,S5,S5/AVWT-232HKF5,8,да,https://docs.breez.ru/catalog/hisense/narujniye-bloki-vrf-s5/narujniye-bloki-vrf-s5-instruction.pdf,Excel MORE_PHOTO | https://mircli.ru/Hisense-AVWT-232HKF5/ | https://mircli.ru/Hisense-AVWT-96HKF5/,не требуется,да,не требуется,,не требуется,,OK; low-res alternatives rejected,removed: MirCli/Hisense authorized service certificate | removed: MirCli/Hisense official dealer certificate | 49 low-resolution images rejected,completed,completed
06,AVWT-250HKF5,S5,S5/AVWT-250HKF5,8,да,https://docs.breez.ru/catalog/hisense/narujniye-bloki-vrf-s5/narujniye-bloki-vrf-s5-instruction.pdf,Excel MORE_PHOTO | https://mircli.ru/Hisense-AVWT-250HKF5/ | https://mircli.ru/Hisense-AVWT-96HKF5/,не требуется,да,не требуется,,не требуется,,OK; low-res alternatives rejected,removed: MirCli/Hisense authorized service certificate | removed: MirCli/Hisense official dealer certificate | 49 low-resolution images rejected,completed,completed
06,AVWT-272HKF5,S5,S5/AVWT-272HKF5,8,да,https://docs.breez.ru/catalog/hisense/narujniye-bloki-vrf-s5/narujniye-bloki-vrf-s5-instruction.pdf,Excel MORE_PHOTO | https://mircli.ru/Hisense-AVWT-272HKF5/ | https://mircli.ru/Hisense-AVWT-96HKF5/,не требуется,да,не требуется,,не требуется,,OK; low-res alternatives rejected,removed: MirCli/Hisense authorized service certificate | removed: MirCli/Hisense official dealer certificate | 49 low-resolution images rejected,completed,completed
06,AVWT-290HKF5,S5,S5/AVWT-290HKF5,8,да,https://docs.breez.ru/catalog/hisense/narujniye-bloki-vrf-s5/narujniye-bloki-vrf-s5-instruction.pdf,Excel MORE_PHOTO | https://mircli.ru/Hisense-AVWT-290HKF5/ | https://mircli.ru/Hisense-AVWT-96HKF5/,не требуется,да,не требуется,,не требуется,,OK; low-res alternatives rejected,removed: MirCli/Hisense authorized service certificate | removed: MirCli/Hisense official dealer certificate | 49 low-resolution images rejected,completed,completed
06,AVWT-307HKF5,S5,S5/AVWT-307HKF5,8,да,https://docs.breez.ru/catalog/hisense/narujniye-bloki-vrf-s5/narujniye-bloki-vrf-s5-instruction.pdf,Excel MORE_PHOTO | https://mircli.ru/Hisense-AVWT-307HKF5/ | https://mircli.ru/Hisense-AVWT-96HKF5/,не требуется,да,не требуется,,не требуется,,OK; low-res alternatives rejected,removed: MirCli/Hisense authorized service certificate | removed: MirCli/Hisense official dealer certificate | 49 low-resolution images rejected,completed,completed
06,AVWT-324HKF5,S5,S5/AVWT-324HKF5,8,да,https://docs.breez.ru/catalog/hisense/narujniye-bloki-vrf-s5/narujniye-bloki-vrf-s5-instruction.pdf,Excel MORE_PHOTO | https://mircli.ru/Hisense-AVWT-324HKF5/ | https://mircli.ru/Hisense-AVWT-96HKF5/,не требуется,да,не требуется,,не требуется,,OK; low-res alternatives rejected,removed: MirCli/Hisense authorized service certificate | removed: MirCli/Hisense official dealer certificate | 49 low-resolution images rejected,completed,completed
06,AVWT-343HKF5,S5,S5/AVWT-343HKF5,8,да,https://docs.breez.ru/catalog/hisense/narujniye-bloki-vrf-s5/narujniye-bloki-vrf-s5-instruction.pdf,Excel MORE_PHOTO | https://mircli.ru/Hisense-AVWT-343HKF5/ | https://mircli.ru/Hisense-AVWT-96HKF5/,не требуется,да,не требуется,,не требуется,,OK; low-res alternatives rejected,removed: MirCli/Hisense authorized service certificate | removed: MirCli/Hisense official dealer certificate | 49 low-resolution images rejected,completed,completed
06,AVWT-365HKF5,S5,S5/AVWT-365HKF5,8,да,https://docs.breez.ru/catalog/hisense/narujniye-bloki-vrf-s5/narujniye-bloki-vrf-s5-instruction.pdf,Excel MORE_PHOTO | https://mircli.ru/Hisense-AVWT-365HKF5/ | https://mircli.ru/Hisense-AVWT-96HKF5/,не требуется,да,не требуется,,не требуется,,OK; low-res alternatives rejected,removed: MirCli/Hisense authorized service certificate | removed: MirCli/Hisense official dealer certificate | 49 low-resolution images rejected,completed,completed
06,AVWT-386HKF5,S5,S5/AVWT-386HKF5,8,да,https://docs.breez.ru/catalog/hisense/narujniye-bloki-vrf-s5/narujniye-bloki-vrf-s5-instruction.pdf,Excel MORE_PHOTO | https://mircli.ru/Hisense-AVWT-386HKF5/ | https://mircli.ru/Hisense-AVWT-96HKF5/,не требуется,да,не требуется,,не требуется,,OK; low-res alternatives rejected,removed: MirCli/Hisense authorized service certificate | removed: MirCli/Hisense official dealer certificate | 49 low-resolution images rejected,completed,completed
06,AVWT-404HKF5,S5,S5/AVWT-404HKF5,8,да,https://docs.breez.ru/catalog/hisense/narujniye-bloki-vrf-s5/narujniye-bloki-vrf-s5-instruction.pdf,Excel MORE_PHOTO | https://mircli.ru/Hisense-AVWT-404HKF5/ | https://mircli.ru/Hisense-AVWT-96HKF5/,не требуется,да,не требуется,,не требуется,,OK; low-res alternatives rejected,removed: MirCli/Hisense authorized service certificate | removed: MirCli/Hisense official dealer certificate | 49 low-resolution images rejected,completed,completed
07,AVW-27HJFAE1,A,A/AVW-27HJFAE1,9,да,https://docs.breez.ru/catalog/hisense/narujniye-bloki-vrf-a/narujniye-bloki-vrf-a-instruction.pdf,Excel MORE_PHOTO | https://mircli.ru/Hisense-AVW-27HJFAE1/ | https://mircli.ru/Hisense-AVW-42HJFAE1/,не требуется,да,не требуется,,не требуется,,OK; low-res alternatives rejected,removed: MirCli/Hisense official dealer certificate | removed: MirCli/Hisense authorized service certificate | 12 low-resolution images rejected,completed,completed
07,AVW-34HJFAE1,A,A/AVW-34HJFAE1,9,да,https://docs.breez.ru/catalog/hisense/narujniye-bloki-vrf-a/narujniye-bloki-vrf-a-instruction.pdf,Excel MORE_PHOTO | https://mircli.ru/Hisense-AVW-27HJFAE1/ | https://mircli.ru/Hisense-AVW-34HJFAE1/ | https://mircli.ru/Hisense-AVW-42HJFAE1/,не требуется,да,не требуется,,не требуется,,OK; low-res alternatives rejected,removed: MirCli/Hisense official dealer certificate | removed: MirCli/Hisense authorized service certificate | 26 low-resolution images rejected,completed,completed
07,AVW-42HJFAE1,A,A/AVW-42HJFAE1,9,да,https://docs.breez.ru/catalog/hisense/narujniye-bloki-vrf-a/narujniye-bloki-vrf-a-instruction.pdf,Excel MORE_PHOTO | https://mircli.ru/Hisense-AVW-42HJFAE1/,не требуется,да,не требуется,,не требуется,,OK; low-res alternatives rejected,removed: MirCli/Hisense official dealer certificate | removed: MirCli/Hisense authorized service certificate | 26 low-resolution images rejected,completed,completed
07,AVW-48HJFAE1,A,A/AVW-48HJFAE1,9,да,https://docs.breez.ru/catalog/hisense/narujniye-bloki-vrf-a/narujniye-bloki-vrf-a-instruction.pdf,Excel MORE_PHOTO | https://mircli.ru/Hisense-AVW-27HJFAE1/ | https://mircli.ru/Hisense-AVW-42HJFAE1/ | https://mircli.ru/Hisense-AVW-48HJFAE1/,не требуется,да,не требуется,,не требуется,,OK; low-res alternatives rejected,removed: MirCli/Hisense official dealer certificate | removed: MirCli/Hisense authorized service certificate | 14 low-resolution images rejected,completed,completed
07,AVW-54HJFAE1,A,A/AVW-54HJFAE1,9,да,https://docs.breez.ru/catalog/hisense/narujniye-bloki-vrf-a/narujniye-bloki-vrf-a-instruction.pdf,Excel MORE_PHOTO | https://mircli.ru/Hisense-AVW-27HJFAE1/ | https://mircli.ru/Hisense-AVW-42HJFAE1/ | https://mircli.ru/Hisense-AVW-54HJFAE1/,не требуется,да,не требуется,,не требуется,,OK; low-res alternatives rejected,removed: MirCli/Hisense official dealer certificate | removed: MirCli/Hisense authorized service certificate | 20 low-resolution images rejected,completed,completed
07,AVW-63HJFAE1,A,A/AVW-63HJFAE1,9,да,https://docs.breez.ru/catalog/hisense/narujniye-bloki-vrf-a/narujniye-bloki-vrf-a-instruction.pdf,Excel MORE_PHOTO | https://mircli.ru/Hisense-AVW-27HJFAE1/ | https://mircli.ru/Hisense-AVW-42HJFAE1/ | https://mircli.ru/Hisense-AVW-63HJFAE1/,не требуется,да,не требуется,,не требуется,,OK; low-res alternatives rejected,removed: MirCli/Hisense official dealer certificate | removed: MirCli/Hisense authorized service certificate | 19 low-resolution images rejected,completed,completed
07,AVW-68HJFAE1,A,A/AVW-68HJFAE1,9,да,https://docs.breez.ru/catalog/hisense/narujniye-bloki-vrf-a/narujniye-bloki-vrf-a-instruction.pdf,Excel MORE_PHOTO | https://mircli.ru/Hisense-AVW-27HJFAE1/ | https://mircli.ru/Hisense-AVW-42HJFAE1/ | https://mircli.ru/Hisense-AVW-68HJFAE1/,не требуется,да,не требуется,,не требуется,,OK; low-res alternatives rejected,removed: MirCli/Hisense official dealer certificate | removed: MirCli/Hisense authorized service certificate | 25 low-resolution images rejected,completed,completed
07,AVW-76HJFAE1,A,A/AVW-76HJFAE1,9,да,https://docs.breez.ru/catalog/hisense/narujniye-bloki-vrf-a/narujniye-bloki-vrf-a-instruction.pdf,Excel MORE_PHOTO | https://mircli.ru/Hisense-AVW-27HJFAE1/ | https://mircli.ru/Hisense-AVW-42HJFAE1/ | https://mircli.ru/Hisense-AVW-76HJFAE1/,не требуется,да,не требуется,,не требуется,,OK; low-res alternatives rejected,removed: MirCli/Hisense official dealer certificate | removed: MirCli/Hisense authorized service certificate | 25 low-resolution images rejected,completed,completed
07,AVW-41HJDH2H1,H5,H5/AVW-41HJDH2H1,12,да,https://docs.breez.ru/catalog/hisense/narujniye-bloki-vrf-h5/narujniye-bloki-vrf-h5-instruction.pdf,Excel MORE_PHOTO | https://mircli.ru/Hisense-AVW-27HJFAE1/ | https://mircli.ru/Hisense-AVW-41HJDH2H1/ | https://mircli.ru/Hisense-AVW-42HJFAE1/,не требуется,да,не требуется,,не требуется,,OK; low-res alternatives rejected,removed: MirCli/Hisense authorized service certificate | removed: MirCli/Hisense official dealer certificate | 18 low-resolution images rejected,completed,completed
07,AVW-48HJDH2H1,H5,H5/AVW-48HJDH2H1,12,да,https://docs.breez.ru/catalog/hisense/narujniye-bloki-vrf-h5/narujniye-bloki-vrf-h5-instruction.pdf,Excel MORE_PHOTO | https://mircli.ru/Hisense-AVW-27HJFAE1/ | https://mircli.ru/Hisense-AVW-42HJFAE1/ | https://mircli.ru/Hisense-AVW-48HJDH2H1/,не требуется,да,не требуется,,не требуется,,OK; low-res alternatives rejected,removed: MirCli/Hisense authorized service certificate | removed: MirCli/Hisense official dealer certificate | 18 low-resolution images rejected,completed,completed
07,AVW-54HJDH2H1,H5,H5/AVW-54HJDH2H1,12,да,https://docs.breez.ru/catalog/hisense/narujniye-bloki-vrf-h5/narujniye-bloki-vrf-h5-instruction.pdf,Excel MORE_PHOTO | https://mircli.ru/Hisense-AVW-27HJFAE1/ | https://mircli.ru/Hisense-AVW-42HJFAE1/ | https://mircli.ru/Hisense-AVW-54HJDH2H1/,не требуется,да,не требуется,,не требуется,,OK; low-res alternatives rejected,removed: MirCli/Hisense authorized service certificate | removed: MirCli/Hisense official dealer certificate | 18 low-resolution images rejected,completed,completed
07,AVW-76HKDHE2,H5,H5/AVW-76HKDHE2,12,да,https://docs.breez.ru/catalog/hisense/narujniye-bloki-vrf-h5/narujniye-bloki-vrf-h5-instruction.pdf,Excel MORE_PHOTO | https://mircli.ru/Hisense-AVW-27HJFAE1/ | https://mircli.ru/Hisense-AVW-42HJFAE1/ | https://mircli.ru/Hisense-AVW-76HKDHE2/,не требуется,да,не требуется,,не требуется,,OK; low-res alternatives rejected,removed: MirCli/Hisense official dealer certificate | removed: MirCli/Hisense authorized service certificate | 24 low-resolution images rejected,completed,completed
07,AVW-96HKDHE2,H5,H5/AVW-96HKDHE2,12,да,https://docs.breez.ru/catalog/hisense/narujniye-bloki-vrf-h5/narujniye-bloki-vrf-h5-instruction.pdf,Excel MORE_PHOTO | https://mircli.ru/Hisense-AVW-27HJFAE1/ | https://mircli.ru/Hisense-AVW-42HJFAE1/ | https://mircli.ru/Hisense-AVW-96HKDHE2/,не требуется,да,не требуется,,не требуется,,OK; low-res alternatives rejected,removed: MirCli/Hisense official dealer certificate | removed: MirCli/Hisense authorized service certificate | 25 low-resolution images rejected,completed,completed
07,AVW-114HKDHE2,H5,H5/AVW-114HKDHE2,12,да,https://docs.breez.ru/catalog/hisense/narujniye-bloki-vrf-h5/narujniye-bloki-vrf-h5-instruction.pdf,Excel MORE_PHOTO | https://mircli.ru/Hisense-AVW-114HKDHE2/ | https://mircli.ru/Hisense-AVW-27HJFAE1/ | https://mircli.ru/Hisense-AVW-42HJFAE1/,не требуется,да,не требуется,,не требуется,,OK; low-res alternatives rejected,removed: MirCli/Hisense official dealer certificate | removed: MirCli/Hisense authorized service certificate | 44 low-resolution images rejected,completed,completed
07,AVW-136HKDHE2,H5,H5/AVW-136HKDHE2,12,да,https://docs.breez.ru/catalog/hisense/narujniye-bloki-vrf-h5/narujniye-bloki-vrf-h5-instruction.pdf,Excel MORE_PHOTO | https://mircli.ru/Hisense-AVW-136HKDHE2/ | https://mircli.ru/Hisense-AVW-27HJFAE1/ | https://mircli.ru/Hisense-AVW-42HJFAE1/,не требуется,да,не требуется,,не требуется,,OK; low-res alternatives rejected,removed: MirCli/Hisense official dealer certificate | removed: MirCli/Hisense authorized service certificate | 40 low-resolution images rejected,completed,completed
07,AVW-154HKDHE2,H5,H5/AVW-154HKDHE2,12,да,https://docs.breez.ru/catalog/hisense/narujniye-bloki-vrf-h5/narujniye-bloki-vrf-h5-instruction.pdf,Excel MORE_PHOTO | https://mircli.ru/Hisense-AVW-154HKDHE2/ | https://mircli.ru/Hisense-AVW-27HJFAE1/ | https://mircli.ru/Hisense-AVW-42HJFAE1/,не требуется,да,не требуется,,не требуется,,OK; low-res alternatives rejected,removed: MirCli/Hisense official dealer certificate | removed: MirCli/Hisense authorized service certificate | 39 low-resolution images rejected,completed,completed
07,AVWW-76FKFW1,W HEAT RECOVERY,W HEAT RECOVERY/AVWW-76FKFW1,3,да,https://docs.breez.ru/catalog/hisense/naruzhye-bloky-hi-smart-w-heat/naruzhye-bloky-hi-smart-w-heat-bim-model.zip,Excel MORE_PHOTO | https://mircli.ru/Hisense-AVW-27HJFAE1/ | https://mircli.ru/Hisense-AVW-42HJFAE1/ | https://mircli.ru/Hisense-AVWW-76FKFW1/,не требуется,да,да,,не требуется,,OK; low-res alternatives rejected,removed: MirCli/Hisense official dealer certificate | removed: MirCli/Hisense authorized service certificate | 30 low-resolution images rejected,completed,completed
07,AVWW-96FKFW1,W HEAT RECOVERY,W HEAT RECOVERY/AVWW-96FKFW1,3,да,https://docs.breez.ru/catalog/hisense/naruzhye-bloky-hi-smart-w-heat/naruzhye-bloky-hi-smart-w-heat-bim-model.zip,Excel MORE_PHOTO | https://mircli.ru/Hisense-AVW-27HJFAE1/ | https://mircli.ru/Hisense-AVW-42HJFAE1/ | https://mircli.ru/Hisense-AVWW-96FKFW1/,не требуется,да,да,,не требуется,,OK; low-res alternatives rejected,removed: MirCli/Hisense official dealer certificate | removed: MirCli/Hisense authorized service certificate | 23 low-resolution images rejected,completed,completed
07,AVWW-114FKFW1,W HEAT RECOVERY,W HEAT RECOVERY/AVWW-114FKFW1,3,да,https://docs.breez.ru/catalog/hisense/naruzhye-bloky-hi-smart-w-heat/naruzhye-bloky-hi-smart-w-heat-bim-model.zip,Excel MORE_PHOTO | https://mircli.ru/Hisense-AVW-27HJFAE1/ | https://mircli.ru/Hisense-AVW-42HJFAE1/ | https://mircli.ru/Hisense-AVWW-114FKFW1/,не требуется,да,да,,не требуется,,OK; low-res alternatives rejected,removed: MirCli/Hisense official dealer certificate | removed: MirCli/Hisense authorized service certificate | 42 low-resolution images rejected,completed,completed
07,AVWW-136FKFW1,W HEAT RECOVERY,W HEAT RECOVERY/AVWW-136FKFW1,3,да,https://docs.breez.ru/catalog/hisense/naruzhye-bloky-hi-smart-w-heat/naruzhye-bloky-hi-smart-w-heat-bim-model.zip,Excel MORE_PHOTO | https://mircli.ru/Hisense-AVW-27HJFAE1/ | https://mircli.ru/Hisense-AVW-42HJFAE1/ | https://mircli.ru/Hisense-AVWW-136FKFW1/,не требуется,да,да,,не требуется,,OK; low-res alternatives rejected,removed: MirCli/Hisense official dealer certificate | removed: MirCli/Hisense authorized service certificate | 38 low-resolution images rejected,completed,completed
07,AVWW-154FKFW1,W HEAT RECOVERY,W HEAT RECOVERY/AVWW-154FKFW1,3,да,https://docs.breez.ru/catalog/hisense/naruzhye-bloky-hi-smart-w-heat/naruzhye-bloky-hi-smart-w-heat-bim-model.zip,Excel MORE_PHOTO | https://mircli.ru/Hisense-AVW-27HJFAE1/ | https://mircli.ru/Hisense-AVW-42HJFAE1/ | https://mircli.ru/Hisense-AVWW-154FKFW1/,не требуется,да,да,,не требуется,,OK; low-res alternatives rejected,removed: MirCli/Hisense official dealer certificate | removed: MirCli/Hisense authorized service certificate | 38 low-resolution images rejected,completed,completed
07,AVWW-170FKFW1,W HEAT RECOVERY,W HEAT RECOVERY/AVWW-170FKFW1,3,да,https://docs.breez.ru/catalog/hisense/naruzhye-bloky-hi-smart-w-heat/naruzhye-bloky-hi-smart-w-heat-bim-model.zip,Excel MORE_PHOTO | https://mircli.ru/Hisense-AVW-27HJFAE1/ | https://mircli.ru/Hisense-AVW-42HJFAE1/ | https://mircli.ru/Hisense-AVWW-170FKFW1/,не требуется,да,да,,не требуется,,OK; low-res alternatives rejected,removed: MirCli/Hisense official dealer certificate | removed: MirCli/Hisense authorized service certificate | 46 low-resolution images rejected,completed,completed
07,AVWW-190FKFW1,W HEAT RECOVERY,W HEAT RECOVERY/AVWW-190FKFW1,3,да,https://docs.breez.ru/catalog/hisense/naruzhye-bloky-hi-smart-w-heat/naruzhye-bloky-hi-smart-w-heat-bim-model.zip,Excel MORE_PHOTO | https://mircli.ru/Hisense-AVW-27HJFAE1/ | https://mircli.ru/Hisense-AVW-42HJFAE1/ | https://mircli.ru/Hisense-AVWW-190FKFW1/,не требуется,да,да,,не требуется,,OK; low-res alternatives rejected,removed: MirCli/Hisense official dealer certificate | removed: MirCli/Hisense authorized service certificate | 46 low-resolution images rejected,completed,completed
08,MACS-I-C35P2C/MACS-I-CSPС2,MACS,MACS/MACS-I-C35P2C-MACS-I-CSPС2,2,да,https://docs.breez.ru/catalog/royal-clima/casset-fankoyl-macs-i-c/casset-fankoyl-macs-i-c-instruction.pdf,Excel MORE_PHOTO | https://iclim.ru/catalog/promyshlennye_konditsionery/fankoyly/royal_clima_macs_i_c35p2c/,нет,нет,не требуется,,да (панель видна на точном рендере),,OK,separate panel-only render not found; panel is visibly present in exact-model render,completed,completed
08,MACS-I-C45P2С/MACS-I-CSPС2,MACS,MACS/MACS-I-C45P2С-MACS-I-CSPС2,2,да,https://docs.breez.ru/catalog/royal-clima/casset-fankoyl-macs-i-c/casset-fankoyl-macs-i-c-instruction.pdf,Excel MORE_PHOTO | https://royal-clima.com.ru/macs-i-c45p2c,нет,нет,не требуется,,да (панель видна на точном рендере),,OK,separate panel-only render not found; exact-model product render added after targeted second pass,completed,completed
08,MACS-I-C51P2С/MACS-I-CSPС2,MACS,MACS/MACS-I-C51P2С-MACS-I-CSPС2,2,да,https://docs.breez.ru/catalog/royal-clima/casset-fankoyl-macs-i-c/casset-fankoyl-macs-i-c-instruction.pdf,Excel MORE_PHOTO | https://toplan.ru/royal-clima-macs-i-c51p2c.html,нет,нет,не требуется,,да (панель видна на точном рендере),,OK,separate panel-only render not found; exact-model product render added after targeted second pass,completed,completed
08,MACS-I-C61P2/MACS-I-CSP2,MACS,MACS/MACS-I-C61P2-MACS-I-CSP2,2,да,https://docs.breez.ru/catalog/royal-clima/casset-fankoyl-macs-i-c/casset-fankoyl-macs-i-c-instruction.pdf,Excel MORE_PHOTO | https://iclim.ru/catalog/promyshlennye_konditsionery/fankoyly/royal_clima_macs_i_c61p2/,нет,нет,не требуется,,да (панель видна на точном рендере),,OK,separate panel-only render not found; panel is visibly present in exact-model render,completed,completed
08,MACS-I-C81P2/MACS-I-CSP2,MACS,MACS/MACS-I-C81P2-MACS-I-CSP2,2,да,https://docs.breez.ru/catalog/royal-clima/casset-fankoyl-macs-i-c/casset-fankoyl-macs-i-c-instruction.pdf,Excel MORE_PHOTO | https://iclim.ru/catalog/promyshlennye_konditsionery/fankoyly/royal_clima_macs_i_c81p2/,нет,нет,не требуется,,да (панель видна на точном рендере),,OK,separate panel-only render not found; panel is visibly present in exact-model render,completed,completed
08,MACS-I-C101P2/MACS-I-CSP2,MACS,MACS/MACS-I-C101P2-MACS-I-CSP2,2,да,https://docs.breez.ru/catalog/royal-clima/casset-fankoyl-macs-i-c/casset-fankoyl-macs-i-c-instruction.pdf,Excel MORE_PHOTO | https://iclim.ru/catalog/promyshlennye_konditsionery/fankoyly/royal_clima_macs_i_c101p2/,нет,нет,не требуется,,да (панель видна на точном рендере),,OK,separate panel-only render not found; panel is visibly present in exact-model render,completed,completed
08,MACS-I-C121P2/MACS-I-CSP2,MACS,MACS/MACS-I-C121P2-MACS-I-CSP2,2,да,https://docs.breez.ru/catalog/royal-clima/casset-fankoyl-macs-i-c/casset-fankoyl-macs-i-c-instruction.pdf,Excel MORE_PHOTO | https://iclim.ru/catalog/promyshlennye_konditsionery/fankoyly/royal_clima_macs_i_c121p2/,нет,нет,не требуется,,да (панель видна на точном рендере),,OK,separate panel-only render not found; panel is visibly present in exact-model render,completed,completed
08,MACS-I-C141P2/MACS-I-CSP2,MACS,MACS/MACS-I-C141P2-MACS-I-CSP2,2,да,https://docs.breez.ru/catalog/royal-clima/casset-fankoyl-macs-i-c/casset-fankoyl-macs-i-c-instruction.pdf,Excel MORE_PHOTO | https://iclim.ru/catalog/promyshlennye_konditsionery/fankoyly/royal_clima_macs_i_c141p2/,нет,нет,не требуется,,да (панель видна на точном рендере),,OK,separate panel-only render not found; panel is visibly present in exact-model render,completed,completed
08,MACS-I-C20P2K,MACS,MACS/MACS-I-C20P2K,2,да,https://docs.breez.ru/catalog/royal-clima/casset-fankoyl-macs-i-c-p2k/casset-fankoyl-macs-i-c-p2k-instruction.pdf,Excel MORE_PHOTO | https://iclim.ru/catalog/promyshlennye_konditsionery/fankoyly/royal_clima_macs_i_c20p2k/,нет,нет,не требуется,,не требуется,,OK,exact model render added; no additional independent angle found,completed,completed
08,MACS-I-C28P2K,MACS,MACS/MACS-I-C28P2K,2,да,https://docs.breez.ru/catalog/royal-clima/casset-fankoyl-macs-i-c-p2k/casset-fankoyl-macs-i-c-p2k-instruction.pdf,Excel MORE_PHOTO | https://iclim.ru/catalog/promyshlennye_konditsionery/fankoyly/royal_clima_macs_i_c28p2k/,нет,нет,не требуется,,не требуется,,OK,exact model render added; no additional independent angle found,completed,completed
08,MACS-I-C35P2K,MACS,MACS/MACS-I-C35P2K,2,да,https://docs.breez.ru/catalog/royal-clima/casset-fankoyl-macs-i-c-p2k/casset-fankoyl-macs-i-c-p2k-instruction.pdf,Excel MORE_PHOTO | https://iclim.ru/catalog/promyshlennye_konditsionery/fankoyly/royal_clima_macs_i_c35p2k/,нет,нет,не требуется,,не требуется,,OK,exact model render added; no additional independent angle found,completed,completed
08,MACS-I-C50P2K,MACS,MACS/MACS-I-C50P2K,2,да,https://docs.breez.ru/catalog/royal-clima/casset-fankoyl-macs-i-c-p2k/casset-fankoyl-macs-i-c-p2k-instruction.pdf,Excel MORE_PHOTO | https://iclim.ru/catalog/promyshlennye_konditsionery/fankoyly/royal_clima_macs_i_c50p2k/,нет,нет,не требуется,,не требуется,,OK,exact model render added; no additional independent angle found,completed,completed
08,MACS-I-C60P2K,MACS,MACS/MACS-I-C60P2K,2,да,https://docs.breez.ru/catalog/royal-clima/casset-fankoyl-macs-i-c-p2k/casset-fankoyl-macs-i-c-p2k-instruction.pdf,Excel MORE_PHOTO | https://iclim.ru/catalog/promyshlennye_konditsionery/fankoyly/royal_clima_macs_i_c60p2k/,нет,нет,не требуется,,не требуется,,OK,exact model render added; no additional independent angle found,completed,completed
08,MACS-I-C75P2K,MACS,MACS/MACS-I-C75P2K,2,да,https://docs.breez.ru/catalog/royal-clima/casset-fankoyl-macs-i-c-p2k/casset-fankoyl-macs-i-c-p2k-instruction.pdf,Excel MORE_PHOTO | https://iclim.ru/catalog/promyshlennye_konditsionery/fankoyly/royal_clima_macs_i_c75p2k/,нет,нет,не требуется,,не требуется,,OK,exact model render added; no additional independent angle found,completed,completed
08,MACS-I-C95P2K,MACS,MACS/MACS-I-C95P2K,2,да,https://docs.breez.ru/catalog/royal-clima/casset-fankoyl-macs-i-c-p2k/casset-fankoyl-macs-i-c-p2k-instruction.pdf,Excel MORE_PHOTO | https://iclim.ru/catalog/promyshlennye_konditsionery/fankoyly/royal_clima_macs_i_c95p2k/,нет,нет,не требуется,,не требуется,,OK,exact model render added; no additional independent angle found,completed,completed
08,MACS-I-C115P2K,MACS,MACS/MACS-I-C115P2K,2,да,https://docs.breez.ru/catalog/royal-clima/casset-fankoyl-macs-i-c-p2k/casset-fankoyl-macs-i-c-p2k-instruction.pdf,Excel MORE_PHOTO | https://iclim.ru/catalog/promyshlennye_konditsionery/fankoyly/royal_clima_macs_i_c115p2k/,нет,нет,не требуется,,не требуется,,OK,exact model render added; no additional independent angle found,completed,completed
08,MACS-I-C130P2K,MACS,MACS/MACS-I-C130P2K,2,да,https://docs.breez.ru/catalog/royal-clima/casset-fankoyl-macs-i-c-p2k/casset-fankoyl-macs-i-c-p2k-instruction.pdf,Excel MORE_PHOTO | https://iclim.ru/catalog/promyshlennye_konditsionery/fankoyly/royal_clima_macs_i_c130p2k/,нет,нет,не требуется,,не требуется,,OK,exact model render added; no additional independent angle found,completed,completed
08,MACS-I-C25P4K,MACS,MACS/MACS-I-C25P4K,2,да,https://docs.breez.ru/catalog/royal-clima/casset-fankoyl-macs-i-c-p4k/casset-fankoyl-macs-i-c-p4k-instruction.pdf,Excel MORE_PHOTO | https://iclim.ru/catalog/promyshlennye_konditsionery/fankoyly/royal_clima_macs_i_c25p4k/,нет,нет,не требуется,,не требуется,,OK,exact model render added; no additional independent angle found,completed,completed
08,MACS-I-C30P4K,MACS,MACS/MACS-I-C30P4K,2,да,https://docs.breez.ru/catalog/royal-clima/casset-fankoyl-macs-i-c-p4k/casset-fankoyl-macs-i-c-p4k-instruction.pdf,Excel MORE_PHOTO | https://iclim.ru/catalog/promyshlennye_konditsionery/fankoyly/royal_clima_macs_i_c30p4k/,нет,нет,не требуется,,не требуется,,OK,exact model render added; no additional independent angle found,completed,completed
08,MACS-I-C40P4K,MACS,MACS/MACS-I-C40P4K,2,да,https://docs.breez.ru/catalog/royal-clima/casset-fankoyl-macs-i-c-p4k/casset-fankoyl-macs-i-c-p4k-instruction.pdf,Excel MORE_PHOTO | https://iclim.ru/catalog/promyshlennye_konditsionery/fankoyly/royal_clima_macs_i_c40p4k/,нет,нет,не требуется,,не требуется,,OK,exact model render added; no additional independent angle found,completed,completed
08,MACS-I-C50P4K,MACS,MACS/MACS-I-C50P4K,2,да,https://docs.breez.ru/catalog/royal-clima/casset-fankoyl-macs-i-c-p4k/casset-fankoyl-macs-i-c-p4k-instruction.pdf,Excel MORE_PHOTO | https://iclim.ru/catalog/promyshlennye_konditsionery/fankoyly/royal_clima_macs_i_c50p4k/,нет,нет,не требуется,,не требуется,,OK,exact model render added; no additional independent angle found,completed,completed
08,MACS-I-C60P4K,MACS,MACS/MACS-I-C60P4K,2,да,https://docs.breez.ru/catalog/royal-clima/casset-fankoyl-macs-i-c-p4k/casset-fankoyl-macs-i-c-p4k-instruction.pdf,Excel MORE_PHOTO | https://iclim.ru/catalog/promyshlennye_konditsionery/fankoyly/royal_clima_macs_i_c60p4k/,нет,нет,не требуется,,не требуется,,OK,exact model render added; no additional independent angle found,completed,completed
08,MACS-I-C80P4K,MACS,MACS/MACS-I-C80P4K,2,да,https://docs.breez.ru/catalog/royal-clima/casset-fankoyl-macs-i-c-p4k/casset-fankoyl-macs-i-c-p4k-instruction.pdf,Excel MORE_PHOTO | https://iclim.ru/catalog/promyshlennye_konditsionery/fankoyly/royal_clima_macs_i_c80p4k/,нет,нет,не требуется,,не требуется,,OK,exact model render added; no additional independent angle found,completed,completed
08,MACS-I-C90P4K,MACS,MACS/MACS-I-C90P4K,2,да,https://docs.breez.ru/catalog/royal-clima/casset-fankoyl-macs-i-c-p4k/casset-fankoyl-macs-i-c-p4k-instruction.pdf,Excel MORE_PHOTO | https://iclim.ru/catalog/promyshlennye_konditsionery/fankoyly/royal_clima_macs_i_c90p4k/,нет,нет,не требуется,,не требуется,,OK,exact model render added; no additional independent angle found,completed,completed
08,MACS-I-C110P4K,MACS,MACS/MACS-I-C110P4K,2,да,https://docs.breez.ru/catalog/royal-clima/casset-fankoyl-macs-i-c-p4k/casset-fankoyl-macs-i-c-p4k-instruction.pdf,Excel MORE_PHOTO | https://iclim.ru/catalog/promyshlennye_konditsionery/fankoyly/royal_clima_macs_i_c110p4k/,нет,нет,не требуется,,не требуется,,OK,exact model render added; no additional independent angle found,completed,completed
08,MACS-I-C20P21K,MACS,MACS/MACS-I-C20P21K,2,да,https://breez.ru/products/casset-odnopotochn-fankoyl-macs-i-cpk/,Excel MORE_PHOTO | https://iclim.ru/catalog/promyshlennye_konditsionery/fankoyly/royal_clima_macs_i_c20p21k/,нет,нет,не требуется,,не требуется,,OK,exact model render added; no additional independent angle found,completed,completed
08,MACS-I-C25P21K,MACS,MACS/MACS-I-C25P21K,2,да,https://breez.ru/products/casset-odnopotochn-fankoyl-macs-i-cpk/,Excel MORE_PHOTO | https://iclim.ru/catalog/promyshlennye_konditsionery/fankoyly/royal_clima_macs_i_c25p21k/,нет,нет,не требуется,,не требуется,,OK,exact model render added; no additional independent angle found,completed,completed
08,MACS-I-C35P21K,MACS,MACS/MACS-I-C35P21K,2,да,https://breez.ru/products/casset-odnopotochn-fankoyl-macs-i-cpk/,Excel MORE_PHOTO | https://iclim.ru/catalog/promyshlennye_konditsionery/fankoyly/royal_clima_macs_i_c35p21k/,нет,нет,не требуется,,не требуется,,OK,exact model render added; no additional independent angle found,completed,completed
08,MACS-I-C45P21K,MACS,MACS/MACS-I-C45P21K,2,да,https://breez.ru/products/casset-odnopotochn-fankoyl-macs-i-cpk/,Excel MORE_PHOTO | https://iclim.ru/catalog/promyshlennye_konditsionery/fankoyly/royal_clima_macs_i_c45p21k/,нет,нет,не требуется,,не требуется,,OK,exact model render added; no additional independent angle found,completed,completed
08,MACS-I-C55P21K,MACS,MACS/MACS-I-C55P21K,2,да,https://breez.ru/products/casset-odnopotochn-fankoyl-macs-i-cpk/,Excel MORE_PHOTO | https://iclim.ru/catalog/promyshlennye_konditsionery/fankoyly/royal_clima_macs_i_c55p21k/,нет,нет,не требуется,,не требуется,,OK,exact model render added; no additional independent angle found,completed,completed
09,MACS-I-W27P2K,MACS,MACS/MACS-I-W27P2K,5,да,https://docs.breez.ru/catalog/royal-clima/nasten-fankoyl-macs-i-wp2k/nasten-fankoyl-macs-i-wp2k-instruction.pdf,Excel MORE_PHOTO,нет,нет,не требуется,,не требуется,,OK,Targeted exact-model audit checked iClim and Royal Clima pages. Floor/ceiling models with different physical widths reuse the same dealer renders; unsafe generic duplicates were not added.,completed,completed
09,MACS-I-W29P2K,MACS,MACS/MACS-I-W29P2K,5,да,https://docs.breez.ru/catalog/royal-clima/nasten-fankoyl-macs-i-wp2k/nasten-fankoyl-macs-i-wp2k-instruction.pdf,Excel MORE_PHOTO,нет,нет,не требуется,,не требуется,,OK,Targeted exact-model audit checked iClim and Royal Clima pages. Floor/ceiling models with different physical widths reuse the same dealer renders; unsafe generic duplicates were not added.,completed,completed
09,MACS-I-W38P2K,MACS,MACS/MACS-I-W38P2K,5,да,https://docs.breez.ru/catalog/royal-clima/nasten-fankoyl-macs-i-wp2k/nasten-fankoyl-macs-i-wp2k-instruction.pdf,Excel MORE_PHOTO,нет,нет,не требуется,,не требуется,,OK,Targeted exact-model audit checked iClim and Royal Clima pages. Floor/ceiling models with different physical widths reuse the same dealer renders; unsafe generic duplicates were not added.,completed,completed
09,MACS-I-W45P2K,MACS,MACS/MACS-I-W45P2K,5,да,https://docs.breez.ru/catalog/royal-clima/nasten-fankoyl-macs-i-wp2k/nasten-fankoyl-macs-i-wp2k-instruction.pdf,Excel MORE_PHOTO,нет,нет,не требуется,,не требуется,,OK,Targeted exact-model audit checked iClim and Royal Clima pages. Floor/ceiling models with different physical widths reuse the same dealer renders; unsafe generic duplicates were not added.,completed,completed
09,MACS-I-W54P2K,MACS,MACS/MACS-I-W54P2K,5,да,https://docs.breez.ru/catalog/royal-clima/nasten-fankoyl-macs-i-wp2k/nasten-fankoyl-macs-i-wp2k-instruction.pdf,Excel MORE_PHOTO,нет,нет,не требуется,,не требуется,,OK,Targeted exact-model audit checked iClim and Royal Clima pages. Floor/ceiling models with different physical widths reuse the same dealer renders; unsafe generic duplicates were not added.,completed,completed
09,MACS-I-F20P2KU,MACS,MACS/MACS-I-F20P2KU,1,да,https://docs.breez.ru/catalog/royal-clima/pol-potolok-fankoyl-macs-i-f-2k/pol-potolok-fankoyl-macs-i-f-2k-instruction.pdf,Excel MORE_PHOTO,нет,нет,не требуется,,не требуется,,OK; low-res alternatives rejected,Targeted exact-model audit checked iClim and Royal Clima pages. Floor/ceiling models with different physical widths reuse the same dealer renders; unsafe generic duplicates were not added. | only 1 usable source images; 1 low-resolution images rejected,completed,completed
09,MACS-I-F30P2KU,MACS,MACS/MACS-I-F30P2KU,1,да,https://docs.breez.ru/catalog/royal-clima/pol-potolok-fankoyl-macs-i-f-2k/pol-potolok-fankoyl-macs-i-f-2k-instruction.pdf,Excel MORE_PHOTO,нет,нет,не требуется,,не требуется,,OK; low-res alternatives rejected,Targeted exact-model audit checked iClim and Royal Clima pages. Floor/ceiling models with different physical widths reuse the same dealer renders; unsafe generic duplicates were not added. | only 1 usable source images; 1 low-resolution images rejected,completed,completed
09,MACS-I-F40P2KU,MACS,MACS/MACS-I-F40P2KU,1,да,https://docs.breez.ru/catalog/royal-clima/pol-potolok-fankoyl-macs-i-f-2k/pol-potolok-fankoyl-macs-i-f-2k-instruction.pdf,Excel MORE_PHOTO,нет,нет,не требуется,,не требуется,,OK; low-res alternatives rejected,Targeted exact-model audit checked iClim and Royal Clima pages. Floor/ceiling models with different physical widths reuse the same dealer renders; unsafe generic duplicates were not added. | only 1 usable source images; 1 low-resolution images rejected,completed,completed
09,MACS-I-F45P2KU,MACS,MACS/MACS-I-F45P2KU,1,да,https://docs.breez.ru/catalog/royal-clima/pol-potolok-fankoyl-macs-i-f-2k/pol-potolok-fankoyl-macs-i-f-2k-instruction.pdf,Excel MORE_PHOTO,нет,нет,не требуется,,не требуется,,OK; low-res alternatives rejected,Targeted exact-model audit checked iClim and Royal Clima pages. Floor/ceiling models with different physical widths reuse the same dealer renders; unsafe generic duplicates were not added. | only 1 usable source images; 1 low-resolution images rejected,completed,completed
09,MACS-I-F56P2KU,MACS,MACS/MACS-I-F56P2KU,1,да,https://docs.breez.ru/catalog/royal-clima/pol-potolok-fankoyl-macs-i-f-2k/pol-potolok-fankoyl-macs-i-f-2k-instruction.pdf,Excel MORE_PHOTO,нет,нет,не требуется,,не требуется,,OK; low-res alternatives rejected,Targeted exact-model audit checked iClim and Royal Clima pages. Floor/ceiling models with different physical widths reuse the same dealer renders; unsafe generic duplicates were not added. | only 1 usable source images; 1 low-resolution images rejected,completed,completed
09,MACS-I-F75P2KU,MACS,MACS/MACS-I-F75P2KU,1,да,https://docs.breez.ru/catalog/royal-clima/pol-potolok-fankoyl-macs-i-f-2k/pol-potolok-fankoyl-macs-i-f-2k-instruction.pdf,Excel MORE_PHOTO,нет,нет,не требуется,,не требуется,,OK; low-res alternatives rejected,Targeted exact-model audit checked iClim and Royal Clima pages. Floor/ceiling models with different physical widths reuse the same dealer renders; unsafe generic duplicates were not added. | only 1 usable source images; 1 low-resolution images rejected,completed,completed
09,MACS-I-F90P2KU,MACS,MACS/MACS-I-F90P2KU,1,да,https://docs.breez.ru/catalog/royal-clima/pol-potolok-fankoyl-macs-i-f-2k/pol-potolok-fankoyl-macs-i-f-2k-instruction.pdf,Excel MORE_PHOTO,нет,нет,не требуется,,не требуется,,OK; low-res alternatives rejected,Targeted exact-model audit checked iClim and Royal Clima pages. Floor/ceiling models with different physical widths reuse the same dealer renders; unsafe generic duplicates were not added. | only 1 usable source images; 1 low-resolution images rejected,completed,completed
09,MACS-I-F110P2KU,MACS,MACS/MACS-I-F110P2KU,1,да,https://docs.breez.ru/catalog/royal-clima/pol-potolok-fankoyl-macs-i-f-2k/pol-potolok-fankoyl-macs-i-f-2k-instruction.pdf,Excel MORE_PHOTO,нет,нет,не требуется,,не требуется,,OK; low-res alternatives rejected,Targeted exact-model audit checked iClim and Royal Clima pages. Floor/ceiling models with different physical widths reuse the same dealer renders; unsafe generic duplicates were not added. | only 1 usable source images; 1 low-resolution images rejected,completed,completed
09,MACS-I-F130P2KU,MACS,MACS/MACS-I-F130P2KU,1,да,https://docs.breez.ru/catalog/royal-clima/pol-potolok-fankoyl-macs-i-f-2k/pol-potolok-fankoyl-macs-i-f-2k-instruction.pdf,Excel MORE_PHOTO,нет,нет,не требуется,,не требуется,,OK; low-res alternatives rejected,Targeted exact-model audit checked iClim and Royal Clima pages. Floor/ceiling models with different physical widths reuse the same dealer renders; unsafe generic duplicates were not added. | only 1 usable source images; 1 low-resolution images rejected,completed,completed
10,MACS-I-D80P4K,MACS,MACS/MACS-I-D80P4K,1,да,https://docs.breez.ru/catalog/royal-clima/kanal-2tr-fankoyl-macs-i-d-p4k/kanal-2tr-fankoyl-macs-i-d-p4k-instruction.pdf,Excel MORE_PHOTO,да,нет,не требуется,,не требуется,,OK,Targeted exact-model audit checked iClim and Royal Clima pages. Only one unique clean product candidate was found per exact duct/fan-coil model; reused generic family renders were not used as extra angles. | only 1 usable source images,completed,completed
10,MACS-I-D100P4K,MACS,MACS/MACS-I-D100P4K,1,да,https://docs.breez.ru/catalog/royal-clima/kanal-2tr-fankoyl-macs-i-d-p4k/kanal-2tr-fankoyl-macs-i-d-p4k-instruction.pdf,Excel MORE_PHOTO,да,нет,не требуется,,не требуется,,OK,Targeted exact-model audit checked iClim and Royal Clima pages. Only one unique clean product candidate was found per exact duct/fan-coil model; reused generic family renders were not used as extra angles. | only 1 usable source images,completed,completed
10,MACS-I-D120P4K,MACS,MACS/MACS-I-D120P4K,1,да,https://docs.breez.ru/catalog/royal-clima/kanal-2tr-fankoyl-macs-i-d-p4k/kanal-2tr-fankoyl-macs-i-d-p4k-instruction.pdf,Excel MORE_PHOTO,да,нет,не требуется,,не требуется,,OK,Targeted exact-model audit checked iClim and Royal Clima pages. Only one unique clean product candidate was found per exact duct/fan-coil model; reused generic family renders were not used as extra angles. | only 1 usable source images,completed,completed
10,MACS-I-D140P4K,MACS,MACS/MACS-I-D140P4K,1,да,https://docs.breez.ru/catalog/royal-clima/kanal-2tr-fankoyl-macs-i-d-p4k/kanal-2tr-fankoyl-macs-i-d-p4k-instruction.pdf,Excel MORE_PHOTO,да,нет,не требуется,,не требуется,,OK,Targeted exact-model audit checked iClim and Royal Clima pages. Only one unique clean product candidate was found per exact duct/fan-coil model; reused generic family renders were not used as extra angles. | only 1 usable source images,completed,completed
10,MACS-I-VD20P2K,MACS,MACS/MACS-I-VD20P2K,1,да,https://docs.breez.ru/catalog/royal-clima/kanal-2tr-fankoyl-macs-i-vd-p2k/kanal-2tr-fankoyl-macs-i-vd-p2k-instruction.pdf,Excel MORE_PHOTO,да,нет,не требуется,,не требуется,,OK,Targeted exact-model audit checked iClim and Royal Clima pages. Only one unique clean product candidate was found per exact duct/fan-coil model; reused generic family renders were not used as extra angles. | only 1 usable source images,completed,completed
10,MACS-I-VD30P2K,MACS,MACS/MACS-I-VD30P2K,1,да,https://docs.breez.ru/catalog/royal-clima/kanal-2tr-fankoyl-macs-i-vd-p2k/kanal-2tr-fankoyl-macs-i-vd-p2k-instruction.pdf,Excel MORE_PHOTO,да,нет,не требуется,,не требуется,,OK,Targeted exact-model audit checked iClim and Royal Clima pages. Only one unique clean product candidate was found per exact duct/fan-coil model; reused generic family renders were not used as extra angles. | only 1 usable source images,completed,completed
10,MACS-I-VD40P2K,MACS,MACS/MACS-I-VD40P2K,1,да,https://docs.breez.ru/catalog/royal-clima/kanal-2tr-fankoyl-macs-i-vd-p2k/kanal-2tr-fankoyl-macs-i-vd-p2k-instruction.pdf,Excel MORE_PHOTO,да,нет,не требуется,,не требуется,,OK,Targeted exact-model audit checked iClim and Royal Clima pages. Only one unique clean product candidate was found per exact duct/fan-coil model; reused generic family renders were not used as extra angles. | only 1 usable source images,completed,completed
10,MACS-I-VD45P2K,MACS,MACS/MACS-I-VD45P2K,1,да,https://docs.breez.ru/catalog/royal-clima/kanal-2tr-fankoyl-macs-i-vd-p2k/kanal-2tr-fankoyl-macs-i-vd-p2k-instruction.pdf,Excel MORE_PHOTO,да,нет,не требуется,,не требуется,,OK,Targeted exact-model audit checked iClim and Royal Clima pages. Only one unique clean product candidate was found per exact duct/fan-coil model; reused generic family renders were not used as extra angles. | only 1 usable source images,completed,completed
10,MACS-I-VD56P2K,MACS,MACS/MACS-I-VD56P2K,1,да,https://docs.breez.ru/catalog/royal-clima/kanal-2tr-fankoyl-macs-i-vd-p2k/kanal-2tr-fankoyl-macs-i-vd-p2k-instruction.pdf,Excel MORE_PHOTO,да,нет,не требуется,,не требуется,,OK,Targeted exact-model audit checked iClim and Royal Clima pages. Only one unique clean product candidate was found per exact duct/fan-coil model; reused generic family renders were not used as extra angles. | only 1 usable source images,completed,completed
10,MACS-I-VD80P2K,MACS,MACS/MACS-I-VD80P2K,1,да,https://docs.breez.ru/catalog/royal-clima/kanal-2tr-fankoyl-macs-i-vd-p2k/kanal-2tr-fankoyl-macs-i-vd-p2k-instruction.pdf,Excel MORE_PHOTO,да,нет,не требуется,,не требуется,,OK,Targeted exact-model audit checked iClim and Royal Clima pages. Only one unique clean product candidate was found per exact duct/fan-coil model; reused generic family renders were not used as extra angles. | only 1 usable source images,completed,completed
10,MACS-I-VD100P2K,MACS,MACS/MACS-I-VD100P2K,1,да,https://docs.breez.ru/catalog/royal-clima/kanal-2tr-fankoyl-macs-i-vd-p2k/kanal-2tr-fankoyl-macs-i-vd-p2k-instruction.pdf,Excel MORE_PHOTO,да,нет,не требуется,,не требуется,,OK,Targeted exact-model audit checked iClim and Royal Clima pages. Only one unique clean product candidate was found per exact duct/fan-coil model; reused generic family renders were not used as extra angles. | only 1 usable source images,completed,completed
10,MACS-I-VD120P2K,MACS,MACS/MACS-I-VD120P2K,1,да,https://docs.breez.ru/catalog/royal-clima/kanal-2tr-fankoyl-macs-i-vd-p2k/kanal-2tr-fankoyl-macs-i-vd-p2k-instruction.pdf,Excel MORE_PHOTO,да,нет,не требуется,,не требуется,,OK,Targeted exact-model audit checked iClim and Royal Clima pages. Only one unique clean product candidate was found per exact duct/fan-coil model; reused generic family renders were not used as extra angles. | only 1 usable source images,completed,completed
10,MACS-I-VD140P2K,MACS,MACS/MACS-I-VD140P2K,1,да,https://docs.breez.ru/catalog/royal-clima/kanal-2tr-fankoyl-macs-i-vd-p2k/kanal-2tr-fankoyl-macs-i-vd-p2k-instruction.pdf,Excel MORE_PHOTO,да,нет,не требуется,,не требуется,,OK,Targeted exact-model audit checked iClim and Royal Clima pages. Only one unique clean product candidate was found per exact duct/fan-coil model; reused generic family renders were not used as extra angles. | only 1 usable source images,completed,completed
10,MACS-I-VD20P4K,MACS,MACS/MACS-I-VD20P4K,1,да,https://docs.breez.ru/catalog/royal-clima/kanal-2tr-fankoyl-macs-i-vd-p4k/kanal-2tr-fankoyl-macs-i-vd-p4k-instruction.pdf,Excel MORE_PHOTO,да,нет,не требуется,,не требуется,,OK,Targeted exact-model audit checked iClim and Royal Clima pages. Only one unique clean product candidate was found per exact duct/fan-coil model; reused generic family renders were not used as extra angles. | only 1 usable source images,completed,completed
10,MACS-I-VD30P4K,MACS,MACS/MACS-I-VD30P4K,1,да,https://docs.breez.ru/catalog/royal-clima/kanal-2tr-fankoyl-macs-i-vd-p4k/kanal-2tr-fankoyl-macs-i-vd-p4k-instruction.pdf,Excel MORE_PHOTO,да,нет,не требуется,,не требуется,,OK,Targeted exact-model audit checked iClim and Royal Clima pages. Only one unique clean product candidate was found per exact duct/fan-coil model; reused generic family renders were not used as extra angles. | only 1 usable source images,completed,completed
10,MACS-I-VD40P4K,MACS,MACS/MACS-I-VD40P4K,1,да,https://docs.breez.ru/catalog/royal-clima/kanal-2tr-fankoyl-macs-i-vd-p4k/kanal-2tr-fankoyl-macs-i-vd-p4k-instruction.pdf,Excel MORE_PHOTO,да,нет,не требуется,,не требуется,,OK,Targeted exact-model audit checked iClim and Royal Clima pages. Only one unique clean product candidate was found per exact duct/fan-coil model; reused generic family renders were not used as extra angles. | only 1 usable source images,completed,completed
10,MACS-I-VD45P4K,MACS,MACS/MACS-I-VD45P4K,1,да,https://docs.breez.ru/catalog/royal-clima/kanal-2tr-fankoyl-macs-i-vd-p4k/kanal-2tr-fankoyl-macs-i-vd-p4k-instruction.pdf,Excel MORE_PHOTO,да,нет,не требуется,,не требуется,,OK,Targeted exact-model audit checked iClim and Royal Clima pages. Only one unique clean product candidate was found per exact duct/fan-coil model; reused generic family renders were not used as extra angles. | only 1 usable source images,completed,completed
10,MACS-I-VD56P4K,MACS,MACS/MACS-I-VD56P4K,1,да,https://docs.breez.ru/catalog/royal-clima/kanal-2tr-fankoyl-macs-i-vd-p4k/kanal-2tr-fankoyl-macs-i-vd-p4k-instruction.pdf,Excel MORE_PHOTO,да,нет,не требуется,,не требуется,,OK,Targeted exact-model audit checked iClim and Royal Clima pages. Only one unique clean product candidate was found per exact duct/fan-coil model; reused generic family renders were not used as extra angles. | only 1 usable source images,completed,completed
10,MACS-I-VD80P4K,MACS,MACS/MACS-I-VD80P4K,1,да,https://docs.breez.ru/catalog/royal-clima/kanal-2tr-fankoyl-macs-i-vd-p4k/kanal-2tr-fankoyl-macs-i-vd-p4k-instruction.pdf,Excel MORE_PHOTO,да,нет,не требуется,,не требуется,,OK,Targeted exact-model audit checked iClim and Royal Clima pages. Only one unique clean product candidate was found per exact duct/fan-coil model; reused generic family renders were not used as extra angles. | only 1 usable source images,completed,completed
10,MACS-I-VD100P4K,MACS,MACS/MACS-I-VD100P4K,1,да,https://docs.breez.ru/catalog/royal-clima/kanal-2tr-fankoyl-macs-i-vd-p4k/kanal-2tr-fankoyl-macs-i-vd-p4k-instruction.pdf,Excel MORE_PHOTO,да,нет,не требуется,,не требуется,,OK,Targeted exact-model audit checked iClim and Royal Clima pages. Only one unique clean product candidate was found per exact duct/fan-coil model; reused generic family renders were not used as extra angles. | only 1 usable source images,completed,completed
10,MACS-I-VD120P4K,MACS,MACS/MACS-I-VD120P4K,1,да,https://docs.breez.ru/catalog/royal-clima/kanal-2tr-fankoyl-macs-i-vd-p4k/kanal-2tr-fankoyl-macs-i-vd-p4k-instruction.pdf,Excel MORE_PHOTO,да,нет,не требуется,,не требуется,,OK,Targeted exact-model audit checked iClim and Royal Clima pages. Only one unique clean product candidate was found per exact duct/fan-coil model; reused generic family renders were not used as extra angles. | only 1 usable source images,completed,completed
10,MACS-I-VD140P4K,MACS,MACS/MACS-I-VD140P4K,1,да,https://docs.breez.ru/catalog/royal-clima/kanal-2tr-fankoyl-macs-i-vd-p4k/kanal-2tr-fankoyl-macs-i-vd-p4k-instruction.pdf,Excel MORE_PHOTO,да,нет,не требуется,,не требуется,,OK,Targeted exact-model audit checked iClim and Royal Clima pages. Only one unique clean product candidate was found per exact duct/fan-coil model; reused generic family renders were not used as extra angles. | only 1 usable source images,completed,completed
10,MACS-I-D20P2KU,MACS,MACS/MACS-I-D20P2KU,1,да,https://docs.breez.ru/catalog/royal-clima/kanal-fankoyl-macs-i-d-p2k/kanal-fankoyl-macs-i-d-p2k-instruction.pdf,Excel MORE_PHOTO,да,нет,не требуется,,не требуется,,OK,Targeted exact-model audit checked iClim and Royal Clima pages. Only one unique clean product candidate was found per exact duct/fan-coil model; reused generic family renders were not used as extra angles. | only 1 usable source images,completed,completed
11,MACS-I-D30P2KU,MACS,MACS/MACS-I-D30P2KU,1,да,https://docs.breez.ru/catalog/royal-clima/kanal-fankoyl-macs-i-d-p2k/kanal-fankoyl-macs-i-d-p2k-instruction.pdf,Excel MORE_PHOTO,да,нет,не требуется,,не требуется,,OK,Targeted exact-model audit checked iClim and Royal Clima pages. Only one unique clean product candidate was found per exact duct/fan-coil model; reused generic family renders were not used as extra angles. | only 1 usable source images,completed,completed
11,MACS-I-D40P2KU,MACS,MACS/MACS-I-D40P2KU,1,да,https://docs.breez.ru/catalog/royal-clima/kanal-fankoyl-macs-i-d-p2k/kanal-fankoyl-macs-i-d-p2k-instruction.pdf,Excel MORE_PHOTO,да,нет,не требуется,,не требуется,,OK,Targeted exact-model audit checked iClim and Royal Clima pages. Only one unique clean product candidate was found per exact duct/fan-coil model; reused generic family renders were not used as extra angles. | only 1 usable source images,completed,completed
11,MACS-I-D45P2KU,MACS,MACS/MACS-I-D45P2KU,1,да,https://docs.breez.ru/catalog/royal-clima/kanal-fankoyl-macs-i-d-p2k/kanal-fankoyl-macs-i-d-p2k-instruction.pdf,Excel MORE_PHOTO,да,нет,не требуется,,не требуется,,OK,Targeted exact-model audit checked iClim and Royal Clima pages. Only one unique clean product candidate was found per exact duct/fan-coil model; reused generic family renders were not used as extra angles. | only 1 usable source images,completed,completed
11,MACS-I-D56P2KU,MACS,MACS/MACS-I-D56P2KU,1,да,https://docs.breez.ru/catalog/royal-clima/kanal-fankoyl-macs-i-d-p2k/kanal-fankoyl-macs-i-d-p2k-instruction.pdf,Excel MORE_PHOTO,да,нет,не требуется,,не требуется,,OK,Targeted exact-model audit checked iClim and Royal Clima pages. Only one unique clean product candidate was found per exact duct/fan-coil model; reused generic family renders were not used as extra angles. | only 1 usable source images,completed,completed
11,MACS-I-D80P2KU,MACS,MACS/MACS-I-D80P2KU,1,да,https://docs.breez.ru/catalog/royal-clima/kanal-fankoyl-macs-i-d-p2k/kanal-fankoyl-macs-i-d-p2k-instruction.pdf,Excel MORE_PHOTO,да,нет,не требуется,,не требуется,,OK,Targeted exact-model audit checked iClim and Royal Clima pages. Only one unique clean product candidate was found per exact duct/fan-coil model; reused generic family renders were not used as extra angles. | only 1 usable source images,completed,completed
11,MACS-I-D100P2KU,MACS,MACS/MACS-I-D100P2KU,1,да,https://docs.breez.ru/catalog/royal-clima/kanal-fankoyl-macs-i-d-p2k/kanal-fankoyl-macs-i-d-p2k-instruction.pdf,Excel MORE_PHOTO,да,нет,не требуется,,не требуется,,OK,Targeted exact-model audit checked iClim and Royal Clima pages. Only one unique clean product candidate was found per exact duct/fan-coil model; reused generic family renders were not used as extra angles. | only 1 usable source images,completed,completed
11,MACS-I-D120P2KU,MACS,MACS/MACS-I-D120P2KU,1,да,https://docs.breez.ru/catalog/royal-clima/kanal-fankoyl-macs-i-d-p2k/kanal-fankoyl-macs-i-d-p2k-instruction.pdf,Excel MORE_PHOTO,да,нет,не требуется,,не требуется,,OK,Targeted exact-model audit checked iClim and Royal Clima pages. Only one unique clean product candidate was found per exact duct/fan-coil model; reused generic family renders were not used as extra angles. | only 1 usable source images,completed,completed
11,MACS-I-D140P2KU,MACS,MACS/MACS-I-D140P2KU,1,да,https://docs.breez.ru/catalog/royal-clima/kanal-fankoyl-macs-i-d-p2k/kanal-fankoyl-macs-i-d-p2k-instruction.pdf,Excel MORE_PHOTO,да,нет,не требуется,,не требуется,,OK,Targeted exact-model audit checked iClim and Royal Clima pages. Only one unique clean product candidate was found per exact duct/fan-coil model; reused generic family renders were not used as extra angles. | only 1 usable source images,completed,completed
11,MACS-I-ED21P2K,MACS,MACS/MACS-I-ED21P2K,1,да,https://docs.breez.ru/catalog/royal-clima/visokonaporn-kanal-fankoyl-macs-i-ed-p2k/visokonaporn-kanal-fankoyl-macs-i-ed-p2k-instruction.pdf,Excel MORE_PHOTO,да,нет,не требуется,,не требуется,,OK,Targeted exact-model audit checked iClim and Royal Clima pages. Only one unique clean product candidate was found per exact duct/fan-coil model; reused generic family renders were not used as extra angles. | only 1 usable source images,completed,completed
11,MACS-I-ED31P2K,MACS,MACS/MACS-I-ED31P2K,1,да,https://docs.breez.ru/catalog/royal-clima/visokonaporn-kanal-fankoyl-macs-i-ed-p2k/visokonaporn-kanal-fankoyl-macs-i-ed-p2k-instruction.pdf,Excel MORE_PHOTO,да,нет,не требуется,,не требуется,,OK,Targeted exact-model audit checked iClim and Royal Clima pages. Only one unique clean product candidate was found per exact duct/fan-coil model; reused generic family renders were not used as extra angles. | only 1 usable source images,completed,completed
11,MACS-I-ED41P2K,MACS,MACS/MACS-I-ED41P2K,1,да,https://docs.breez.ru/catalog/royal-clima/visokonaporn-kanal-fankoyl-macs-i-ed-p2k/visokonaporn-kanal-fankoyl-macs-i-ed-p2k-instruction.pdf,Excel MORE_PHOTO,да,нет,не требуется,,не требуется,,OK,Targeted exact-model audit checked iClim and Royal Clima pages. Only one unique clean product candidate was found per exact duct/fan-coil model; reused generic family renders were not used as extra angles. | only 1 usable source images,completed,completed
11,MACS-I-ED46P2K,MACS,MACS/MACS-I-ED46P2K,1,да,https://docs.breez.ru/catalog/royal-clima/visokonaporn-kanal-fankoyl-macs-i-ed-p2k/visokonaporn-kanal-fankoyl-macs-i-ed-p2k-instruction.pdf,Excel MORE_PHOTO,да,нет,не требуется,,не требуется,,OK,Targeted exact-model audit checked iClim and Royal Clima pages. Only one unique clean product candidate was found per exact duct/fan-coil model; reused generic family renders were not used as extra angles. | only 1 usable source images,completed,completed
11,MACS-I-ED56P2K,MACS,MACS/MACS-I-ED56P2K,1,да,https://docs.breez.ru/catalog/royal-clima/visokonaporn-kanal-fankoyl-macs-i-ed-p2k/visokonaporn-kanal-fankoyl-macs-i-ed-p2k-instruction.pdf,Excel MORE_PHOTO,да,нет,не требуется,,не требуется,,OK,Targeted exact-model audit checked iClim and Royal Clima pages. Only one unique clean product candidate was found per exact duct/fan-coil model; reused generic family renders were not used as extra angles. | only 1 usable source images,completed,completed
11,MACS-I-ED81P2K,MACS,MACS/MACS-I-ED81P2K,1,да,https://docs.breez.ru/catalog/royal-clima/visokonaporn-kanal-fankoyl-macs-i-ed-p2k/visokonaporn-kanal-fankoyl-macs-i-ed-p2k-instruction.pdf,Excel MORE_PHOTO,да,нет,не требуется,,не требуется,,OK,Targeted exact-model audit checked iClim and Royal Clima pages. Only one unique clean product candidate was found per exact duct/fan-coil model; reused generic family renders were not used as extra angles. | only 1 usable source images,completed,completed
11,MACS-I-ED96P2K,MACS,MACS/MACS-I-ED96P2K,1,да,https://docs.breez.ru/catalog/royal-clima/visokonaporn-kanal-fankoyl-macs-i-ed-p2k/visokonaporn-kanal-fankoyl-macs-i-ed-p2k-instruction.pdf,Excel MORE_PHOTO,да,нет,не требуется,,не требуется,,OK,Targeted exact-model audit checked iClim and Royal Clima pages. Only one unique clean product candidate was found per exact duct/fan-coil model; reused generic family renders were not used as extra angles. | only 1 usable source images,completed,completed
11,MACS-I-ED111P2K,MACS,MACS/MACS-I-ED111P2K,1,да,https://docs.breez.ru/catalog/royal-clima/visokonaporn-kanal-fankoyl-macs-i-ed-p2k/visokonaporn-kanal-fankoyl-macs-i-ed-p2k-instruction.pdf,Excel MORE_PHOTO,да,нет,не требуется,,не требуется,,OK,Targeted exact-model audit checked iClim and Royal Clima pages. Only one unique clean product candidate was found per exact duct/fan-coil model; reused generic family renders were not used as extra angles. | only 1 usable source images,completed,completed
11,MACS-I-ED131P2K,MACS,MACS/MACS-I-ED131P2K,1,да,https://docs.breez.ru/catalog/royal-clima/visokonaporn-kanal-fankoyl-macs-i-ed-p2k/visokonaporn-kanal-fankoyl-macs-i-ed-p2k-instruction.pdf,Excel MORE_PHOTO,да,нет,не требуется,,не требуется,,OK,Targeted exact-model audit checked iClim and Royal Clima pages. Only one unique clean product candidate was found per exact duct/fan-coil model; reused generic family renders were not used as extra angles. | only 1 usable source images,completed,completed
11,MACS-I-PD61P2K,MACS,MACS/MACS-I-PD61P2K,1,да,https://docs.breez.ru/catalog/royal-clima/visokonaporn-kanal-fankoyl-macs-i-pd/visokonaporn-kanal-fankoyl-macs-i-pd-instruction.pdf,Excel MORE_PHOTO,да,нет,не требуется,,не требуется,,OK,Targeted exact-model audit checked iClim and Royal Clima pages. Only one unique clean product candidate was found per exact duct/fan-coil model; reused generic family renders were not used as extra angles. | only 1 usable source images,completed,completed
11,MACS-I-PD76P2K,MACS,MACS/MACS-I-PD76P2K,1,да,https://docs.breez.ru/catalog/royal-clima/visokonaporn-kanal-fankoyl-macs-i-pd/visokonaporn-kanal-fankoyl-macs-i-pd-instruction.pdf,Excel MORE_PHOTO,да,нет,не требуется,,не требуется,,OK,Targeted exact-model audit checked iClim and Royal Clima pages. Only one unique clean product candidate was found per exact duct/fan-coil model; reused generic family renders were not used as extra angles. | only 1 usable source images,completed,completed
11,MACS-I-PD91P2K,MACS,MACS/MACS-I-PD91P2K,1,да,https://docs.breez.ru/catalog/royal-clima/visokonaporn-kanal-fankoyl-macs-i-pd/visokonaporn-kanal-fankoyl-macs-i-pd-instruction.pdf,Excel MORE_PHOTO,да,нет,не требуется,,не требуется,,OK,Targeted exact-model audit checked iClim and Royal Clima pages. Only one unique clean product candidate was found per exact duct/fan-coil model; reused generic family renders were not used as extra angles. | only 1 usable source images,completed,completed
11,MACS-I-PD116P2K,MACS,MACS/MACS-I-PD116P2K,1,да,https://docs.breez.ru/catalog/royal-clima/visokonaporn-kanal-fankoyl-macs-i-pd/visokonaporn-kanal-fankoyl-macs-i-pd-instruction.pdf,Excel MORE_PHOTO,да,нет,не требуется,,не требуется,,OK,Targeted exact-model audit checked iClim and Royal Clima pages. Only one unique clean product candidate was found per exact duct/fan-coil model; reused generic family renders were not used as extra angles. | only 1 usable source images,completed,completed
11,MACS-I-PD136P2K,MACS,MACS/MACS-I-PD136P2K,1,да,https://docs.breez.ru/catalog/royal-clima/visokonaporn-kanal-fankoyl-macs-i-pd/visokonaporn-kanal-fankoyl-macs-i-pd-instruction.pdf,Excel MORE_PHOTO,да,нет,не требуется,,не требуется,,OK,Targeted exact-model audit checked iClim and Royal Clima pages. Only one unique clean product candidate was found per exact duct/fan-coil model; reused generic family renders were not used as extra angles. | only 1 usable source images,completed,completed
11,MACS-I-PD220P2K,MACS,MACS/MACS-I-PD220P2K,1,да,https://docs.breez.ru/catalog/royal-clima/visokonaporn-kanal-fankoyl-macs-i-pd/visokonaporn-kanal-fankoyl-macs-i-pd-instruction.pdf,Excel MORE_PHOTO,да,нет,не требуется,,не требуется,,OK,Targeted exact-model audit checked iClim and Royal Clima pages. Only one unique clean product candidate was found per exact duct/fan-coil model; reused generic family renders were not used as extra angles. | only 1 usable source images,completed,completed
12,MACS-I-PD280P2K,MACS,MACS/MACS-I-PD280P2K,1,да,https://docs.breez.ru/catalog/royal-clima/visokonaporn-kanal-fankoyl-macs-i-pd/visokonaporn-kanal-fankoyl-macs-i-pd-instruction.pdf,Excel MORE_PHOTO,да,нет,не требуется,,не требуется,,OK,Targeted exact-model audit checked iClim and Royal Clima pages. Only one unique clean product candidate was found per exact duct/fan-coil model; reused generic family renders were not used as extra angles. | only 1 usable source images,completed,completed
12,MACS-I-PD330P2K,MACS,MACS/MACS-I-PD330P2K,1,да,https://docs.breez.ru/catalog/royal-clima/visokonaporn-kanal-fankoyl-macs-i-pd/visokonaporn-kanal-fankoyl-macs-i-pd-instruction.pdf,Excel MORE_PHOTO,да,нет,не требуется,,не требуется,,OK,Targeted exact-model audit checked iClim and Royal Clima pages. Only one unique clean product candidate was found per exact duct/fan-coil model; reused generic family renders were not used as extra angles. | only 1 usable source images,completed,completed
12,MACS-I-PD270P2K,MACS,MACS/MACS-I-PD270P2K,1,да,https://docs.breez.ru/catalog/royal-clima/visokonaporn-kanal-fankoyl-macs-i-pd/visokonaporn-kanal-fankoyl-macs-i-pd-instruction.pdf,Excel MORE_PHOTO,да,нет,не требуется,,не требуется,,OK,Targeted exact-model audit checked iClim and Royal Clima pages. Only one unique clean product candidate was found per exact duct/fan-coil model; reused generic family renders were not used as extra angles. | only 1 usable source images,completed,completed
12,MACS-I-PD380P2K,MACS,MACS/MACS-I-PD380P2K,1,да,https://docs.breez.ru/catalog/royal-clima/visokonaporn-kanal-fankoyl-macs-i-pd/visokonaporn-kanal-fankoyl-macs-i-pd-instruction.pdf,Excel MORE_PHOTO,да,нет,не требуется,,не требуется,,OK,Targeted exact-model audit checked iClim and Royal Clima pages. Only one unique clean product candidate was found per exact duct/fan-coil model; reused generic family renders were not used as extra angles. | only 1 usable source images,completed,completed
12,MACS-I-PD420P2K,MACS,MACS/MACS-I-PD420P2K,1,да,https://docs.breez.ru/catalog/royal-clima/visokonaporn-kanal-fankoyl-macs-i-pd/visokonaporn-kanal-fankoyl-macs-i-pd-instruction.pdf,Excel MORE_PHOTO,да,нет,не требуется,,не требуется,,OK,Targeted exact-model audit checked iClim and Royal Clima pages. Only one unique clean product candidate was found per exact duct/fan-coil model; reused generic family renders were not used as extra angles. | only 1 usable source images,completed,completed
12,MACS-I-PD60P4K,MACS,MACS/MACS-I-PD60P4K,1,да,https://docs.breez.ru/catalog/royal-clima/visokonaporn-kanal-fankoyl-macs-i-pd-4k/visokonaporn-kanal-fankoyl-macs-i-pd-4k-instruction.pdf,Excel MORE_PHOTO,да,нет,не требуется,,не требуется,,OK,Targeted exact-model audit checked iClim and Royal Clima pages. Only one unique clean product candidate was found per exact duct/fan-coil model; reused generic family renders were not used as extra angles. | only 1 usable source images,completed,completed
12,MACS-I-PD75P4K,MACS,MACS/MACS-I-PD75P4K,1,да,https://docs.breez.ru/catalog/royal-clima/visokonaporn-kanal-fankoyl-macs-i-pd-4k/visokonaporn-kanal-fankoyl-macs-i-pd-4k-instruction.pdf,Excel MORE_PHOTO,да,нет,не требуется,,не требуется,,OK,Targeted exact-model audit checked iClim and Royal Clima pages. Only one unique clean product candidate was found per exact duct/fan-coil model; reused generic family renders were not used as extra angles. | only 1 usable source images,completed,completed
12,MACS-I-PD90P4K,MACS,MACS/MACS-I-PD90P4K,1,да,https://docs.breez.ru/catalog/royal-clima/visokonaporn-kanal-fankoyl-macs-i-pd-4k/visokonaporn-kanal-fankoyl-macs-i-pd-4k-instruction.pdf,Excel MORE_PHOTO,да,нет,не требуется,,не требуется,,OK,Targeted exact-model audit checked iClim and Royal Clima pages. Only one unique clean product candidate was found per exact duct/fan-coil model; reused generic family renders were not used as extra angles. | only 1 usable source images,completed,completed
12,MACS-I-PD115P4K,MACS,MACS/MACS-I-PD115P4K,1,да,https://docs.breez.ru/catalog/royal-clima/visokonaporn-kanal-fankoyl-macs-i-pd-4k/visokonaporn-kanal-fankoyl-macs-i-pd-4k-instruction.pdf,Excel MORE_PHOTO,да,нет,не требуется,,не требуется,,OK,Targeted exact-model audit checked iClim and Royal Clima pages. Only one unique clean product candidate was found per exact duct/fan-coil model; reused generic family renders were not used as extra angles. | only 1 usable source images,completed,completed
12,MACS-I-PD135P4K,MACS,MACS/MACS-I-PD135P4K,1,да,https://docs.breez.ru/catalog/royal-clima/visokonaporn-kanal-fankoyl-macs-i-pd-4k/visokonaporn-kanal-fankoyl-macs-i-pd-4k-instruction.pdf,Excel MORE_PHOTO,да,нет,не требуется,,не требуется,,OK,Targeted exact-model audit checked iClim and Royal Clima pages. Only one unique clean product candidate was found per exact duct/fan-coil model; reused generic family renders were not used as extra angles. | only 1 usable source images,completed,completed
12,MACS-I-PD160P4K,MACS,MACS/MACS-I-PD160P4K,1,да,https://docs.breez.ru/catalog/royal-clima/visokonaporn-kanal-fankoyl-macs-i-pd-4k/visokonaporn-kanal-fankoyl-macs-i-pd-4k-instruction.pdf,Excel MORE_PHOTO,да,нет,не требуется,,не требуется,,OK,Targeted exact-model audit checked iClim and Royal Clima pages. Only one unique clean product candidate was found per exact duct/fan-coil model; reused generic family renders were not used as extra angles. | only 1 usable source images,completed,completed
12,MACS-I-PD210P4K,MACS,MACS/MACS-I-PD210P4K,1,да,https://docs.breez.ru/catalog/royal-clima/visokonaporn-kanal-fankoyl-macs-i-pd-4k/visokonaporn-kanal-fankoyl-macs-i-pd-4k-instruction.pdf,Excel MORE_PHOTO,да,нет,не требуется,,не требуется,,OK,Targeted exact-model audit checked iClim and Royal Clima pages. Only one unique clean product candidate was found per exact duct/fan-coil model; reused generic family renders were not used as extra angles. | only 1 usable source images,completed,completed
12,MACS-I-PD270P4K,MACS,MACS/MACS-I-PD270P4K,1,да,https://docs.breez.ru/catalog/royal-clima/visokonaporn-kanal-fankoyl-macs-i-pd-4k/visokonaporn-kanal-fankoyl-macs-i-pd-4k-instruction.pdf,Excel MORE_PHOTO,да,нет,не требуется,,не требуется,,OK,Targeted exact-model audit checked iClim and Royal Clima pages. Only one unique clean product candidate was found per exact duct/fan-coil model; reused generic family renders were not used as extra angles. | only 1 usable source images,completed,completed
12,MACS-I-PD315P4K,MACS,MACS/MACS-I-PD315P4K,1,да,https://docs.breez.ru/catalog/royal-clima/visokonaporn-kanal-fankoyl-macs-i-pd-4k/visokonaporn-kanal-fankoyl-macs-i-pd-4k-instruction.pdf,Excel MORE_PHOTO,да,нет,не требуется,,не требуется,,OK,Targeted exact-model audit checked iClim and Royal Clima pages. Only one unique clean product candidate was found per exact duct/fan-coil model; reused generic family renders were not used as extra angles. | only 1 usable source images,completed,completed
12,MACS-I-PD51P4K,MACS,MACS/MACS-I-PD51P4K,1,да,https://docs.breez.ru/catalog/royal-clima/visokonaporn-kanal-fankoyl-macs-i-pd-4k/visokonaporn-kanal-fankoyl-macs-i-pd-4k-instruction.pdf,Excel MORE_PHOTO,да,нет,не требуется,,не требуется,,OK,Targeted exact-model audit checked iClim and Royal Clima pages. Only one unique clean product candidate was found per exact duct/fan-coil model; reused generic family renders were not used as extra angles. | only 1 usable source images,completed,completed
12,MACS-I-PD66P4K,MACS,MACS/MACS-I-PD66P4K,1,да,https://docs.breez.ru/catalog/royal-clima/visokonaporn-kanal-fankoyl-macs-i-pd-4k/visokonaporn-kanal-fankoyl-macs-i-pd-4k-instruction.pdf,Excel MORE_PHOTO,да,нет,не требуется,,не требуется,,OK,Targeted exact-model audit checked iClim and Royal Clima pages. Only one unique clean product candidate was found per exact duct/fan-coil model; reused generic family renders were not used as extra angles. | only 1 usable source images,completed,completed
12,MACS-I-PD76P4K,MACS,MACS/MACS-I-PD76P4K,1,да,https://docs.breez.ru/catalog/royal-clima/visokonaporn-kanal-fankoyl-macs-i-pd-4k/visokonaporn-kanal-fankoyl-macs-i-pd-4k-instruction.pdf,Excel MORE_PHOTO,да,нет,не требуется,,не требуется,,OK,Targeted exact-model audit checked iClim and Royal Clima pages. Only one unique clean product candidate was found per exact duct/fan-coil model; reused generic family renders were not used as extra angles. | only 1 usable source images,completed,completed
12,MACS-I-PD96P4K,MACS,MACS/MACS-I-PD96P4K,1,да,https://docs.breez.ru/catalog/royal-clima/visokonaporn-kanal-fankoyl-macs-i-pd-4k/visokonaporn-kanal-fankoyl-macs-i-pd-4k-instruction.pdf,Excel MORE_PHOTO,да,нет,не требуется,,не требуется,,OK,Targeted exact-model audit checked iClim and Royal Clima pages. Only one unique clean product candidate was found per exact duct/fan-coil model; reused generic family renders were not used as extra angles. | only 1 usable source images,completed,completed
12,MACS-I-PD116P4K,MACS,MACS/MACS-I-PD116P4K,1,да,https://docs.breez.ru/catalog/royal-clima/visokonaporn-kanal-fankoyl-macs-i-pd-4k/visokonaporn-kanal-fankoyl-macs-i-pd-4k-instruction.pdf,Excel MORE_PHOTO,да,нет,не требуется,,не требуется,,OK,Targeted exact-model audit checked iClim and Royal Clima pages. Only one unique clean product candidate was found per exact duct/fan-coil model; reused generic family renders were not used as extra angles. | only 1 usable source images,completed,completed
12,MACS-I-PD136P4K,MACS,MACS/MACS-I-PD136P4K,1,да,https://docs.breez.ru/catalog/royal-clima/visokonaporn-kanal-fankoyl-macs-i-pd-4k/visokonaporn-kanal-fankoyl-macs-i-pd-4k-instruction.pdf,Excel MORE_PHOTO,да,нет,не требуется,,не требуется,,OK,Targeted exact-model audit checked iClim and Royal Clima pages. Only one unique clean product candidate was found per exact duct/fan-coil model; reused generic family renders were not used as extra angles. | only 1 usable source images,completed,completed
12,MACS-I-PD176P4K,MACS,MACS/MACS-I-PD176P4K,1,да,https://docs.breez.ru/catalog/royal-clima/visokonaporn-kanal-fankoyl-macs-i-pd-4k/visokonaporn-kanal-fankoyl-macs-i-pd-4k-instruction.pdf,Excel MORE_PHOTO,да,нет,не требуется,,не требуется,,OK,Targeted exact-model audit checked iClim and Royal Clima pages. Only one unique clean product candidate was found per exact duct/fan-coil model; reused generic family renders were not used as extra angles. | only 1 usable source images,completed,completed
12,MACS-I-PD226P4K,MACS,MACS/MACS-I-PD226P4K,1,да,https://docs.breez.ru/catalog/royal-clima/visokonaporn-kanal-fankoyl-macs-i-pd-4k/visokonaporn-kanal-fankoyl-macs-i-pd-4k-instruction.pdf,Excel MORE_PHOTO,да,нет,не требуется,,не требуется,,OK,Targeted exact-model audit checked iClim and Royal Clima pages. Only one unique clean product candidate was found per exact duct/fan-coil model; reused generic family renders were not used as extra angles. | only 1 usable source images,completed,completed
12,MACS-I-PD266P4K,MACS,MACS/MACS-I-PD266P4K,1,да,https://docs.breez.ru/catalog/royal-clima/visokonaporn-kanal-fankoyl-macs-i-pd-4k/visokonaporn-kanal-fankoyl-macs-i-pd-4k-instruction.pdf,Excel MORE_PHOTO,да,нет,не требуется,,не требуется,,OK,Targeted exact-model audit checked iClim and Royal Clima pages. Only one unique clean product candidate was found per exact duct/fan-coil model; reused generic family renders were not used as extra angles. | only 1 usable source images,completed,completed
13,ZKPU-maxi 2,ZKPU-maxi,ZKPU-maxi/ZKPU-maxi 2,1,да,https://breez.ru/products/zkpu-maxi/,Excel MORE_PHOTO,нет,нет,не требуется,,да,,OK,"Targeted exact-model audit checked Breez, Toplan and AirVentilation. Additional images are generic series components/marketing material shared across size variants; only safe product imagery retained. | only 1 usable source images",completed,completed
13,ZKPU-maxi 4,ZKPU-maxi,ZKPU-maxi/ZKPU-maxi 4,1,да,https://breez.ru/products/zkpu-maxi/,Excel MORE_PHOTO,нет,нет,не требуется,,да,,OK,"Targeted exact-model audit checked Breez, Toplan and AirVentilation. Additional images are generic series components/marketing material shared across size variants; only safe product imagery retained. | only 1 usable source images",completed,completed
13,ZKPU-maxi 6,ZKPU-maxi,ZKPU-maxi/ZKPU-maxi 6,1,да,https://breez.ru/products/zkpu-maxi/,Excel MORE_PHOTO,нет,нет,не требуется,,да,,OK,"Targeted exact-model audit checked Breez, Toplan and AirVentilation. Additional images are generic series components/marketing material shared across size variants; only safe product imagery retained. | only 1 usable source images",completed,completed
13,ZKPU-maxi 8,ZKPU-maxi,ZKPU-maxi/ZKPU-maxi 8,1,да,https://breez.ru/products/zkpu-maxi/,Excel MORE_PHOTO,нет,нет,не требуется,,да,,OK,"Targeted exact-model audit checked Breez, Toplan and AirVentilation. Additional images are generic series components/marketing material shared across size variants; only safe product imagery retained. | only 1 usable source images",completed,completed
13,ZKPU-maxi 10,ZKPU-maxi,ZKPU-maxi/ZKPU-maxi 10,1,да,https://breez.ru/products/zkpu-maxi/,Excel MORE_PHOTO,нет,нет,не требуется,,да,,OK,"Targeted exact-model audit checked Breez, Toplan and AirVentilation. Additional images are generic series components/marketing material shared across size variants; only safe product imagery retained. | only 1 usable source images",completed,completed
13,ZKPU-maxi 12,ZKPU-maxi,ZKPU-maxi/ZKPU-maxi 12,1,да,https://breez.ru/products/zkpu-maxi/,Excel MORE_PHOTO,нет,нет,не требуется,,да,,OK,"Targeted exact-model audit checked Breez, Toplan and AirVentilation. Additional images are generic series components/marketing material shared across size variants; only safe product imagery retained. | only 1 usable source images",completed,completed
13,ZKPU-maxi 14,ZKPU-maxi,ZKPU-maxi/ZKPU-maxi 14,1,да,https://breez.ru/products/zkpu-maxi/,Excel MORE_PHOTO,нет,нет,не требуется,,да,,OK,"Targeted exact-model audit checked Breez, Toplan and AirVentilation. Additional images are generic series components/marketing material shared across size variants; only safe product imagery retained. | only 1 usable source images",completed,completed
13,ZKPU-maxi 16,ZKPU-maxi,ZKPU-maxi/ZKPU-maxi 16,1,да,https://breez.ru/products/zkpu-maxi/,Excel MORE_PHOTO,нет,нет,не требуется,,да,,OK,"Targeted exact-model audit checked Breez, Toplan and AirVentilation. Additional images are generic series components/marketing material shared across size variants; only safe product imagery retained. | only 1 usable source images",completed,completed
13,ZKPU-maxi 18,ZKPU-maxi,ZKPU-maxi/ZKPU-maxi 18,1,да,https://breez.ru/products/zkpu-maxi/,Excel MORE_PHOTO,нет,нет,не требуется,,да,,OK,"Targeted exact-model audit checked Breez, Toplan and AirVentilation. Additional images are generic series components/marketing material shared across size variants; only safe product imagery retained. | only 1 usable source images",completed,completed
13,ZKPU-maxi 20,ZKPU-maxi,ZKPU-maxi/ZKPU-maxi 20,1,да,https://breez.ru/products/zkpu-maxi/,Excel MORE_PHOTO,нет,нет,не требуется,,да,,OK,"Targeted exact-model audit checked Breez, Toplan and AirVentilation. Additional images are generic series components/marketing material shared across size variants; only safe product imagery retained. | only 1 usable source images",completed,completed
13,ZKPU-mini 50-25,ZKPU-mini,ZKPU-mini/ZKPU-mini 50-25,1,да,https://breez.ru/products/zkpu-mini/,Excel MORE_PHOTO,нет,нет,не требуется,,да,,OK,"Targeted exact-model audit checked Breez, Toplan and AirVentilation. Additional images are generic series components/marketing material shared across size variants; only safe product imagery retained. | only 1 usable source images",completed,completed
13,ZKPU-mini 50-30,ZKPU-mini,ZKPU-mini/ZKPU-mini 50-30,1,да,https://breez.ru/products/zkpu-mini/,Excel MORE_PHOTO,нет,нет,не требуется,,да,,OK,"Targeted exact-model audit checked Breez, Toplan and AirVentilation. Additional images are generic series components/marketing material shared across size variants; only safe product imagery retained. | only 1 usable source images",completed,completed
13,ZKPU-mini 60-30,ZKPU-mini,ZKPU-mini/ZKPU-mini 60-30,1,да,https://breez.ru/products/zkpu-mini/,Excel MORE_PHOTO,нет,нет,не требуется,,да,,OK,"Targeted exact-model audit checked Breez, Toplan and AirVentilation. Additional images are generic series components/marketing material shared across size variants; only safe product imagery retained. | only 1 usable source images",completed,completed
13,ZKPU-mini 60-35,ZKPU-mini,ZKPU-mini/ZKPU-mini 60-35,1,да,https://breez.ru/products/zkpu-mini/,Excel MORE_PHOTO,нет,нет,не требуется,,да,,OK,"Targeted exact-model audit checked Breez, Toplan and AirVentilation. Additional images are generic series components/marketing material shared across size variants; only safe product imagery retained. | only 1 usable source images",completed,completed
13,ZKPU-mini 70-40,ZKPU-mini,ZKPU-mini/ZKPU-mini 70-40,1,да,https://breez.ru/products/zkpu-mini/,Excel MORE_PHOTO,нет,нет,не требуется,,да,,OK,"Targeted exact-model audit checked Breez, Toplan and AirVentilation. Additional images are generic series components/marketing material shared across size variants; only safe product imagery retained. | only 1 usable source images",completed,completed
13,ZKPU-mini 80-50,ZKPU-mini,ZKPU-mini/ZKPU-mini 80-50,1,да,https://breez.ru/products/zkpu-mini/,Excel MORE_PHOTO,нет,нет,не требуется,,да,,OK,"Targeted exact-model audit checked Breez, Toplan and AirVentilation. Additional images are generic series components/marketing material shared across size variants; only safe product imagery retained. | only 1 usable source images",completed,completed
13,ZKPU-mini 100-50,ZKPU-mini,ZKPU-mini/ZKPU-mini 100-50,1,да,https://breez.ru/products/zkpu-mini/,Excel MORE_PHOTO,нет,нет,не требуется,,да,,OK,"Targeted exact-model audit checked Breez, Toplan and AirVentilation. Additional images are generic series components/marketing material shared across size variants; only safe product imagery retained. | only 1 usable source images",completed,completed
14,AUW-09U4RS8,HEAVY EU DC INVERTER,HEAVY EU DC INVERTER/AUW-09U4RS8,6,да,https://docs.breez.ru/catalog/hisense/compress-condensat-block-heavy-dc-inverter/compress-condensat-block-heavy-dc-inverter-instruction.pdf,Excel MORE_PHOTO | https://breez.ru/products/split-sistem-kanal-heavy-eu-dc-inverter-r32/ | https://mircli.ru/Hisense-AUW-09U4RS8/ | https://mircli.ru/Hisense-AUW-12U4RS8/,да,нет,не требуется,,не требуется,,OK; low-res alternatives rejected,removed: MirCli/Hisense authorized service certificate | removed: MirCli/Hisense official dealer certificate | 18 low-resolution images rejected,completed,completed
14,AUW-12U4RS8,HEAVY EU DC INVERTER,HEAVY EU DC INVERTER/AUW-12U4RS8,6,да,https://docs.breez.ru/catalog/hisense/compress-condensat-block-heavy-dc-inverter/compress-condensat-block-heavy-dc-inverter-instruction.pdf,Excel MORE_PHOTO | https://breez.ru/products/split-sistem-kanal-heavy-eu-dc-inverter-r32/ | https://mircli.ru/Hisense-AUW-12U4RS8/,да,нет,не требуется,,не требуется,,OK; low-res alternatives rejected,removed: MirCli/Hisense authorized service certificate | removed: MirCli/Hisense official dealer certificate | 18 low-resolution images rejected,completed,completed
14,AUW-18U4RS7,HEAVY EU DC INVERTER,HEAVY EU DC INVERTER/AUW-18U4RS7,6,да,https://docs.breez.ru/catalog/hisense/compress-condensat-block-heavy-dc-inverter/compress-condensat-block-heavy-dc-inverter-instruction.pdf,Excel MORE_PHOTO | https://breez.ru/products/split-sistem-kanal-heavy-eu-dc-inverter-r32/ | https://mircli.ru/Hisense-AUW-18U4RS7/,да,нет,не требуется,,не требуется,,OK; low-res alternatives rejected,removed: MirCli/Hisense authorized service certificate | removed: MirCli/Hisense official dealer certificate | 18 low-resolution images rejected,completed,completed
14,AUW-24U4RJ7,HEAVY EU DC INVERTER,HEAVY EU DC INVERTER/AUW-24U4RJ7,6,да,https://docs.breez.ru/catalog/hisense/compress-condensat-block-heavy-dc-inverter/compress-condensat-block-heavy-dc-inverter-instruction.pdf,Excel MORE_PHOTO | https://breez.ru/products/split-sistem-kanal-heavy-eu-dc-inverter-r32/ | https://mircli.ru/Hisense-AUW-09U4RS8/ | https://mircli.ru/Hisense-AUW-12U4RS8/ | https://mircli.ru/Hisense-AUW-24U4RJ7/,да,нет,не требуется,,не требуется,,OK; low-res alternatives rejected,removed: MirCli/Hisense authorized service certificate | removed: MirCli/Hisense official dealer certificate | 10 low-resolution images rejected,completed,completed
14,AUW-36U4RK7,HEAVY EU DC INVERTER,HEAVY EU DC INVERTER/AUW-36U4RK7,6,да,https://docs.breez.ru/catalog/hisense/compress-condensat-block-heavy-dc-inverter/compress-condensat-block-heavy-dc-inverter-instruction.pdf,Excel MORE_PHOTO | https://breez.ru/products/split-sistem-kanal-heavy-eu-dc-inverter-r32/ | https://mircli.ru/Hisense-AUW-36U4RK7/,да,нет,не требуется,,не требуется,,OK; low-res alternatives rejected,removed: MirCli/Hisense authorized service certificate | removed: MirCli/Hisense official dealer certificate | 9 low-resolution images rejected,completed,completed
14,AUW-48U6RN8,HEAVY EU DC INVERTER,HEAVY EU DC INVERTER/AUW-48U6RN8,6,да,https://docs.breez.ru/catalog/hisense/compress-condensat-block-heavy-dc-inverter/compress-condensat-block-heavy-dc-inverter-instruction.pdf,Excel MORE_PHOTO | https://breez.ru/products/split-sistem-kanal-heavy-eu-dc-inverter-r32/ | https://mircli.ru/Hisense-AUW-09U4RS8/ | https://mircli.ru/Hisense-AUW-12U4RS8/ | https://mircli.ru/Hisense-AUW-48U6RN8/,да,нет,не требуется,,не требуется,,OK; low-res alternatives rejected,removed: MirCli/Hisense authorized service certificate | removed: MirCli/Hisense official dealer certificate | 14 low-resolution images rejected,completed,completed
14,AUW-60U6RW8,HEAVY EU DC INVERTER,HEAVY EU DC INVERTER/AUW-60U6RW8,6,да,https://docs.breez.ru/catalog/hisense/compress-condensat-block-heavy-dc-inverter/compress-condensat-block-heavy-dc-inverter-instruction.pdf,Excel MORE_PHOTO | https://breez.ru/products/split-sistem-kanal-heavy-eu-dc-inverter-r32/ | https://mircli.ru/Hisense-AUW-09U4RS8/ | https://mircli.ru/Hisense-AUW-12U4RS8/ | https://mircli.ru/Hisense-AUW-60U6RW8/,да,нет,не требуется,,не требуется,,OK; low-res alternatives rejected,removed: MirCli/Hisense authorized service certificate | removed: MirCli/Hisense official dealer certificate | 8 low-resolution images rejected,completed,completed
14,AUW-85U6RZ8,HEAVY EU DC INVERTER,HEAVY EU DC INVERTER/AUW-85U6RZ8,10,да,https://docs.breez.ru/catalog/hisense/compress-condensat-block-heavy-dc-inverter/compress-condensat-block-heavy-dc-inverter-instruction.pdf,Excel MORE_PHOTO | https://breez.ru/products/invert-split-kanal-heavy-eu-dc-inverter-r32/ | https://mircli.ru/Hisense-AUW-09U4RS8/ | https://mircli.ru/Hisense-AUW-12U4RS8/ | https://mircli.ru/Hisense-AUW-85U6RZ8/ | https://mircli.ru/Hisense-Heavy-eu-AUD-85UX4RPH8-AUW-85U6RZ8/,да,нет,не требуется,,не требуется,,OK; low-res alternatives rejected,removed: MirCli/Hisense authorized service certificate | removed: MirCli/Hisense official dealer certificate | 41 low-resolution images rejected,completed,completed
14,MCU-23K,UNIVERSO,UNIVERSO/MCU-23K,1,да,https://breez.ru/products/compress-condensat-block-mcu/,Excel MORE_PHOTO,нет,нет,не требуется,,не требуется,,OK; low-res alternatives rejected,"Targeted exact-model audit checked Royal Clima, iClim and dealer pages. Exact model pages reuse the same render across different outdoor dimensions; no unsafe extra model-specific images were invented. | only 1 usable source images; 1 low-resolution images rejected",completed,completed
14,MCU-29K,UNIVERSO,UNIVERSO/MCU-29K,1,да,https://breez.ru/products/compress-condensat-block-mcu/,Excel MORE_PHOTO,нет,нет,не требуется,,не требуется,,OK; low-res alternatives rejected,"Targeted exact-model audit checked Royal Clima, iClim and dealer pages. Exact model pages reuse the same render across different outdoor dimensions; no unsafe extra model-specific images were invented. | only 1 usable source images; 1 low-resolution images rejected",completed,completed
14,MCU-35K,UNIVERSO,UNIVERSO/MCU-35K,1,да,https://breez.ru/products/compress-condensat-block-mcu/,Excel MORE_PHOTO,нет,нет,не требуется,,не требуется,,OK; low-res alternatives rejected,"Targeted exact-model audit checked Royal Clima, iClim and dealer pages. Exact model pages reuse the same render across different outdoor dimensions; no unsafe extra model-specific images were invented. | only 1 usable source images; 1 low-resolution images rejected",completed,completed
14,MCU-43K,UNIVERSO,UNIVERSO/MCU-43K,1,да,https://breez.ru/products/compress-condensat-block-mcu/,Excel MORE_PHOTO,нет,нет,не требуется,,не требуется,,OK; low-res alternatives rejected,"Targeted exact-model audit checked Royal Clima, iClim and dealer pages. Exact model pages reuse the same render across different outdoor dimensions; no unsafe extra model-specific images were invented. | only 1 usable source images; 1 low-resolution images rejected",completed,completed
14,MCU-63K,UNIVERSO,UNIVERSO/MCU-63K,1,да,https://breez.ru/products/compress-condensat-block-mcu/,Excel MORE_PHOTO,нет,нет,не требуется,,не требуется,,OK; low-res alternatives rejected,"Targeted exact-model audit checked Royal Clima, iClim and dealer pages. Exact model pages reuse the same render across different outdoor dimensions; no unsafe extra model-specific images were invented. | only 1 usable source images; 1 low-resolution images rejected",completed,completed
14,MCU-75K,UNIVERSO,UNIVERSO/MCU-75K,1,да,https://breez.ru/products/compress-condensat-block-mcu/,Excel MORE_PHOTO,нет,нет,не требуется,,не требуется,,OK; low-res alternatives rejected,"Targeted exact-model audit checked Royal Clima, iClim and dealer pages. Exact model pages reuse the same render across different outdoor dimensions; no unsafe extra model-specific images were invented. | only 1 usable source images; 1 low-resolution images rejected",completed,completed
14,MCU-93K,UNIVERSO,UNIVERSO/MCU-93K,1,да,https://breez.ru/products/compress-condensat-block-mcu/,Excel MORE_PHOTO,нет,нет,не требуется,,не требуется,,OK; low-res alternatives rejected,"Targeted exact-model audit checked Royal Clima, iClim and dealer pages. Exact model pages reuse the same render across different outdoor dimensions; no unsafe extra model-specific images were invented. | only 1 usable source images; 1 low-resolution images rejected",completed,completed
14,MCU-117K,UNIVERSO,UNIVERSO/MCU-117K,1,да,https://breez.ru/products/compress-condensat-block-mcu/,Excel MORE_PHOTO,нет,нет,не требуется,,не требуется,,OK; low-res alternatives rejected,"Targeted exact-model audit checked Royal Clima, iClim and dealer pages. Exact model pages reuse the same render across different outdoor dimensions; no unsafe extra model-specific images were invented. | only 1 usable source images; 1 low-resolution images rejected",completed,completed
15,TWC22HN/OUT с модулем RC-KA02,Triumph,Triumph/TWC22HN-OUT с модулем RC-KA02,1,да,https://www.c-o-k.ru/library/catalogs/royalclima/134341.pdf,https://breez.ru/products/triumph-invert-2024/,нет,нет,не требуется,,не требуется,,OK; low-res alternatives rejected,Targeted exact-model audit found dealer renders reused across models with different outdoor dimensions; only safe confirmed imagery retained. | only 1 usable source images; 1 low-resolution images rejected,completed,completed
15,TWC28HN/OUT с модулем RC-KA02,Triumph,Triumph/TWC28HN-OUT с модулем RC-KA02,1,да,https://www.c-o-k.ru/library/catalogs/royalclima/134341.pdf,https://breez.ru/products/triumph-invert-2024/,нет,нет,не требуется,,не требуется,,OK; low-res alternatives rejected,Targeted exact-model audit found dealer renders reused across models with different outdoor dimensions; only safe confirmed imagery retained. | only 1 usable source images; 1 low-resolution images rejected,completed,completed
15,TWC35HN/OUT с модулем RC-KA02,Triumph,Triumph/TWC35HN-OUT с модулем RC-KA02,1,да,https://www.c-o-k.ru/library/catalogs/royalclima/134341.pdf,https://breez.ru/products/triumph-invert-2024/,нет,нет,не требуется,,не требуется,,OK; low-res alternatives rejected,Targeted exact-model audit found dealer renders reused across models with different outdoor dimensions; only safe confirmed imagery retained. | only 1 usable source images; 1 low-resolution images rejected,completed,completed
15,TWC55HN/OUT с модулем RC-KA02,Triumph,Triumph/TWC55HN-OUT с модулем RC-KA02,1,да,https://www.c-o-k.ru/library/catalogs/royalclima/134341.pdf,https://breez.ru/products/triumph-invert-2024/,нет,нет,не требуется,,не требуется,,OK; low-res alternatives rejected,Targeted exact-model audit found dealer renders reused across models with different outdoor dimensions; only safe confirmed imagery retained. | only 1 usable source images; 1 low-resolution images rejected,completed,completed
15,TWC75HN/OUT с модулем RC-KA02,Triumph,Triumph/TWC75HN-OUT с модулем RC-KA02,1,да,https://www.c-o-k.ru/library/catalogs/royalclima/134341.pdf,https://breez.ru/products/triumph-invert-2024/,нет,нет,не требуется,,не требуется,,OK; low-res alternatives rejected,Targeted exact-model audit found dealer renders reused across models with different outdoor dimensions; only safe confirmed imagery retained. | only 1 usable source images; 1 low-resolution images rejected,completed,completed
15,HFRWE-65DGF/SYS,HiMod AE2,HiMod AE2/HFRWE-65DGF-SYS,1,да,https://hi.1clim.ru/catalog/chillery/hisense_hfrwe_65dgf_sys/,exact-model audit,не применимо,не применимо,не требуется,,не требуется,,OK; exact-model image,HiMod exact-model second pass completed. HFRWE-65DGF/SYS has one independently confirmed exact-model render; HFRWE-130DGF/SYS has three exact-model renders. | Only one independently confirmed exact-model render; conflicting/reused dealer family renders excluded,completed,completed
15,HFRWE-130DGF/SYS,HiMod AE2,HiMod AE2/HFRWE-130DGF-SYS,3,да,https://iclim.ru/catalog/promyshlennye_konditsionery/chillery/hisense_hfrwe_130dgf_sys/,exact-model audit,не применимо,не применимо,не требуется,,не требуется,,OK; exact-model gallery,HiMod exact-model second pass completed. HFRWE-65DGF/SYS has one independently confirmed exact-model render; HFRWE-130DGF/SYS has three exact-model renders.,completed,completed
15,AR08U/F/D,AR,AR/AR08U-F-D,1,да,https://breez.ru/products/prec-cond-ar-na-r410a/,Excel MORE_PHOTO,нет,нет,не требуется,,не требуется,,OK,Targeted second pass found one clean series product image per exact model; banner/video thumbnails were excluded. | only 1 usable source images,completed,completed
15,AR13U/F/D,AR,AR/AR13U-F-D,1,да,https://breez.ru/products/prec-cond-ar-na-r410a/,Excel MORE_PHOTO,нет,нет,не требуется,,не требуется,,OK,Targeted second pass found one clean series product image per exact model; banner/video thumbnails were excluded. | only 1 usable source images,completed,completed
15,AR17U/F/D,AR,AR/AR17U-F-D,1,да,https://breez.ru/products/prec-cond-ar-na-r410a/,Excel MORE_PHOTO,нет,нет,не требуется,,не требуется,,OK,Targeted second pass found one clean series product image per exact model; banner/video thumbnails were excluded. | only 1 usable source images,completed,completed
15,AR20U/F/D,AR,AR/AR20U-F-D,1,да,https://breez.ru/products/prec-cond-ar-na-r410a/,Excel MORE_PHOTO,нет,нет,не требуется,,не требуется,,OK,Targeted second pass found one clean series product image per exact model; banner/video thumbnails were excluded. | only 1 usable source images,completed,completed
15,IR40F,IR,IR/IR40F,2,да,https://breez.ru/products/prec-cond-ir-na-r410a/,Excel MORE_PHOTO,нет,нет,не требуется,,не требуется,,OK,Targeted second pass confirmed the available clean IR product gallery; unrelated banner/video thumbnails were excluded. | only 2 usable source images,completed,completed
15,IR50F,IR,IR/IR50F,2,да,https://breez.ru/products/prec-cond-ir-na-r410a/,Excel MORE_PHOTO,нет,нет,не требуется,,не требуется,,OK,Targeted second pass confirmed the available clean IR product gallery; unrelated banner/video thumbnails were excluded. | only 2 usable source images,completed,completed
15,IR60F,IR,IR/IR60F,3,да,https://breez.ru/products/prec-cond-ir-na-r410a/,Excel MORE_PHOTO | https://lantavent.ru/product/8762,да,нет,не требуется,,не требуется,,OK; low-res alternatives rejected,Targeted second pass confirmed the available clean IR product gallery; unrelated banner/video thumbnails were excluded. | 1 low-resolution images rejected,completed,completed
