group,sha256,image_count,model_count,models,paths
1,833e8140e3d3f9f38a79a5a42f3746185144b4584be1911863268887000347e1,106,106,A/AVW-27HJFAE1 | A/AVW-34HJFAE1 | A/AVW-42HJFAE1 | A/AVW-48HJFAE1 | A/AVW-54HJFAE1 | A/AVW-63HJFAE1 | A/AVW-68HJFAE1 | A/AVW-76HJFAE1 | AVBC-HJDBA/AVBC-09HJDBA | AVBC-HJDBA/AVBC-12HJDBA | AVBC-HJDBA/AVBC-15HJDBA | AVBC-HJDBA/AVBC-19HJDBA | AVBC-HJDBA/AVBC-22HJDBA | AVBC-HJDBA/AVBC-24HJDBA | AVBC-HJDBA/AVBC-27HJDBA | AVBC-HJDBA/AVBC-30HJDBA | AVBC-HJDBA/AVBC-38HJDBA | AVBC-HJDBA/AVBC-48HJDBA | AVBC-HJDBA/AVBC-54HJDBA | AVBC-HJFKA/AVBC-19HJFKA | AVBC-HJFKA/AVBC-24HJFKA | AVBC-HJFKA/AVBC-30HJFKA | AVBC-HJFKA/AVBC-38HJFKA | AVBC-HJFKA/AVBC-48HJFKA | AVBC-HJFKA/AVBC-54HJFKA | AVD-HJDH/AVD-09HJDH | AVD-HJDH/AVD-12HJDH | AVD-HJDH/AVD-15HJDH | AVD-HJDH/AVD-19HJDH | AVD-HJDH/AVD-24HJDH | AVD-HJDH/AVD-24HJDH1 | AVD-HJDH/AVD-30HJDH | AVD-HJDH/AVD-38HJDH | AVD-HJDH/AVD-42HJDH | AVD-HJDH/AVD-48HJDH | AVD-HJDH/AVD-54HJDH | AVD-HJDH/AVD-76HJDH | AVD-HJDH/AVD-96HJDH | AVD-HJFH/AVD-07HJFH | AVD-HJFH/AVD-09HJFH | AVD-HJFH/AVD-12HJFH | AVD-HJFH/AVD-15HJFH | AVD-HJFH/AVD-19HJFH | AVD-HJFH/AVD-24HJFH1 | AVD-HJFH/AVD-30HJFH | AVD-HJFH/AVD-38HJFH | AVD-HJFH/AVD-48HJFH | AVD-HJFH/AVD-54HJFH | AVD-HJFH/AVD-76HJFH | AVD-HJFH/AVD-96HJFH | AVE-HJDDH/AVE-05HJDDH | AVE-HJDDH/AVE-07HJDDH | AVE-HJDDH/AVE-09HJDDH | AVE-HJDDH/AVE-12HJDDH | AVE-HJDDH/AVE-15HJDDH | AVE-HJDDH/AVE-19HJDDH | AVE-HJDDH/AVE-24HJDDH | AVS-HJDTD/AVS-05HJDTD | AVS-HJDTD/AVS-07HJDTD | AVS-HJDTD/AVS-09HJDTD | AVS-HJDTD/AVS-12HJDTD | AVS-HJDTD/AVS-15HJDTD | AVS-HJDTD/AVS-19HJDTD | AVS-HJDTD/AVS-24HJDTD | AVS-HJDTD/AVS-28HJDTD | H5/AVW-114HKDHE2 | H5/AVW-136HKDHE2 | H5/AVW-154HKDHE2 | H5/AVW-41HJDH2H1 | H5/AVW-48HJDH2H1 | H5/AVW-54HJDH2H1 | H5/AVW-76HKDHE2 | H5/AVW-96HKDHE2 | HEAVY EU DC INVERTER/AUW-09U4RS8 | HEAVY EU DC INVERTER/AUW-12U4RS8 | HEAVY EU DC INVERTER/AUW-18U4RS7 | HEAVY EU DC INVERTER/AUW-24U4RJ7 | HEAVY EU DC INVERTER/AUW-36U4RK7 | HEAVY EU DC INVERTER/AUW-48U6RN8 | HEAVY EU DC INVERTER/AUW-60U6RW8 | HEAVY EU DC INVERTER/AUW-85U6RZ8 | S5/AVWT-114HKF5 | S5/AVWT-136HKF5 | S5/AVWT-154HKF5 | S5/AVWT-170HKF5 | S5/AVWT-190HKF5 | S5/AVWT-212HKF5 | S5/AVWT-232HKF5 | S5/AVWT-250HKF5 | S5/AVWT-272HKF5 | S5/AVWT-290HKF5 | S5/AVWT-307HKF5 | S5/AVWT-324HKF5 | S5/AVWT-343HKF5 | S5/AVWT-365HKF5 | S5/AVWT-386HKF5 | S5/AVWT-404HKF5 | S5/AVWT-76HKF5 | S5/AVWT-96HKF5 | W HEAT RECOVERY/AVWW-114FKFW1 | W HEAT RECOVERY/AVWW-136FKFW1 | W HEAT RECOVERY/AVWW-154FKFW1 | W HEAT RECOVERY/AVWW-170FKFW1 | W HEAT RECOVERY/AVWW-190FKFW1 | W HEAT RECOVERY/AVWW-76FKFW1 | W HEAT RECOVERY/AVWW-96FKFW1,Hisense/images-rebuild/2026-09-29/packets/04_AVD_HJDH/Hisense_images_rebuilt/AVD-HJDH/AVD-24HJDH1/02.jpg | Hisense/images-rebuild/2026-09-29/packets/04_AVD_HJDH/Hisense_images_rebuilt/AVD-HJDH/AVD-54HJDH/02.jpg | Hisense/images-rebuild/2026-09-29/packets/04_AVD_HJDH/Hisense_images_rebuilt/AVD-HJDH/AVD-09HJDH/02.jpg | Hisense/images-rebuild/2026-09-29/packets/04_AVD_HJDH/Hisense_images_rebuilt/AVD-HJDH/AVD-76HJDH/02.jpg | Hisense/images-rebuild/2026-09-29/packets/04_AVD_HJDH/Hisense_images_rebuilt/AVD-HJDH/AVD-24HJDH/02.jpg | Hisense/images-rebuild/2026-09-29/packets/04_AVD_HJDH/Hisense_images_rebuilt/AVD-HJDH/AVD-19HJDH/02.jpg | Hisense/images-rebuild/2026-09-29/packets/04_AVD_HJDH/Hisense_images_rebuilt/AVD-HJDH/AVD-42HJDH/02.jpg | Hisense/images-rebuild/2026-09-29/packets/04_AVD_HJDH/Hisense_images_rebuilt/AVD-HJDH/AVD-12HJDH/02.jpg | Hisense/images-rebuild/2026-09-29/packets/04_AVD_HJDH/Hisense_images_rebuilt/AVD-HJDH/AVD-96HJDH/02.jpg | Hisense/images-rebuild/2026-09-29/packets/04_AVD_HJDH/Hisense_images_rebuilt/AVD-HJDH/AVD-15HJDH/02.jpg | Hisense/images-rebuild/2026-09-29/packets/04_AVD_HJDH/Hisense_images_rebuilt/AVD-HJDH/AVD-38HJDH/02.jpg | Hisense/images-rebuild/2026-09-29/packets/04_AVD_HJDH/Hisense_images_rebuilt/AVD-HJDH/AVD-30HJDH/02.jpg | Hisense/images-rebuild/2026-09-29/packets/04_AVD_HJDH/Hisense_images_rebuilt/AVD-HJDH/AVD-48HJDH/02.jpg | Hisense/images-rebuild/2026-09-29/packets/05_AVD_HJFH_AVE/Hisense_images_rebuilt/AVE-HJDDH/AVE-12HJDDH/02.jpg | Hisense/images-rebuild/2026-09-29/packets/05_AVD_HJFH_AVE/Hisense_images_rebuilt/AVE-HJDDH/AVE-07HJDDH/02.jpg | Hisense/images-rebuild/2026-09-29/packets/05_AVD_HJFH_AVE/Hisense_images_rebuilt/AVE-HJDDH/AVE-19HJDDH/02.jpg | Hisense/images-rebuild/2026-09-29/packets/05_AVD_HJFH_AVE/Hisense_images_rebuilt/AVE-HJDDH/AVE-09HJDDH/02.jpg | Hisense/images-rebuild/2026-09-29/packets/05_AVD_HJFH_AVE/Hisense_images_rebuilt/AVE-HJDDH/AVE-05HJDDH/02.jpg | Hisense/images-rebuild/2026-09-29/packets/05_AVD_HJFH_AVE/Hisense_images_rebuilt/AVE-HJDDH/AVE-24HJDDH/02.jpg | Hisense/images-rebuild/2026-09-29/packets/05_AVD_HJFH_AVE/Hisense_images_rebuilt/AVE-HJDDH/AVE-15HJDDH/02.jpg | Hisense/images-rebuild/2026-09-29/packets/05_AVD_HJFH_AVE/Hisense_images_rebuilt/AVD-HJFH/AVD-12HJFH/01.jpg | Hisense/images-rebuild/2026-09-29/packets/05_AVD_HJFH_AVE/Hisense_images_rebuilt/AVD-HJFH/AVD-15HJFH/01.jpg | Hisense/images-rebuild/2026-09-29/packets/05_AVD_HJFH_AVE/Hisense_images_rebuilt/AVD-HJFH/AVD-07HJFH/01.jpg | Hisense/images-rebuild/2026-09-29/packets/05_AVD_HJFH_AVE/Hisense_images_rebuilt/AVD-HJFH/AVD-09HJFH/01.jpg | Hisense/images-rebuild/2026-09-29/packets/05_AVD_HJFH_AVE/Hisense_images_rebuilt/AVD-HJFH/AVD-48HJFH/01.jpg | Hisense/images-rebuild/2026-09-29/packets/05_AVD_HJFH_AVE/Hisense_images_rebuilt/AVD-HJFH/AVD-76HJFH/01.jpg | Hisense/images-rebuild/2026-09-29/packets/05_AVD_HJFH_AVE/Hisense_images_rebuilt/AVD-HJFH/AVD-96HJFH/01.jpg | Hisense/images-rebuild/2026-09-29/packets/05_AVD_HJFH_AVE/Hisense_images_rebuilt/AVD-HJFH/AVD-54HJFH/01.jpg | Hisense/images-rebuild/2026-09-29/packets/05_AVD_HJFH_AVE/Hisense_images_rebuilt/AVD-HJFH/AVD-19HJFH/01.jpg | Hisense/images-rebuild/2026-09-29/packets/05_AVD_HJFH_AVE/Hisense_images_rebuilt/AVD-HJFH/AVD-24HJFH1/01.jpg | Hisense/images-rebuild/2026-09-29/packets/05_AVD_HJFH_AVE/Hisense_images_rebuilt/AVD-HJFH/AVD-38HJFH/01.jpg | Hisense/images-rebuild/2026-09-29/packets/05_AVD_HJFH_AVE/Hisense_images_rebuilt/AVD-HJFH/AVD-30HJFH/01.jpg | Hisense/images-rebuild/2026-09-29/packets/14_HEAVY_UNIVERSO/Hisense_images_rebuilt/HEAVY EU DC INVERTER/AUW-12U4RS8/02.jpg | Hisense/images-rebuild/2026-09-29/packets/14_HEAVY_UNIVERSO/Hisense_images_rebuilt/HEAVY EU DC INVERTER/AUW-09U4RS8/02.jpg | Hisense/images-rebuild/2026-09-29/packets/14_HEAVY_UNIVERSO/Hisense_images_rebuilt/HEAVY EU DC INVERTER/AUW-85U6RZ8/02.jpg | Hisense/images-rebuild/2026-09-29/packets/14_HEAVY_UNIVERSO/Hisense_images_rebuilt/HEAVY EU DC INVERTER/AUW-36U4RK7/02.jpg | Hisense/images-rebuild/2026-09-29/packets/14_HEAVY_UNIVERSO/Hisense_images_rebuilt/HEAVY EU DC INVERTER/AUW-48U6RN8/02.jpg | Hisense/images-rebuild/2026-09-29/packets/14_HEAVY_UNIVERSO/Hisense_images_rebuilt/HEAVY EU DC INVERTER/AUW-18U4RS7/02.jpg | Hisense/images-rebuild/2026-09-29/packets/14_HEAVY_UNIVERSO/Hisense_images_rebuilt/HEAVY EU DC INVERTER/AUW-24U4RJ7/02.jpg | Hisense/images-rebuild/2026-09-29/packets/14_HEAVY_UNIVERSO/Hisense_images_rebuilt/HEAVY EU DC INVERTER/AUW-60U6RW8/02.jpg | Hisense/images-rebuild/2026-09-29/packets/02_AVBC/Hisense_images_rebuilt/AVBC-HJDBA/AVBC-12HJDBA/03.jpg | Hisense/images-rebuild/2026-09-29/packets/02_AVBC/Hisense_images_rebuilt/AVBC-HJDBA/AVBC-24HJDBA/03.jpg | Hisense/images-rebuild/2026-09-29/packets/02_AVBC/Hisense_images_rebuilt/AVBC-HJDBA/AVBC-19HJDBA/03.jpg | Hisense/images-rebuild/2026-09-29/packets/02_AVBC/Hisense_images_rebuilt/AVBC-HJDBA/AVBC-30HJDBA/03.jpg | Hisense/images-rebuild/2026-09-29/packets/02_AVBC/Hisense_images_rebuilt/AVBC-HJDBA/AVBC-27HJDBA/03.jpg | Hisense/images-rebuild/2026-09-29/packets/02_AVBC/Hisense_images_rebuilt/AVBC-HJDBA/AVBC-15HJDBA/03.jpg | Hisense/images-rebuild/2026-09-29/packets/02_AVBC/Hisense_images_rebuilt/AVBC-HJDBA/AVBC-54HJDBA/03.jpg | Hisense/images-rebuild/2026-09-29/packets/02_AVBC/Hisense_images_rebuilt/AVBC-HJDBA/AVBC-48HJDBA/03.jpg | Hisense/images-rebuild/2026-09-29/packets/02_AVBC/Hisense_images_rebuilt/AVBC-HJDBA/AVBC-22HJDBA/03.jpg | Hisense/images-rebuild/2026-09-29/packets/02_AVBC/Hisense_images_rebuilt/AVBC-HJDBA/AVBC-38HJDBA/03.jpg | Hisense/images-rebuild/2026-09-29/packets/02_AVBC/Hisense_images_rebuilt/AVBC-HJDBA/AVBC-09HJDBA/03.jpg | Hisense/images-rebuild/2026-09-29/packets/02_AVBC/Hisense_images_rebuilt/AVBC-HJFKA/AVBC-48HJFKA/02.jpg | Hisense/images-rebuild/2026-09-29/packets/02_AVBC/Hisense_images_rebuilt/AVBC-HJFKA/AVBC-19HJFKA/02.jpg | Hisense/images-rebuild/2026-09-29/packets/02_AVBC/Hisense_images_rebuilt/AVBC-HJFKA/AVBC-24HJFKA/02.jpg | Hisense/images-rebuild/2026-09-29/packets/02_AVBC/Hisense_images_rebuilt/AVBC-HJFKA/AVBC-38HJFKA/02.jpg | Hisense/images-rebuild/2026-09-29/packets/02_AVBC/Hisense_images_rebuilt/AVBC-HJFKA/AVBC-30HJFKA/02.jpg | Hisense/images-rebuild/2026-09-29/packets/02_AVBC/Hisense_images_rebuilt/AVBC-HJFKA/AVBC-54HJFKA/02.jpg | Hisense/images-rebuild/2026-09-29/packets/06_S5/Hisense_images_rebuilt/S5/AVWT-307HKF5/06.jpg | Hisense/images-rebuild/2026-09-29/packets/06_S5/Hisense_images_rebuilt/S5/AVWT-386HKF5/06.jpg | Hisense/images-rebuild/2026-09-29/packets/06_S5/Hisense_images_rebuilt/S5/AVWT-343HKF5/06.jpg | Hisense/images-rebuild/2026-09-29/packets/06_S5/Hisense_images_rebuilt/S5/AVWT-365HKF5/06.jpg | Hisense/images-rebuild/2026-09-29/packets/06_S5/Hisense_images_rebuilt/S5/AVWT-324HKF5/06.jpg | Hisense/images-rebuild/2026-09-29/packets/06_S5/Hisense_images_rebuilt/S5/AVWT-136HKF5/06.jpg | Hisense/images-rebuild/2026-09-29/packets/06_S5/Hisense_images_rebuilt/S5/AVWT-290HKF5/06.jpg | Hisense/images-rebuild/2026-09-29/packets/06_S5/Hisense_images_rebuilt/S5/AVWT-154HKF5/06.jpg | Hisense/images-rebuild/2026-09-29/packets/06_S5/Hisense_images_rebuilt/S5/AVWT-190HKF5/06.jpg | Hisense/images-rebuild/2026-09-29/packets/06_S5/Hisense_images_rebuilt/S5/AVWT-212HKF5/06.jpg | Hisense/images-rebuild/2026-09-29/packets/06_S5/Hisense_images_rebuilt/S5/AVWT-114HKF5/06.jpg | Hisense/images-rebuild/2026-09-29/packets/06_S5/Hisense_images_rebuilt/S5/AVWT-272HKF5/06.jpg | Hisense/images-rebuild/2026-09-29/packets/06_S5/Hisense_images_rebuilt/S5/AVWT-170HKF5/06.jpg | Hisense/images-rebuild/2026-09-29/packets/06_S5/Hisense_images_rebuilt/S5/AVWT-232HKF5/06.jpg | Hisense/images-rebuild/2026-09-29/packets/06_S5/Hisense_images_rebuilt/S5/AVWT-76HKF5/06.jpg | Hisense/images-rebuild/2026-09-29/packets/06_S5/Hisense_images_rebuilt/S5/AVWT-250HKF5/06.jpg | Hisense/images-rebuild/2026-09-29/packets/06_S5/Hisense_images_rebuilt/S5/AVWT-404HKF5/06.jpg | Hisense/images-rebuild/2026-09-29/packets/06_S5/Hisense_images_rebuilt/S5/AVWT-96HKF5/06.jpg | Hisense/images-rebuild/2026-09-29/packets/07_H5_A_W/Hisense_images_rebuilt/H5/AVW-154HKDHE2/07.jpg | Hisense/images-rebuild/2026-09-29/packets/07_H5_A_W/Hisense_images_rebuilt/H5/AVW-114HKDHE2/07.jpg | Hisense/images-rebuild/2026-09-29/packets/07_H5_A_W/Hisense_images_rebuilt/H5/AVW-136HKDHE2/07.jpg | Hisense/images-rebuild/2026-09-29/packets/07_H5_A_W/Hisense_images_rebuilt/H5/AVW-54HJDH2H1/08.jpg | Hisense/images-rebuild/2026-09-29/packets/07_H5_A_W/Hisense_images_rebuilt/H5/AVW-76HKDHE2/07.jpg | Hisense/images-rebuild/2026-09-29/packets/07_H5_A_W/Hisense_images_rebuilt/H5/AVW-96HKDHE2/07.jpg | Hisense/images-rebuild/2026-09-29/packets/07_H5_A_W/Hisense_images_rebuilt/H5/AVW-41HJDH2H1/08.jpg | Hisense/images-rebuild/2026-09-29/packets/07_H5_A_W/Hisense_images_rebuilt/H5/AVW-48HJDH2H1/08.jpg | Hisense/images-rebuild/2026-09-29/packets/07_H5_A_W/Hisense_images_rebuilt/A/AVW-76HJFAE1/04.jpg | Hisense/images-rebuild/2026-09-29/packets/07_H5_A_W/Hisense_images_rebuilt/A/AVW-48HJFAE1/05.jpg | Hisense/images-rebuild/2026-09-29/packets/07_H5_A_W/Hisense_images_rebuilt/A/AVW-34HJFAE1/05.jpg | Hisense/images-rebuild/2026-09-29/packets/07_H5_A_W/Hisense_images_rebuilt/A/AVW-63HJFAE1/04.jpg | Hisense/images-rebuild/2026-09-29/packets/07_H5_A_W/Hisense_images_rebuilt/A/AVW-27HJFAE1/05.jpg | Hisense/images-rebuild/2026-09-29/packets/07_H5_A_W/Hisense_images_rebuilt/A/AVW-68HJFAE1/04.jpg | Hisense/images-rebuild/2026-09-29/packets/07_H5_A_W/Hisense_images_rebuilt/A/AVW-54HJFAE1/05.jpg | Hisense/images-rebuild/2026-09-29/packets/07_H5_A_W/Hisense_images_rebuilt/A/AVW-42HJFAE1/05.jpg | Hisense/images-rebuild/2026-09-29/packets/07_H5_A_W/Hisense_images_rebuilt/W HEAT RECOVERY/AVWW-96FKFW1/01.jpg | Hisense/images-rebuild/2026-09-29/packets/07_H5_A_W/Hisense_images_rebuilt/W HEAT RECOVERY/AVWW-76FKFW1/01.jpg | Hisense/images-rebuild/2026-09-29/packets/07_H5_A_W/Hisense_images_rebuilt/W HEAT RECOVERY/AVWW-154FKFW1/01.jpg | Hisense/images-rebuild/2026-09-29/packets/07_H5_A_W/Hisense_images_rebuilt/W HEAT RECOVERY/AVWW-170FKFW1/01.jpg | Hisense/images-rebuild/2026-09-29/packets/07_H5_A_W/Hisense_images_rebuilt/W HEAT RECOVERY/AVWW-136FKFW1/01.jpg | Hisense/images-rebuild/2026-09-29/packets/07_H5_A_W/Hisense_images_rebuilt/W HEAT RECOVERY/AVWW-114FKFW1/01.jpg | Hisense/images-rebuild/2026-09-29/packets/07_H5_A_W/Hisense_images_rebuilt/W HEAT RECOVERY/AVWW-190FKFW1/01.jpg | Hisense/images-rebuild/2026-09-29/packets/03_AVS_AVF/Hisense_images_rebuilt/AVS-HJDTD/AVS-09HJDTD/02.jpg | Hisense/images-rebuild/2026-09-29/packets/03_AVS_AVF/Hisense_images_rebuilt/AVS-HJDTD/AVS-12HJDTD/02.jpg | Hisense/images-rebuild/2026-09-29/packets/03_AVS_AVF/Hisense_images_rebuilt/AVS-HJDTD/AVS-07HJDTD/02.jpg | Hisense/images-rebuild/2026-09-29/packets/03_AVS_AVF/Hisense_images_rebuilt/AVS-HJDTD/AVS-05HJDTD/02.jpg | Hisense/images-rebuild/2026-09-29/packets/03_AVS_AVF/Hisense_images_rebuilt/AVS-HJDTD/AVS-28HJDTD/02.jpg | Hisense/images-rebuild/2026-09-29/packets/03_AVS_AVF/Hisense_images_rebuilt/AVS-HJDTD/AVS-19HJDTD/02.jpg | Hisense/images-rebuild/2026-09-29/packets/03_AVS_AVF/Hisense_images_rebuilt/AVS-HJDTD/AVS-24HJDTD/02.jpg | Hisense/images-rebuild/2026-09-29/packets/03_AVS_AVF/Hisense_images_rebuilt/AVS-HJDTD/AVS-15HJDTD/02.jpg
2,17e64dcc203bd25c6a0aaa91ab3eb47578e0cae52471a87fafef7f57cdcee703,13,13,AVD-HJDH/AVD-09HJDH | AVD-HJDH/AVD-12HJDH | AVD-HJDH/AVD-15HJDH | AVD-HJDH/AVD-19HJDH | AVD-HJDH/AVD-24HJDH | AVD-HJDH/AVD-24HJDH1 | AVD-HJDH/AVD-30HJDH | AVD-HJDH/AVD-38HJDH | AVD-HJDH/AVD-42HJDH | AVD-HJDH/AVD-48HJDH | AVD-HJDH/AVD-54HJDH | AVD-HJDH/AVD-76HJDH | AVD-HJDH/AVD-96HJDH,Hisense/images-rebuild/2026-09-29/packets/04_AVD_HJDH/Hisense_images_rebuilt/AVD-HJDH/AVD-24HJDH1/06.jpg | Hisense/images-rebuild/2026-09-29/packets/04_AVD_HJDH/Hisense_images_rebuilt/AVD-HJDH/AVD-54HJDH/06.jpg | Hisense/images-rebuild/2026-09-29/packets/04_AVD_HJDH/Hisense_images_rebuilt/AVD-HJDH/AVD-09HJDH/06.jpg | Hisense/images-rebuild/2026-09-29/packets/04_AVD_HJDH/Hisense_images_rebuilt/AVD-HJDH/AVD-76HJDH/06.jpg | Hisense/images-rebuild/2026-09-29/packets/04_AVD_HJDH/Hisense_images_rebuilt/AVD-HJDH/AVD-24HJDH/06.jpg | Hisense/images-rebuild/2026-09-29/packets/04_AVD_HJDH/Hisense_images_rebuilt/AVD-HJDH/AVD-19HJDH/06.jpg | Hisense/images-rebuild/2026-09-29/packets/04_AVD_HJDH/Hisense_images_rebuilt/AVD-HJDH/AVD-42HJDH/06.jpg | Hisense/images-rebuild/2026-09-29/packets/04_AVD_HJDH/Hisense_images_rebuilt/AVD-HJDH/AVD-12HJDH/06.jpg | Hisense/images-rebuild/2026-09-29/packets/04_AVD_HJDH/Hisense_images_rebuilt/AVD-HJDH/AVD-96HJDH/06.jpg | Hisense/images-rebuild/2026-09-29/packets/04_AVD_HJDH/Hisense_images_rebuilt/AVD-HJDH/AVD-15HJDH/06.jpg | Hisense/images-rebuild/2026-09-29/packets/04_AVD_HJDH/Hisense_images_rebuilt/AVD-HJDH/AVD-38HJDH/06.jpg | Hisense/images-rebuild/2026-09-29/packets/04_AVD_HJDH/Hisense_images_rebuilt/AVD-HJDH/AVD-30HJDH/06.jpg | Hisense/images-rebuild/2026-09-29/packets/04_AVD_HJDH/Hisense_images_rebuilt/AVD-HJDH/AVD-48HJDH/06.jpg
3,047f09f590a8859329d2f6ee45d98b33439c679d6531065d9b59e365ee218712,106,106,A/AVW-27HJFAE1 | A/AVW-34HJFAE1 | A/AVW-42HJFAE1 | A/AVW-48HJFAE1 | A/AVW-54HJFAE1 | A/AVW-63HJFAE1 | A/AVW-68HJFAE1 | A/AVW-76HJFAE1 | AVBC-HJDBA/AVBC-09HJDBA | AVBC-HJDBA/AVBC-12HJDBA | AVBC-HJDBA/AVBC-15HJDBA | AVBC-HJDBA/AVBC-19HJDBA | AVBC-HJDBA/AVBC-22HJDBA | AVBC-HJDBA/AVBC-24HJDBA | AVBC-HJDBA/AVBC-27HJDBA | AVBC-HJDBA/AVBC-30HJDBA | AVBC-HJDBA/AVBC-38HJDBA | AVBC-HJDBA/AVBC-48HJDBA | AVBC-HJDBA/AVBC-54HJDBA | AVBC-HJFKA/AVBC-19HJFKA | AVBC-HJFKA/AVBC-24HJFKA | AVBC-HJFKA/AVBC-30HJFKA | AVBC-HJFKA/AVBC-38HJFKA | AVBC-HJFKA/AVBC-48HJFKA | AVBC-HJFKA/AVBC-54HJFKA | AVD-HJDH/AVD-09HJDH | AVD-HJDH/AVD-12HJDH | AVD-HJDH/AVD-15HJDH | AVD-HJDH/AVD-19HJDH | AVD-HJDH/AVD-24HJDH | AVD-HJDH/AVD-24HJDH1 | AVD-HJDH/AVD-30HJDH | AVD-HJDH/AVD-38HJDH | AVD-HJDH/AVD-42HJDH | AVD-HJDH/AVD-48HJDH | AVD-HJDH/AVD-54HJDH | AVD-HJDH/AVD-76HJDH | AVD-HJDH/AVD-96HJDH | AVD-HJFH/AVD-07HJFH | AVD-HJFH/AVD-09HJFH | AVD-HJFH/AVD-12HJFH | AVD-HJFH/AVD-15HJFH | AVD-HJFH/AVD-19HJFH | AVD-HJFH/AVD-24HJFH1 | AVD-HJFH/AVD-30HJFH | AVD-HJFH/AVD-38HJFH | AVD-HJFH/AVD-48HJFH | AVD-HJFH/AVD-54HJFH | AVD-HJFH/AVD-76HJFH | AVD-HJFH/AVD-96HJFH | AVE-HJDDH/AVE-05HJDDH | AVE-HJDDH/AVE-07HJDDH | AVE-HJDDH/AVE-09HJDDH | AVE-HJDDH/AVE-12HJDDH | AVE-HJDDH/AVE-15HJDDH | AVE-HJDDH/AVE-19HJDDH | AVE-HJDDH/AVE-24HJDDH | AVS-HJDTD/AVS-05HJDTD | AVS-HJDTD/AVS-07HJDTD | AVS-HJDTD/AVS-09HJDTD | AVS-HJDTD/AVS-12HJDTD | AVS-HJDTD/AVS-15HJDTD | AVS-HJDTD/AVS-19HJDTD | AVS-HJDTD/AVS-24HJDTD | AVS-HJDTD/AVS-28HJDTD | H5/AVW-114HKDHE2 | H5/AVW-136HKDHE2 | H5/AVW-154HKDHE2 | H5/AVW-41HJDH2H1 | H5/AVW-48HJDH2H1 | H5/AVW-54HJDH2H1 | H5/AVW-76HKDHE2 | H5/AVW-96HKDHE2 | HEAVY EU DC INVERTER/AUW-09U4RS8 | HEAVY EU DC INVERTER/AUW-12U4RS8 | HEAVY EU DC INVERTER/AUW-18U4RS7 | HEAVY EU DC INVERTER/AUW-24U4RJ7 | HEAVY EU DC INVERTER/AUW-36U4RK7 | HEAVY EU DC INVERTER/AUW-48U6RN8 | HEAVY EU DC INVERTER/AUW-60U6RW8 | HEAVY EU DC INVERTER/AUW-85U6RZ8 | S5/AVWT-114HKF5 | S5/AVWT-136HKF5 | S5/AVWT-154HKF5 | S5/AVWT-170HKF5 | S5/AVWT-190HKF5 | S5/AVWT-212HKF5 | S5/AVWT-232HKF5 | S5/AVWT-250HKF5 | S5/AVWT-272HKF5 | S5/AVWT-290HKF5 | S5/AVWT-307HKF5 | S5/AVWT-324HKF5 | S5/AVWT-343HKF5 | S5/AVWT-365HKF5 | S5/AVWT-386HKF5 | S5/AVWT-404HKF5 | S5/AVWT-76HKF5 | S5/AVWT-96HKF5 | W HEAT RECOVERY/AVWW-114FKFW1 | W HEAT RECOVERY/AVWW-136FKFW1 | W HEAT RECOVERY/AVWW-154FKFW1 | W HEAT RECOVERY/AVWW-170FKFW1 | W HEAT RECOVERY/AVWW-190FKFW1 | W HEAT RECOVERY/AVWW-76FKFW1 | W HEAT RECOVERY/AVWW-96FKFW1,Hisense/images-rebuild/2026-09-29/packets/04_AVD_HJDH/Hisense_images_rebuilt/AVD-HJDH/AVD-24HJDH1/03.jpg | Hisense/images-rebuild/2026-09-29/packets/04_AVD_HJDH/Hisense_images_rebuilt/AVD-HJDH/AVD-54HJDH/03.jpg | Hisense/images-rebuild/2026-09-29/packets/04_AVD_HJDH/Hisense_images_rebuilt/AVD-HJDH/AVD-09HJDH/03.jpg | Hisense/images-rebuild/2026-09-29/packets/04_AVD_HJDH/Hisense_images_rebuilt/AVD-HJDH/AVD-76HJDH/03.jpg | Hisense/images-rebuild/2026-09-29/packets/04_AVD_HJDH/Hisense_images_rebuilt/AVD-HJDH/AVD-24HJDH/03.jpg | Hisense/images-rebuild/2026-09-29/packets/04_AVD_HJDH/Hisense_images_rebuilt/AVD-HJDH/AVD-19HJDH/03.jpg | Hisense/images-rebuild/2026-09-29/packets/04_AVD_HJDH/Hisense_images_rebuilt/AVD-HJDH/AVD-42HJDH/03.jpg | Hisense/images-rebuild/2026-09-29/packets/04_AVD_HJDH/Hisense_images_rebuilt/AVD-HJDH/AVD-12HJDH/03.jpg | Hisense/images-rebuild/2026-09-29/packets/04_AVD_HJDH/Hisense_images_rebuilt/AVD-HJDH/AVD-96HJDH/03.jpg | Hisense/images-rebuild/2026-09-29/packets/04_AVD_HJDH/Hisense_images_rebuilt/AVD-HJDH/AVD-15HJDH/03.jpg | Hisense/images-rebuild/2026-09-29/packets/04_AVD_HJDH/Hisense_images_rebuilt/AVD-HJDH/AVD-38HJDH/03.jpg | Hisense/images-rebuild/2026-09-29/packets/04_AVD_HJDH/Hisense_images_rebuilt/AVD-HJDH/AVD-30HJDH/03.jpg | Hisense/images-rebuild/2026-09-29/packets/04_AVD_HJDH/Hisense_images_rebuilt/AVD-HJDH/AVD-48HJDH/03.jpg | Hisense/images-rebuild/2026-09-29/packets/05_AVD_HJFH_AVE/Hisense_images_rebuilt/AVE-HJDDH/AVE-12HJDDH/03.jpg | Hisense/images-rebuild/2026-09-29/packets/05_AVD_HJFH_AVE/Hisense_images_rebuilt/AVE-HJDDH/AVE-07HJDDH/03.jpg | Hisense/images-rebuild/2026-09-29/packets/05_AVD_HJFH_AVE/Hisense_images_rebuilt/AVE-HJDDH/AVE-19HJDDH/03.jpg | Hisense/images-rebuild/2026-09-29/packets/05_AVD_HJFH_AVE/Hisense_images_rebuilt/AVE-HJDDH/AVE-09HJDDH/03.jpg | Hisense/images-rebuild/2026-09-29/packets/05_AVD_HJFH_AVE/Hisense_images_rebuilt/AVE-HJDDH/AVE-05HJDDH/03.jpg | Hisense/images-rebuild/2026-09-29/packets/05_AVD_HJFH_AVE/Hisense_images_rebuilt/AVE-HJDDH/AVE-24HJDDH/03.jpg | Hisense/images-rebuild/2026-09-29/packets/05_AVD_HJFH_AVE/Hisense_images_rebuilt/AVE-HJDDH/AVE-15HJDDH/03.jpg | Hisense/images-rebuild/2026-09-29/packets/05_AVD_HJFH_AVE/Hisense_images_rebuilt/AVD-HJFH/AVD-12HJFH/02.jpg | Hisense/images-rebuild/2026-09-29/packets/05_AVD_HJFH_AVE/Hisense_images_rebuilt/AVD-HJFH/AVD-15HJFH/02.jpg | Hisense/images-rebuild/2026-09-29/packets/05_AVD_HJFH_AVE/Hisense_images_rebuilt/AVD-HJFH/AVD-07HJFH/02.jpg | Hisense/images-rebuild/2026-09-29/packets/05_AVD_HJFH_AVE/Hisense_images_rebuilt/AVD-HJFH/AVD-09HJFH/02.jpg | Hisense/images-rebuild/2026-09-29/packets/05_AVD_HJFH_AVE/Hisense_images_rebuilt/AVD-HJFH/AVD-48HJFH/02.jpg | Hisense/images-rebuild/2026-09-29/packets/05_AVD_HJFH_AVE/Hisense_images_rebuilt/AVD-HJFH/AVD-76HJFH/02.jpg | Hisense/images-rebuild/2026-09-29/packets/05_AVD_HJFH_AVE/Hisense_images_rebuilt/AVD-HJFH/AVD-96HJFH/02.jpg | Hisense/images-rebuild/2026-09-29/packets/05_AVD_HJFH_AVE/Hisense_images_rebuilt/AVD-HJFH/AVD-54HJFH/02.jpg | Hisense/images-rebuild/2026-09-29/packets/05_AVD_HJFH_AVE/Hisense_images_rebuilt/AVD-HJFH/AVD-19HJFH/02.jpg | Hisense/images-rebuild/2026-09-29/packets/05_AVD_HJFH_AVE/Hisense_images_rebuilt/AVD-HJFH/AVD-24HJFH1/02.jpg | Hisense/images-rebuild/2026-09-29/packets/05_AVD_HJFH_AVE/Hisense_images_rebuilt/AVD-HJFH/AVD-38HJFH/02.jpg | Hisense/images-rebuild/2026-09-29/packets/05_AVD_HJFH_AVE/Hisense_images_rebuilt/AVD-HJFH/AVD-30HJFH/02.jpg | Hisense/images-rebuild/2026-09-29/packets/14_HEAVY_UNIVERSO/Hisense_images_rebuilt/HEAVY EU DC INVERTER/AUW-12U4RS8/03.jpg | Hisense/images-rebuild/2026-09-29/packets/14_HEAVY_UNIVERSO/Hisense_images_rebuilt/HEAVY EU DC INVERTER/AUW-09U4RS8/03.jpg | Hisense/images-rebuild/2026-09-29/packets/14_HEAVY_UNIVERSO/Hisense_images_rebuilt/HEAVY EU DC INVERTER/AUW-85U6RZ8/03.jpg | Hisense/images-rebuild/2026-09-29/packets/14_HEAVY_UNIVERSO/Hisense_images_rebuilt/HEAVY EU DC INVERTER/AUW-36U4RK7/03.jpg | Hisense/images-rebuild/2026-09-29/packets/14_HEAVY_UNIVERSO/Hisense_images_rebuilt/HEAVY EU DC INVERTER/AUW-48U6RN8/03.jpg | Hisense/images-rebuild/2026-09-29/packets/14_HEAVY_UNIVERSO/Hisense_images_rebuilt/HEAVY EU DC INVERTER/AUW-18U4RS7/03.jpg | Hisense/images-rebuild/2026-09-29/packets/14_HEAVY_UNIVERSO/Hisense_images_rebuilt/HEAVY EU DC INVERTER/AUW-24U4RJ7/03.jpg | Hisense/images-rebuild/2026-09-29/packets/14_HEAVY_UNIVERSO/Hisense_images_rebuilt/HEAVY EU DC INVERTER/AUW-60U6RW8/03.jpg | Hisense/images-rebuild/2026-09-29/packets/02_AVBC/Hisense_images_rebuilt/AVBC-HJDBA/AVBC-12HJDBA/04.jpg | Hisense/images-rebuild/2026-09-29/packets/02_AVBC/Hisense_images_rebuilt/AVBC-HJDBA/AVBC-24HJDBA/04.jpg | Hisense/images-rebuild/2026-09-29/packets/02_AVBC/Hisense_images_rebuilt/AVBC-HJDBA/AVBC-19HJDBA/04.jpg | Hisense/images-rebuild/2026-09-29/packets/02_AVBC/Hisense_images_rebuilt/AVBC-HJDBA/AVBC-30HJDBA/04.jpg | Hisense/images-rebuild/2026-09-29/packets/02_AVBC/Hisense_images_rebuilt/AVBC-HJDBA/AVBC-27HJDBA/04.jpg | Hisense/images-rebuild/2026-09-29/packets/02_AVBC/Hisense_images_rebuilt/AVBC-HJDBA/AVBC-15HJDBA/04.jpg | Hisense/images-rebuild/2026-09-29/packets/02_AVBC/Hisense_images_rebuilt/AVBC-HJDBA/AVBC-54HJDBA/04.jpg | Hisense/images-rebuild/2026-09-29/packets/02_AVBC/Hisense_images_rebuilt/AVBC-HJDBA/AVBC-48HJDBA/04.jpg | Hisense/images-rebuild/2026-09-29/packets/02_AVBC/Hisense_images_rebuilt/AVBC-HJDBA/AVBC-22HJDBA/04.jpg | Hisense/images-rebuild/2026-09-29/packets/02_AVBC/Hisense_images_rebuilt/AVBC-HJDBA/AVBC-38HJDBA/04.jpg | Hisense/images-rebuild/2026-09-29/packets/02_AVBC/Hisense_images_rebuilt/AVBC-HJDBA/AVBC-09HJDBA/04.jpg | Hisense/images-rebuild/2026-09-29/packets/02_AVBC/Hisense_images_rebuilt/AVBC-HJFKA/AVBC-48HJFKA/03.jpg | Hisense/images-rebuild/2026-09-29/packets/02_AVBC/Hisense_images_rebuilt/AVBC-HJFKA/AVBC-19HJFKA/03.jpg | Hisense/images-rebuild/2026-09-29/packets/02_AVBC/Hisense_images_rebuilt/AVBC-HJFKA/AVBC-24HJFKA/03.jpg | Hisense/images-rebuild/2026-09-29/packets/02_AVBC/Hisense_images_rebuilt/AVBC-HJFKA/AVBC-38HJFKA/03.jpg | Hisense/images-rebuild/2026-09-29/packets/02_AVBC/Hisense_images_rebuilt/AVBC-HJFKA/AVBC-30HJFKA/03.jpg | Hisense/images-rebuild/2026-09-29/packets/02_AVBC/Hisense_images_rebuilt/AVBC-HJFKA/AVBC-54HJFKA/03.jpg | Hisense/images-rebuild/2026-09-29/packets/06_S5/Hisense_images_rebuilt/S5/AVWT-307HKF5/07.jpg | Hisense/images-rebuild/2026-09-29/packets/06_S5/Hisense_images_rebuilt/S5/AVWT-386HKF5/07.jpg | Hisense/images-rebuild/2026-09-29/packets/06_S5/Hisense_images_rebuilt/S5/AVWT-343HKF5/07.jpg | Hisense/images-rebuild/2026-09-29/packets/06_S5/Hisense_images_rebuilt/S5/AVWT-365HKF5/07.jpg | Hisense/images-rebuild/2026-09-29/packets/06_S5/Hisense_images_rebuilt/S5/AVWT-324HKF5/07.jpg | Hisense/images-rebuild/2026-09-29/packets/06_S5/Hisense_images_rebuilt/S5/AVWT-136HKF5/07.jpg | Hisense/images-rebuild/2026-09-29/packets/06_S5/Hisense_images_rebuilt/S5/AVWT-290HKF5/07.jpg | Hisense/images-rebuild/2026-09-29/packets/06_S5/Hisense_images_rebuilt/S5/AVWT-154HKF5/07.jpg | Hisense/images-rebuild/2026-09-29/packets/06_S5/Hisense_images_rebuilt/S5/AVWT-190HKF5/07.jpg | Hisense/images-rebuild/2026-09-29/packets/06_S5/Hisense_images_rebuilt/S5/AVWT-212HKF5/07.jpg | Hisense/images-rebuild/2026-09-29/packets/06_S5/Hisense_images_rebuilt/S5/AVWT-114HKF5/07.jpg | Hisense/images-rebuild/2026-09-29/packets/06_S5/Hisense_images_rebuilt/S5/AVWT-272HKF5/07.jpg | Hisense/images-rebuild/2026-09-29/packets/06_S5/Hisense_images_rebuilt/S5/AVWT-170HKF5/07.jpg | Hisense/images-rebuild/2026-09-29/packets/06_S5/Hisense_images_rebuilt/S5/AVWT-232HKF5/07.jpg | Hisense/images-rebuild/2026-09-29/packets/06_S5/Hisense_images_rebuilt/S5/AVWT-76HKF5/07.jpg | Hisense/images-rebuild/2026-09-29/packets/06_S5/Hisense_images_rebuilt/S5/AVWT-250HKF5/07.jpg | Hisense/images-rebuild/2026-09-29/packets/06_S5/Hisense_images_rebuilt/S5/AVWT-404HKF5/07.jpg | Hisense/images-rebuild/2026-09-29/packets/06_S5/Hisense_images_rebuilt/S5/AVWT-96HKF5/07.jpg | Hisense/images-rebuild/2026-09-29/packets/07_H5_A_W/Hisense_images_rebuilt/H5/AVW-154HKDHE2/08.jpg | Hisense/images-rebuild/2026-09-29/packets/07_H5_A_W/Hisense_images_rebuilt/H5/AVW-114HKDHE2/08.jpg | Hisense/images-rebuild/2026-09-29/packets/07_H5_A_W/Hisense_images_rebuilt/H5/AVW-136HKDHE2/08.jpg | Hisense/images-rebuild/2026-09-29/packets/07_H5_A_W/Hisense_images_rebuilt/H5/AVW-54HJDH2H1/09.jpg | Hisense/images-rebuild/2026-09-29/packets/07_H5_A_W/Hisense_images_rebuilt/H5/AVW-76HKDHE2/08.jpg | Hisense/images-rebuild/2026-09-29/packets/07_H5_A_W/Hisense_images_rebuilt/H5/AVW-96HKDHE2/08.jpg | Hisense/images-rebuild/2026-09-29/packets/07_H5_A_W/Hisense_images_rebuilt/H5/AVW-41HJDH2H1/09.jpg | Hisense/images-rebuild/2026-09-29/packets/07_H5_A_W/Hisense_images_rebuilt/H5/AVW-48HJDH2H1/09.jpg | Hisense/images-rebuild/2026-09-29/packets/07_H5_A_W/Hisense_images_rebuilt/A/AVW-76HJFAE1/05.jpg | Hisense/images-rebuild/2026-09-29/packets/07_H5_A_W/Hisense_images_rebuilt/A/AVW-48HJFAE1/06.jpg | Hisense/images-rebuild/2026-09-29/packets/07_H5_A_W/Hisense_images_rebuilt/A/AVW-34HJFAE1/06.jpg | Hisense/images-rebuild/2026-09-29/packets/07_H5_A_W/Hisense_images_rebuilt/A/AVW-63HJFAE1/05.jpg | Hisense/images-rebuild/2026-09-29/packets/07_H5_A_W/Hisense_images_rebuilt/A/AVW-27HJFAE1/06.jpg | Hisense/images-rebuild/2026-09-29/packets/07_H5_A_W/Hisense_images_rebuilt/A/AVW-68HJFAE1/05.jpg | Hisense/images-rebuild/2026-09-29/packets/07_H5_A_W/Hisense_images_rebuilt/A/AVW-54HJFAE1/06.jpg | Hisense/images-rebuild/2026-09-29/packets/07_H5_A_W/Hisense_images_rebuilt/A/AVW-42HJFAE1/06.jpg | Hisense/images-rebuild/2026-09-29/packets/07_H5_A_W/Hisense_images_rebuilt/W HEAT RECOVERY/AVWW-96FKFW1/02.jpg | Hisense/images-rebuild/2026-09-29/packets/07_H5_A_W/Hisense_images_rebuilt/W HEAT RECOVERY/AVWW-76FKFW1/02.jpg | Hisense/images-rebuild/2026-09-29/packets/07_H5_A_W/Hisense_images_rebuilt/W HEAT RECOVERY/AVWW-154FKFW1/02.jpg | Hisense/images-rebuild/2026-09-29/packets/07_H5_A_W/Hisense_images_rebuilt/W HEAT RECOVERY/AVWW-170FKFW1/02.jpg | Hisense/images-rebuild/2026-09-29/packets/07_H5_A_W/Hisense_images_rebuilt/W HEAT RECOVERY/AVWW-136FKFW1/02.jpg | Hisense/images-rebuild/2026-09-29/packets/07_H5_A_W/Hisense_images_rebuilt/W HEAT RECOVERY/AVWW-114FKFW1/02.jpg | Hisense/images-rebuild/2026-09-29/packets/07_H5_A_W/Hisense_images_rebuilt/W HEAT RECOVERY/AVWW-190FKFW1/02.jpg | Hisense/images-rebuild/2026-09-29/packets/03_AVS_AVF/Hisense_images_rebuilt/AVS-HJDTD/AVS-09HJDTD/03.jpg | Hisense/images-rebuild/2026-09-29/packets/03_AVS_AVF/Hisense_images_rebuilt/AVS-HJDTD/AVS-12HJDTD/03.jpg | Hisense/images-rebuild/2026-09-29/packets/03_AVS_AVF/Hisense_images_rebuilt/AVS-HJDTD/AVS-07HJDTD/03.jpg | Hisense/images-rebuild/2026-09-29/packets/03_AVS_AVF/Hisense_images_rebuilt/AVS-HJDTD/AVS-05HJDTD/03.jpg | Hisense/images-rebuild/2026-09-29/packets/03_AVS_AVF/Hisense_images_rebuilt/AVS-HJDTD/AVS-28HJDTD/03.jpg | Hisense/images-rebuild/2026-09-29/packets/03_AVS_AVF/Hisense_images_rebuilt/AVS-HJDTD/AVS-19HJDTD/03.jpg | Hisense/images-rebuild/2026-09-29/packets/03_AVS_AVF/Hisense_images_rebuilt/AVS-HJDTD/AVS-24HJDTD/03.jpg | Hisense/images-rebuild/2026-09-29/packets/03_AVS_AVF/Hisense_images_rebuilt/AVS-HJDTD/AVS-15HJDTD/03.jpg
4,6df5149423b16ee25509883ac640edd3c20f403045a9c0575f0ca0adfa85718b,13,13,AVD-HJDH/AVD-09HJDH | AVD-HJDH/AVD-12HJDH | AVD-HJDH/AVD-15HJDH | AVD-HJDH/AVD-19HJDH | AVD-HJDH/AVD-24HJDH | AVD-HJDH/AVD-24HJDH1 | AVD-HJDH/AVD-30HJDH | AVD-HJDH/AVD-38HJDH | AVD-HJDH/AVD-42HJDH | AVD-HJDH/AVD-48HJDH | AVD-HJDH/AVD-54HJDH | AVD-HJDH/AVD-76HJDH | AVD-HJDH/AVD-96HJDH,Hisense/images-rebuild/2026-09-29/packets/04_AVD_HJDH/Hisense_images_rebuilt/AVD-HJDH/AVD-24HJDH1/01.jpg | Hisense/images-rebuild/2026-09-29/packets/04_AVD_HJDH/Hisense_images_rebuilt/AVD-HJDH/AVD-54HJDH/01.jpg | Hisense/images-rebuild/2026-09-29/packets/04_AVD_HJDH/Hisense_images_rebuilt/AVD-HJDH/AVD-09HJDH/01.jpg | Hisense/images-rebuild/2026-09-29/packets/04_AVD_HJDH/Hisense_images_rebuilt/AVD-HJDH/AVD-76HJDH/01.jpg | Hisense/images-rebuild/2026-09-29/packets/04_AVD_HJDH/Hisense_images_rebuilt/AVD-HJDH/AVD-24HJDH/01.jpg | Hisense/images-rebuild/2026-09-29/packets/04_AVD_HJDH/Hisense_images_rebuilt/AVD-HJDH/AVD-19HJDH/01.jpg | Hisense/images-rebuild/2026-09-29/packets/04_AVD_HJDH/Hisense_images_rebuilt/AVD-HJDH/AVD-42HJDH/01.jpg | Hisense/images-rebuild/2026-09-29/packets/04_AVD_HJDH/Hisense_images_rebuilt/AVD-HJDH/AVD-12HJDH/01.jpg | Hisense/images-rebuild/2026-09-29/packets/04_AVD_HJDH/Hisense_images_rebuilt/AVD-HJDH/AVD-96HJDH/01.jpg | Hisense/images-rebuild/2026-09-29/packets/04_AVD_HJDH/Hisense_images_rebuilt/AVD-HJDH/AVD-15HJDH/01.jpg | Hisense/images-rebuild/2026-09-29/packets/04_AVD_HJDH/Hisense_images_rebuilt/AVD-HJDH/AVD-38HJDH/01.jpg | Hisense/images-rebuild/2026-09-29/packets/04_AVD_HJDH/Hisense_images_rebuilt/AVD-HJDH/AVD-30HJDH/01.jpg | Hisense/images-rebuild/2026-09-29/packets/04_AVD_HJDH/Hisense_images_rebuilt/AVD-HJDH/AVD-48HJDH/01.jpg
5,f960f0f1a38f1575ed7f1f0fbf5d7e2078bcf6d599abee4a1cffac442442a07c,13,13,AVD-HJDH/AVD-09HJDH | AVD-HJDH/AVD-12HJDH | AVD-HJDH/AVD-15HJDH | AVD-HJDH/AVD-19HJDH | AVD-HJDH/AVD-24HJDH | AVD-HJDH/AVD-24HJDH1 | AVD-HJDH/AVD-30HJDH | AVD-HJDH/AVD-38HJDH | AVD-HJDH/AVD-42HJDH | AVD-HJDH/AVD-48HJDH | AVD-HJDH/AVD-54HJDH | AVD-HJDH/AVD-76HJDH | AVD-HJDH/AVD-96HJDH,Hisense/images-rebuild/2026-09-29/packets/04_AVD_HJDH/Hisense_images_rebuilt/AVD-HJDH/AVD-24HJDH1/05.jpg | Hisense/images-rebuild/2026-09-29/packets/04_AVD_HJDH/Hisense_images_rebuilt/AVD-HJDH/AVD-54HJDH/05.jpg | Hisense/images-rebuild/2026-09-29/packets/04_AVD_HJDH/Hisense_images_rebuilt/AVD-HJDH/AVD-09HJDH/05.jpg | Hisense/images-rebuild/2026-09-29/packets/04_AVD_HJDH/Hisense_images_rebuilt/AVD-HJDH/AVD-76HJDH/05.jpg | Hisense/images-rebuild/2026-09-29/packets/04_AVD_HJDH/Hisense_images_rebuilt/AVD-HJDH/AVD-24HJDH/05.jpg | Hisense/images-rebuild/2026-09-29/packets/04_AVD_HJDH/Hisense_images_rebuilt/AVD-HJDH/AVD-19HJDH/05.jpg | Hisense/images-rebuild/2026-09-29/packets/04_AVD_HJDH/Hisense_images_rebuilt/AVD-HJDH/AVD-42HJDH/05.jpg | Hisense/images-rebuild/2026-09-29/packets/04_AVD_HJDH/Hisense_images_rebuilt/AVD-HJDH/AVD-12HJDH/05.jpg | Hisense/images-rebuild/2026-09-29/packets/04_AVD_HJDH/Hisense_images_rebuilt/AVD-HJDH/AVD-96HJDH/05.jpg | Hisense/images-rebuild/2026-09-29/packets/04_AVD_HJDH/Hisense_images_rebuilt/AVD-HJDH/AVD-15HJDH/05.jpg | Hisense/images-rebuild/2026-09-29/packets/04_AVD_HJDH/Hisense_images_rebuilt/AVD-HJDH/AVD-38HJDH/05.jpg | Hisense/images-rebuild/2026-09-29/packets/04_AVD_HJDH/Hisense_images_rebuilt/AVD-HJDH/AVD-30HJDH/05.jpg | Hisense/images-rebuild/2026-09-29/packets/04_AVD_HJDH/Hisense_images_rebuilt/AVD-HJDH/AVD-48HJDH/05.jpg
6,1237e5f4b139a85f735a422cf7ec7f224aa92cb9de9bb2777d4b86823940c746,13,13,AVD-HJDH/AVD-09HJDH | AVD-HJDH/AVD-12HJDH | AVD-HJDH/AVD-15HJDH | AVD-HJDH/AVD-19HJDH | AVD-HJDH/AVD-24HJDH | AVD-HJDH/AVD-24HJDH1 | AVD-HJDH/AVD-30HJDH | AVD-HJDH/AVD-38HJDH | AVD-HJDH/AVD-42HJDH | AVD-HJDH/AVD-48HJDH | AVD-HJDH/AVD-54HJDH | AVD-HJDH/AVD-76HJDH | AVD-HJDH/AVD-96HJDH,Hisense/images-rebuild/2026-09-29/packets/04_AVD_HJDH/Hisense_images_rebuilt/AVD-HJDH/AVD-24HJDH1/04.jpg | Hisense/images-rebuild/2026-09-29/packets/04_AVD_HJDH/Hisense_images_rebuilt/AVD-HJDH/AVD-54HJDH/04.jpg | Hisense/images-rebuild/2026-09-29/packets/04_AVD_HJDH/Hisense_images_rebuilt/AVD-HJDH/AVD-09HJDH/04.jpg | Hisense/images-rebuild/2026-09-29/packets/04_AVD_HJDH/Hisense_images_rebuilt/AVD-HJDH/AVD-76HJDH/04.jpg | Hisense/images-rebuild/2026-09-29/packets/04_AVD_HJDH/Hisense_images_rebuilt/AVD-HJDH/AVD-24HJDH/04.jpg | Hisense/images-rebuild/2026-09-29/packets/04_AVD_HJDH/Hisense_images_rebuilt/AVD-HJDH/AVD-19HJDH/04.jpg | Hisense/images-rebuild/2026-09-29/packets/04_AVD_HJDH/Hisense_images_rebuilt/AVD-HJDH/AVD-42HJDH/04.jpg | Hisense/images-rebuild/2026-09-29/packets/04_AVD_HJDH/Hisense_images_rebuilt/AVD-HJDH/AVD-12HJDH/04.jpg | Hisense/images-rebuild/2026-09-29/packets/04_AVD_HJDH/Hisense_images_rebuilt/AVD-HJDH/AVD-96HJDH/04.jpg | Hisense/images-rebuild/2026-09-29/packets/04_AVD_HJDH/Hisense_images_rebuilt/AVD-HJDH/AVD-15HJDH/04.jpg | Hisense/images-rebuild/2026-09-29/packets/04_AVD_HJDH/Hisense_images_rebuilt/AVD-HJDH/AVD-38HJDH/04.jpg | Hisense/images-rebuild/2026-09-29/packets/04_AVD_HJDH/Hisense_images_rebuilt/AVD-HJDH/AVD-30HJDH/04.jpg | Hisense/images-rebuild/2026-09-29/packets/04_AVD_HJDH/Hisense_images_rebuilt/AVD-HJDH/AVD-48HJDH/04.jpg
7,2eabc4904c2140379b78962a50b9681b6dd0f72aec33f6f6cd2a503e49e652a0,9,9,MACS/MACS-I-F110P2KU | MACS/MACS-I-F130P2KU | MACS/MACS-I-F20P2KU | MACS/MACS-I-F30P2KU | MACS/MACS-I-F40P2KU | MACS/MACS-I-F45P2KU | MACS/MACS-I-F56P2KU | MACS/MACS-I-F75P2KU | MACS/MACS-I-F90P2KU,Hisense/images-rebuild/2026-09-29/packets/09_MACS_F_W/Hisense_images_rebuilt/MACS/MACS-I-F130P2KU/01.jpg | Hisense/images-rebuild/2026-09-29/packets/09_MACS_F_W/Hisense_images_rebuilt/MACS/MACS-I-F110P2KU/01.jpg | Hisense/images-rebuild/2026-09-29/packets/09_MACS_F_W/Hisense_images_rebuilt/MACS/MACS-I-F40P2KU/01.jpg | Hisense/images-rebuild/2026-09-29/packets/09_MACS_F_W/Hisense_images_rebuilt/MACS/MACS-I-F45P2KU/01.jpg | Hisense/images-rebuild/2026-09-29/packets/09_MACS_F_W/Hisense_images_rebuilt/MACS/MACS-I-F30P2KU/01.jpg | Hisense/images-rebuild/2026-09-29/packets/09_MACS_F_W/Hisense_images_rebuilt/MACS/MACS-I-F56P2KU/01.jpg | Hisense/images-rebuild/2026-09-29/packets/09_MACS_F_W/Hisense_images_rebuilt/MACS/MACS-I-F20P2KU/01.jpg | Hisense/images-rebuild/2026-09-29/packets/09_MACS_F_W/Hisense_images_rebuilt/MACS/MACS-I-F90P2KU/01.jpg | Hisense/images-rebuild/2026-09-29/packets/09_MACS_F_W/Hisense_images_rebuilt/MACS/MACS-I-F75P2KU/01.jpg
8,3f1a728e352c8646ddf41376df8bd9fc6f542a79a4dca45fda395159d5527150,5,5,MACS/MACS-I-W27P2K | MACS/MACS-I-W29P2K | MACS/MACS-I-W38P2K | MACS/MACS-I-W45P2K | MACS/MACS-I-W54P2K,Hisense/images-rebuild/2026-09-29/packets/09_MACS_F_W/Hisense_images_rebuilt/MACS/MACS-I-W27P2K/02.jpg | Hisense/images-rebuild/2026-09-29/packets/09_MACS_F_W/Hisense_images_rebuilt/MACS/MACS-I-W45P2K/02.jpg | Hisense/images-rebuild/2026-09-29/packets/09_MACS_F_W/Hisense_images_rebuilt/MACS/MACS-I-W38P2K/02.jpg | Hisense/images-rebuild/2026-09-29/packets/09_MACS_F_W/Hisense_images_rebuilt/MACS/MACS-I-W29P2K/02.jpg | Hisense/images-rebuild/2026-09-29/packets/09_MACS_F_W/Hisense_images_rebuilt/MACS/MACS-I-W54P2K/02.jpg
9,9a5156d8119fb6289110b5a0abc5b467672894c704ec1de3085b203b2653519d,5,5,MACS/MACS-I-W27P2K | MACS/MACS-I-W29P2K | MACS/MACS-I-W38P2K | MACS/MACS-I-W45P2K | MACS/MACS-I-W54P2K,Hisense/images-rebuild/2026-09-29/packets/09_MACS_F_W/Hisense_images_rebuilt/MACS/MACS-I-W27P2K/03.jpg | Hisense/images-rebuild/2026-09-29/packets/09_MACS_F_W/Hisense_images_rebuilt/MACS/MACS-I-W45P2K/03.jpg | Hisense/images-rebuild/2026-09-29/packets/09_MACS_F_W/Hisense_images_rebuilt/MACS/MACS-I-W38P2K/03.jpg | Hisense/images-rebuild/2026-09-29/packets/09_MACS_F_W/Hisense_images_rebuilt/MACS/MACS-I-W29P2K/03.jpg | Hisense/images-rebuild/2026-09-29/packets/09_MACS_F_W/Hisense_images_rebuilt/MACS/MACS-I-W54P2K/03.jpg
10,69d4e1d87ae8cfc6ad09c89f00c2d263bdea1c78b784d8f97297a4d09380675f,5,5,MACS/MACS-I-W27P2K | MACS/MACS-I-W29P2K | MACS/MACS-I-W38P2K | MACS/MACS-I-W45P2K | MACS/MACS-I-W54P2K,Hisense/images-rebuild/2026-09-29/packets/09_MACS_F_W/Hisense_images_rebuilt/MACS/MACS-I-W27P2K/01.jpg | Hisense/images-rebuild/2026-09-29/packets/09_MACS_F_W/Hisense_images_rebuilt/MACS/MACS-I-W45P2K/01.jpg | Hisense/images-rebuild/2026-09-29/packets/09_MACS_F_W/Hisense_images_rebuilt/MACS/MACS-I-W38P2K/01.jpg | Hisense/images-rebuild/2026-09-29/packets/09_MACS_F_W/Hisense_images_rebuilt/MACS/MACS-I-W29P2K/01.jpg | Hisense/images-rebuild/2026-09-29/packets/09_MACS_F_W/Hisense_images_rebuilt/MACS/MACS-I-W54P2K/01.jpg
11,75bab318ca311309b34aad28b41768ac4cea0a5aa161616118a8e806029f6070,5,5,MACS/MACS-I-W27P2K | MACS/MACS-I-W29P2K | MACS/MACS-I-W38P2K | MACS/MACS-I-W45P2K | MACS/MACS-I-W54P2K,Hisense/images-rebuild/2026-09-29/packets/09_MACS_F_W/Hisense_images_rebuilt/MACS/MACS-I-W27P2K/05.jpg | Hisense/images-rebuild/2026-09-29/packets/09_MACS_F_W/Hisense_images_rebuilt/MACS/MACS-I-W45P2K/05.jpg | Hisense/images-rebuild/2026-09-29/packets/09_MACS_F_W/Hisense_images_rebuilt/MACS/MACS-I-W38P2K/05.jpg | Hisense/images-rebuild/2026-09-29/packets/09_MACS_F_W/Hisense_images_rebuilt/MACS/MACS-I-W29P2K/05.jpg | Hisense/images-rebuild/2026-09-29/packets/09_MACS_F_W/Hisense_images_rebuilt/MACS/MACS-I-W54P2K/05.jpg
12,c06ba8865fc016e2829754cce0af9a98db155a20b76e5399a9bb613b750966c4,5,5,MACS/MACS-I-W27P2K | MACS/MACS-I-W29P2K | MACS/MACS-I-W38P2K | MACS/MACS-I-W45P2K | MACS/MACS-I-W54P2K,Hisense/images-rebuild/2026-09-29/packets/09_MACS_F_W/Hisense_images_rebuilt/MACS/MACS-I-W27P2K/04.jpg | Hisense/images-rebuild/2026-09-29/packets/09_MACS_F_W/Hisense_images_rebuilt/MACS/MACS-I-W45P2K/04.jpg | Hisense/images-rebuild/2026-09-29/packets/09_MACS_F_W/Hisense_images_rebuilt/MACS/MACS-I-W38P2K/04.jpg | Hisense/images-rebuild/2026-09-29/packets/09_MACS_F_W/Hisense_images_rebuilt/MACS/MACS-I-W29P2K/04.jpg | Hisense/images-rebuild/2026-09-29/packets/09_MACS_F_W/Hisense_images_rebuilt/MACS/MACS-I-W54P2K/04.jpg
13,bd7e048514c9eaaad1834f09c60c5da417d7cf5430b6bc09b4692d165540dad0,7,7,AVE-HJDDH/AVE-05HJDDH | AVE-HJDDH/AVE-07HJDDH | AVE-HJDDH/AVE-09HJDDH | AVE-HJDDH/AVE-12HJDDH | AVE-HJDDH/AVE-15HJDDH | AVE-HJDDH/AVE-19HJDDH | AVE-HJDDH/AVE-24HJDDH,Hisense/images-rebuild/2026-09-29/packets/05_AVD_HJFH_AVE/Hisense_images_rebuilt/AVE-HJDDH/AVE-12HJDDH/10.jpg | Hisense/images-rebuild/2026-09-29/packets/05_AVD_HJFH_AVE/Hisense_images_rebuilt/AVE-HJDDH/AVE-07HJDDH/10.jpg | Hisense/images-rebuild/2026-09-29/packets/05_AVD_HJFH_AVE/Hisense_images_rebuilt/AVE-HJDDH/AVE-19HJDDH/10.jpg | Hisense/images-rebuild/2026-09-29/packets/05_AVD_HJFH_AVE/Hisense_images_rebuilt/AVE-HJDDH/AVE-09HJDDH/10.jpg | Hisense/images-rebuild/2026-09-29/packets/05_AVD_HJFH_AVE/Hisense_images_rebuilt/AVE-HJDDH/AVE-05HJDDH/10.jpg | Hisense/images-rebuild/2026-09-29/packets/05_AVD_HJFH_AVE/Hisense_images_rebuilt/AVE-HJDDH/AVE-24HJDDH/10.jpg | Hisense/images-rebuild/2026-09-29/packets/05_AVD_HJFH_AVE/Hisense_images_rebuilt/AVE-HJDDH/AVE-15HJDDH/10.jpg
14,d2c3c0ea364a0548d909ebb64f67f3908381c4f5b85d544c6eca0c24eef9071e,7,7,AVE-HJDDH/AVE-05HJDDH | AVE-HJDDH/AVE-07HJDDH | AVE-HJDDH/AVE-09HJDDH | AVE-HJDDH/AVE-12HJDDH | AVE-HJDDH/AVE-15HJDDH | AVE-HJDDH/AVE-19HJDDH | AVE-HJDDH/AVE-24HJDDH,Hisense/images-rebuild/2026-09-29/packets/05_AVD_HJFH_AVE/Hisense_images_rebuilt/AVE-HJDDH/AVE-12HJDDH/08.jpg | Hisense/images-rebuild/2026-09-29/packets/05_AVD_HJFH_AVE/Hisense_images_rebuilt/AVE-HJDDH/AVE-07HJDDH/08.jpg | Hisense/images-rebuild/2026-09-29/packets/05_AVD_HJFH_AVE/Hisense_images_rebuilt/AVE-HJDDH/AVE-19HJDDH/08.jpg | Hisense/images-rebuild/2026-09-29/packets/05_AVD_HJFH_AVE/Hisense_images_rebuilt/AVE-HJDDH/AVE-09HJDDH/08.jpg | Hisense/images-rebuild/2026-09-29/packets/05_AVD_HJFH_AVE/Hisense_images_rebuilt/AVE-HJDDH/AVE-05HJDDH/08.jpg | Hisense/images-rebuild/2026-09-29/packets/05_AVD_HJFH_AVE/Hisense_images_rebuilt/AVE-HJDDH/AVE-24HJDDH/08.jpg | Hisense/images-rebuild/2026-09-29/packets/05_AVD_HJFH_AVE/Hisense_images_rebuilt/AVE-HJDDH/AVE-15HJDDH/08.jpg
15,0a54bd6887c68f66092d2e2f352dc99bf038bca7c85a7bdcab18e5cb53c23546,7,7,AVE-HJDDH/AVE-05HJDDH | AVE-HJDDH/AVE-07HJDDH | AVE-HJDDH/AVE-09HJDDH | AVE-HJDDH/AVE-12HJDDH | AVE-HJDDH/AVE-15HJDDH | AVE-HJDDH/AVE-19HJDDH | AVE-HJDDH/AVE-24HJDDH,Hisense/images-rebuild/2026-09-29/packets/05_AVD_HJFH_AVE/Hisense_images_rebuilt/AVE-HJDDH/AVE-12HJDDH/06.jpg | Hisense/images-rebuild/2026-09-29/packets/05_AVD_HJFH_AVE/Hisense_images_rebuilt/AVE-HJDDH/AVE-07HJDDH/06.jpg | Hisense/images-rebuild/2026-09-29/packets/05_AVD_HJFH_AVE/Hisense_images_rebuilt/AVE-HJDDH/AVE-19HJDDH/06.jpg | Hisense/images-rebuild/2026-09-29/packets/05_AVD_HJFH_AVE/Hisense_images_rebuilt/AVE-HJDDH/AVE-09HJDDH/06.jpg | Hisense/images-rebuild/2026-09-29/packets/05_AVD_HJFH_AVE/Hisense_images_rebuilt/AVE-HJDDH/AVE-05HJDDH/06.jpg | Hisense/images-rebuild/2026-09-29/packets/05_AVD_HJFH_AVE/Hisense_images_rebuilt/AVE-HJDDH/AVE-24HJDDH/06.jpg | Hisense/images-rebuild/2026-09-29/packets/05_AVD_HJFH_AVE/Hisense_images_rebuilt/AVE-HJDDH/AVE-15HJDDH/06.jpg
16,f4656e8c492bc5b78860a8d9b20c952a1c62232cdf76926e00f2f53a4287417e,7,7,AVE-HJDDH/AVE-05HJDDH | AVE-HJDDH/AVE-07HJDDH | AVE-HJDDH/AVE-09HJDDH | AVE-HJDDH/AVE-12HJDDH | AVE-HJDDH/AVE-15HJDDH | AVE-HJDDH/AVE-19HJDDH | AVE-HJDDH/AVE-24HJDDH,Hisense/images-rebuild/2026-09-29/packets/05_AVD_HJFH_AVE/Hisense_images_rebuilt/AVE-HJDDH/AVE-12HJDDH/07.jpg | Hisense/images-rebuild/2026-09-29/packets/05_AVD_HJFH_AVE/Hisense_images_rebuilt/AVE-HJDDH/AVE-07HJDDH/07.jpg | Hisense/images-rebuild/2026-09-29/packets/05_AVD_HJFH_AVE/Hisense_images_rebuilt/AVE-HJDDH/AVE-19HJDDH/07.jpg | Hisense/images-rebuild/2026-09-29/packets/05_AVD_HJFH_AVE/Hisense_images_rebuilt/AVE-HJDDH/AVE-09HJDDH/07.jpg | Hisense/images-rebuild/2026-09-29/packets/05_AVD_HJFH_AVE/Hisense_images_rebuilt/AVE-HJDDH/AVE-05HJDDH/07.jpg | Hisense/images-rebuild/2026-09-29/packets/05_AVD_HJFH_AVE/Hisense_images_rebuilt/AVE-HJDDH/AVE-24HJDDH/07.jpg | Hisense/images-rebuild/2026-09-29/packets/05_AVD_HJFH_AVE/Hisense_images_rebuilt/AVE-HJDDH/AVE-15HJDDH/07.jpg
17,1ecaafd0640fd08aa783244262aecfc6928d8bb0a2bc769dbbe5713a4cc32bb5,7,7,AVE-HJDDH/AVE-05HJDDH | AVE-HJDDH/AVE-07HJDDH | AVE-HJDDH/AVE-09HJDDH | AVE-HJDDH/AVE-12HJDDH | AVE-HJDDH/AVE-15HJDDH | AVE-HJDDH/AVE-19HJDDH | AVE-HJDDH/AVE-24HJDDH,Hisense/images-rebuild/2026-09-29/packets/05_AVD_HJFH_AVE/Hisense_images_rebuilt/AVE-HJDDH/AVE-12HJDDH/11.jpg | Hisense/images-rebuild/2026-09-29/packets/05_AVD_HJFH_AVE/Hisense_images_rebuilt/AVE-HJDDH/AVE-07HJDDH/11.jpg | Hisense/images-rebuild/2026-09-29/packets/05_AVD_HJFH_AVE/Hisense_images_rebuilt/AVE-HJDDH/AVE-19HJDDH/11.jpg | Hisense/images-rebuild/2026-09-29/packets/05_AVD_HJFH_AVE/Hisense_images_rebuilt/AVE-HJDDH/AVE-09HJDDH/11.jpg | Hisense/images-rebuild/2026-09-29/packets/05_AVD_HJFH_AVE/Hisense_images_rebuilt/AVE-HJDDH/AVE-05HJDDH/11.jpg | Hisense/images-rebuild/2026-09-29/packets/05_AVD_HJFH_AVE/Hisense_images_rebuilt/AVE-HJDDH/AVE-24HJDDH/11.jpg | Hisense/images-rebuild/2026-09-29/packets/05_AVD_HJFH_AVE/Hisense_images_rebuilt/AVE-HJDDH/AVE-15HJDDH/11.jpg
18,cf12b8ad103fbb6f0b30f990959c213ed9461a642f9748238321e39b04420870,7,7,AVE-HJDDH/AVE-05HJDDH | AVE-HJDDH/AVE-07HJDDH | AVE-HJDDH/AVE-09HJDDH | AVE-HJDDH/AVE-12HJDDH | AVE-HJDDH/AVE-15HJDDH | AVE-HJDDH/AVE-19HJDDH | AVE-HJDDH/AVE-24HJDDH,Hisense/images-rebuild/2026-09-29/packets/05_AVD_HJFH_AVE/Hisense_images_rebuilt/AVE-HJDDH/AVE-12HJDDH/01.jpg | Hisense/images-rebuild/2026-09-29/packets/05_AVD_HJFH_AVE/Hisense_images_rebuilt/AVE-HJDDH/AVE-07HJDDH/01.jpg | Hisense/images-rebuild/2026-09-29/packets/05_AVD_HJFH_AVE/Hisense_images_rebuilt/AVE-HJDDH/AVE-19HJDDH/01.jpg | Hisense/images-rebuild/2026-09-29/packets/05_AVD_HJFH_AVE/Hisense_images_rebuilt/AVE-HJDDH/AVE-09HJDDH/01.jpg | Hisense/images-rebuild/2026-09-29/packets/05_AVD_HJFH_AVE/Hisense_images_rebuilt/AVE-HJDDH/AVE-05HJDDH/01.jpg | Hisense/images-rebuild/2026-09-29/packets/05_AVD_HJFH_AVE/Hisense_images_rebuilt/AVE-HJDDH/AVE-24HJDDH/01.jpg | Hisense/images-rebuild/2026-09-29/packets/05_AVD_HJFH_AVE/Hisense_images_rebuilt/AVE-HJDDH/AVE-15HJDDH/01.jpg
19,15cb0666be581378a93d57492b63bd2a51c1d2de2d74c2294351543c78a288e8,7,7,AVE-HJDDH/AVE-05HJDDH | AVE-HJDDH/AVE-07HJDDH | AVE-HJDDH/AVE-09HJDDH | AVE-HJDDH/AVE-12HJDDH | AVE-HJDDH/AVE-15HJDDH | AVE-HJDDH/AVE-19HJDDH | AVE-HJDDH/AVE-24HJDDH,Hisense/images-rebuild/2026-09-29/packets/05_AVD_HJFH_AVE/Hisense_images_rebuilt/AVE-HJDDH/AVE-12HJDDH/09.jpg | Hisense/images-rebuild/2026-09-29/packets/05_AVD_HJFH_AVE/Hisense_images_rebuilt/AVE-HJDDH/AVE-07HJDDH/09.jpg | Hisense/images-rebuild/2026-09-29/packets/05_AVD_HJFH_AVE/Hisense_images_rebuilt/AVE-HJDDH/AVE-19HJDDH/09.jpg | Hisense/images-rebuild/2026-09-29/packets/05_AVD_HJFH_AVE/Hisense_images_rebuilt/AVE-HJDDH/AVE-09HJDDH/09.jpg | Hisense/images-rebuild/2026-09-29/packets/05_AVD_HJFH_AVE/Hisense_images_rebuilt/AVE-HJDDH/AVE-05HJDDH/09.jpg | Hisense/images-rebuild/2026-09-29/packets/05_AVD_HJFH_AVE/Hisense_images_rebuilt/AVE-HJDDH/AVE-24HJDDH/09.jpg | Hisense/images-rebuild/2026-09-29/packets/05_AVD_HJFH_AVE/Hisense_images_rebuilt/AVE-HJDDH/AVE-15HJDDH/09.jpg
20,3dad5fb8e0aef110df51c052e2751a47f45752ac607cd4fd7e0dc6e38527460d,7,7,AVE-HJDDH/AVE-05HJDDH | AVE-HJDDH/AVE-07HJDDH | AVE-HJDDH/AVE-09HJDDH | AVE-HJDDH/AVE-12HJDDH | AVE-HJDDH/AVE-15HJDDH | AVE-HJDDH/AVE-19HJDDH | AVE-HJDDH/AVE-24HJDDH,Hisense/images-rebuild/2026-09-29/packets/05_AVD_HJFH_AVE/Hisense_images_rebuilt/AVE-HJDDH/AVE-12HJDDH/05.jpg | Hisense/images-rebuild/2026-09-29/packets/05_AVD_HJFH_AVE/Hisense_images_rebuilt/AVE-HJDDH/AVE-07HJDDH/05.jpg | Hisense/images-rebuild/2026-09-29/packets/05_AVD_HJFH_AVE/Hisense_images_rebuilt/AVE-HJDDH/AVE-19HJDDH/05.jpg | Hisense/images-rebuild/2026-09-29/packets/05_AVD_HJFH_AVE/Hisense_images_rebuilt/AVE-HJDDH/AVE-09HJDDH/05.jpg | Hisense/images-rebuild/2026-09-29/packets/05_AVD_HJFH_AVE/Hisense_images_rebuilt/AVE-HJDDH/AVE-05HJDDH/05.jpg | Hisense/images-rebuild/2026-09-29/packets/05_AVD_HJFH_AVE/Hisense_images_rebuilt/AVE-HJDDH/AVE-24HJDDH/05.jpg | Hisense/images-rebuild/2026-09-29/packets/05_AVD_HJFH_AVE/Hisense_images_rebuilt/AVE-HJDDH/AVE-15HJDDH/05.jpg
21,d515bf299adec882c430b050c5df7bfde5f398b9bbe7604a5fe24a596345198b,7,7,AVE-HJDDH/AVE-05HJDDH | AVE-HJDDH/AVE-07HJDDH | AVE-HJDDH/AVE-09HJDDH | AVE-HJDDH/AVE-12HJDDH | AVE-HJDDH/AVE-15HJDDH | AVE-HJDDH/AVE-19HJDDH | AVE-HJDDH/AVE-24HJDDH,Hisense/images-rebuild/2026-09-29/packets/05_AVD_HJFH_AVE/Hisense_images_rebuilt/AVE-HJDDH/AVE-12HJDDH/12.jpg | Hisense/images-rebuild/2026-09-29/packets/05_AVD_HJFH_AVE/Hisense_images_rebuilt/AVE-HJDDH/AVE-07HJDDH/12.jpg | Hisense/images-rebuild/2026-09-29/packets/05_AVD_HJFH_AVE/Hisense_images_rebuilt/AVE-HJDDH/AVE-19HJDDH/12.jpg | Hisense/images-rebuild/2026-09-29/packets/05_AVD_HJFH_AVE/Hisense_images_rebuilt/AVE-HJDDH/AVE-09HJDDH/12.jpg | Hisense/images-rebuild/2026-09-29/packets/05_AVD_HJFH_AVE/Hisense_images_rebuilt/AVE-HJDDH/AVE-05HJDDH/12.jpg | Hisense/images-rebuild/2026-09-29/packets/05_AVD_HJFH_AVE/Hisense_images_rebuilt/AVE-HJDDH/AVE-24HJDDH/12.jpg | Hisense/images-rebuild/2026-09-29/packets/05_AVD_HJFH_AVE/Hisense_images_rebuilt/AVE-HJDDH/AVE-15HJDDH/12.jpg
22,42c4b23912911febf1793e6f9b889a43f7bc4490269465ce11dfb53ade38cfe3,7,7,AVE-HJDDH/AVE-05HJDDH | AVE-HJDDH/AVE-07HJDDH | AVE-HJDDH/AVE-09HJDDH | AVE-HJDDH/AVE-12HJDDH | AVE-HJDDH/AVE-15HJDDH | AVE-HJDDH/AVE-19HJDDH | AVE-HJDDH/AVE-24HJDDH,Hisense/images-rebuild/2026-09-29/packets/05_AVD_HJFH_AVE/Hisense_images_rebuilt/AVE-HJDDH/AVE-12HJDDH/04.jpg | Hisense/images-rebuild/2026-09-29/packets/05_AVD_HJFH_AVE/Hisense_images_rebuilt/AVE-HJDDH/AVE-07HJDDH/04.jpg | Hisense/images-rebuild/2026-09-29/packets/05_AVD_HJFH_AVE/Hisense_images_rebuilt/AVE-HJDDH/AVE-19HJDDH/04.jpg | Hisense/images-rebuild/2026-09-29/packets/05_AVD_HJFH_AVE/Hisense_images_rebuilt/AVE-HJDDH/AVE-09HJDDH/04.jpg | Hisense/images-rebuild/2026-09-29/packets/05_AVD_HJFH_AVE/Hisense_images_rebuilt/AVE-HJDDH/AVE-05HJDDH/04.jpg | Hisense/images-rebuild/2026-09-29/packets/05_AVD_HJFH_AVE/Hisense_images_rebuilt/AVE-HJDDH/AVE-24HJDDH/04.jpg | Hisense/images-rebuild/2026-09-29/packets/05_AVD_HJFH_AVE/Hisense_images_rebuilt/AVE-HJDDH/AVE-15HJDDH/04.jpg
23,130da847ad4fa3319d6c3bd4f17f64f7e22e5d423451a06ec2e2d1170d7efc60,26,26,AVBC-HJDBA/AVBC-09HJDBA | AVBC-HJDBA/AVBC-15HJDBA | AVBC-HJDBA/AVBC-19HJDBA | AVBC-HJDBA/AVBC-24HJDBA | AVBC-HJDBA/AVBC-30HJDBA | AVBC-HJDBA/AVBC-38HJDBA | AVBC-HJDBA/AVBC-48HJDBA | AVD-HJFH/AVD-07HJFH | AVD-HJFH/AVD-09HJFH | AVD-HJFH/AVD-12HJFH | AVD-HJFH/AVD-15HJFH | AVD-HJFH/AVD-19HJFH | AVD-HJFH/AVD-24HJFH1 | AVD-HJFH/AVD-30HJFH | AVD-HJFH/AVD-38HJFH | AVD-HJFH/AVD-48HJFH | AVD-HJFH/AVD-54HJFH | AVD-HJFH/AVD-76HJFH | AVD-HJFH/AVD-96HJFH | AVS-HJDTD/AVS-05HJDTD | AVS-HJDTD/AVS-07HJDTD | AVS-HJDTD/AVS-09HJDTD | AVS-HJDTD/AVS-12HJDTD | AVS-HJDTD/AVS-15HJDTD | AVS-HJDTD/AVS-19HJDTD | AVS-HJDTD/AVS-24HJDTD,Hisense/images-rebuild/2026-09-29/packets/05_AVD_HJFH_AVE/Hisense_images_rebuilt/AVD-HJFH/AVD-12HJFH/06.jpg | Hisense/images-rebuild/2026-09-29/packets/05_AVD_HJFH_AVE/Hisense_images_rebuilt/AVD-HJFH/AVD-15HJFH/06.jpg | Hisense/images-rebuild/2026-09-29/packets/05_AVD_HJFH_AVE/Hisense_images_rebuilt/AVD-HJFH/AVD-07HJFH/06.jpg | Hisense/images-rebuild/2026-09-29/packets/05_AVD_HJFH_AVE/Hisense_images_rebuilt/AVD-HJFH/AVD-09HJFH/06.jpg | Hisense/images-rebuild/2026-09-29/packets/05_AVD_HJFH_AVE/Hisense_images_rebuilt/AVD-HJFH/AVD-48HJFH/06.jpg | Hisense/images-rebuild/2026-09-29/packets/05_AVD_HJFH_AVE/Hisense_images_rebuilt/AVD-HJFH/AVD-76HJFH/06.jpg | Hisense/images-rebuild/2026-09-29/packets/05_AVD_HJFH_AVE/Hisense_images_rebuilt/AVD-HJFH/AVD-96HJFH/06.jpg | Hisense/images-rebuild/2026-09-29/packets/05_AVD_HJFH_AVE/Hisense_images_rebuilt/AVD-HJFH/AVD-54HJFH/06.jpg | Hisense/images-rebuild/2026-09-29/packets/05_AVD_HJFH_AVE/Hisense_images_rebuilt/AVD-HJFH/AVD-19HJFH/06.jpg | Hisense/images-rebuild/2026-09-29/packets/05_AVD_HJFH_AVE/Hisense_images_rebuilt/AVD-HJFH/AVD-24HJFH1/06.jpg | Hisense/images-rebuild/2026-09-29/packets/05_AVD_HJFH_AVE/Hisense_images_rebuilt/AVD-HJFH/AVD-38HJFH/06.jpg | Hisense/images-rebuild/2026-09-29/packets/05_AVD_HJFH_AVE/Hisense_images_rebuilt/AVD-HJFH/AVD-30HJFH/06.jpg | Hisense/images-rebuild/2026-09-29/packets/02_AVBC/Hisense_images_rebuilt/AVBC-HJDBA/AVBC-24HJDBA/08.jpg | Hisense/images-rebuild/2026-09-29/packets/02_AVBC/Hisense_images_rebuilt/AVBC-HJDBA/AVBC-19HJDBA/08.jpg | Hisense/images-rebuild/2026-09-29/packets/02_AVBC/Hisense_images_rebuilt/AVBC-HJDBA/AVBC-30HJDBA/08.jpg | Hisense/images-rebuild/2026-09-29/packets/02_AVBC/Hisense_images_rebuilt/AVBC-HJDBA/AVBC-15HJDBA/08.jpg | Hisense/images-rebuild/2026-09-29/packets/02_AVBC/Hisense_images_rebuilt/AVBC-HJDBA/AVBC-48HJDBA/08.jpg | Hisense/images-rebuild/2026-09-29/packets/02_AVBC/Hisense_images_rebuilt/AVBC-HJDBA/AVBC-38HJDBA/08.jpg | Hisense/images-rebuild/2026-09-29/packets/02_AVBC/Hisense_images_rebuilt/AVBC-HJDBA/AVBC-09HJDBA/08.jpg | Hisense/images-rebuild/2026-09-29/packets/03_AVS_AVF/Hisense_images_rebuilt/AVS-HJDTD/AVS-09HJDTD/07.jpg | Hisense/images-rebuild/2026-09-29/packets/03_AVS_AVF/Hisense_images_rebuilt/AVS-HJDTD/AVS-12HJDTD/07.jpg | Hisense/images-rebuild/2026-09-29/packets/03_AVS_AVF/Hisense_images_rebuilt/AVS-HJDTD/AVS-07HJDTD/07.jpg | Hisense/images-rebuild/2026-09-29/packets/03_AVS_AVF/Hisense_images_rebuilt/AVS-HJDTD/AVS-05HJDTD/07.jpg | Hisense/images-rebuild/2026-09-29/packets/03_AVS_AVF/Hisense_images_rebuilt/AVS-HJDTD/AVS-19HJDTD/07.jpg | Hisense/images-rebuild/2026-09-29/packets/03_AVS_AVF/Hisense_images_rebuilt/AVS-HJDTD/AVS-24HJDTD/07.jpg | Hisense/images-rebuild/2026-09-29/packets/03_AVS_AVF/Hisense_images_rebuilt/AVS-HJDTD/AVS-15HJDTD/07.jpg
24,23ad4a40ab2241de5aea6c5fe9d6039fca0f2d738b023f4d5cf60f9b2e3abdc4,12,12,AVD-HJFH/AVD-07HJFH | AVD-HJFH/AVD-09HJFH | AVD-HJFH/AVD-12HJFH | AVD-HJFH/AVD-15HJFH | AVD-HJFH/AVD-19HJFH | AVD-HJFH/AVD-24HJFH1 | AVD-HJFH/AVD-30HJFH | AVD-HJFH/AVD-38HJFH | AVD-HJFH/AVD-48HJFH | AVD-HJFH/AVD-54HJFH | AVD-HJFH/AVD-76HJFH | AVD-HJFH/AVD-96HJFH,Hisense/images-rebuild/2026-09-29/packets/05_AVD_HJFH_AVE/Hisense_images_rebuilt/AVD-HJFH/AVD-12HJFH/03.jpg | Hisense/images-rebuild/2026-09-29/packets/05_AVD_HJFH_AVE/Hisense_images_rebuilt/AVD-HJFH/AVD-15HJFH/03.jpg | Hisense/images-rebuild/2026-09-29/packets/05_AVD_HJFH_AVE/Hisense_images_rebuilt/AVD-HJFH/AVD-07HJFH/03.jpg | Hisense/images-rebuild/2026-09-29/packets/05_AVD_HJFH_AVE/Hisense_images_rebuilt/AVD-HJFH/AVD-09HJFH/03.jpg | Hisense/images-rebuild/2026-09-29/packets/05_AVD_HJFH_AVE/Hisense_images_rebuilt/AVD-HJFH/AVD-48HJFH/03.jpg | Hisense/images-rebuild/2026-09-29/packets/05_AVD_HJFH_AVE/Hisense_images_rebuilt/AVD-HJFH/AVD-76HJFH/03.jpg | Hisense/images-rebuild/2026-09-29/packets/05_AVD_HJFH_AVE/Hisense_images_rebuilt/AVD-HJFH/AVD-96HJFH/03.jpg | Hisense/images-rebuild/2026-09-29/packets/05_AVD_HJFH_AVE/Hisense_images_rebuilt/AVD-HJFH/AVD-54HJFH/03.jpg | Hisense/images-rebuild/2026-09-29/packets/05_AVD_HJFH_AVE/Hisense_images_rebuilt/AVD-HJFH/AVD-19HJFH/03.jpg | Hisense/images-rebuild/2026-09-29/packets/05_AVD_HJFH_AVE/Hisense_images_rebuilt/AVD-HJFH/AVD-24HJFH1/03.jpg | Hisense/images-rebuild/2026-09-29/packets/05_AVD_HJFH_AVE/Hisense_images_rebuilt/AVD-HJFH/AVD-38HJFH/03.jpg | Hisense/images-rebuild/2026-09-29/packets/05_AVD_HJFH_AVE/Hisense_images_rebuilt/AVD-HJFH/AVD-30HJFH/03.jpg
25,747f32a8d9b91ab0e3729446cd2269a3608511e990b9cf2112d01e16a7717f83,26,26,AVBC-HJDBA/AVBC-09HJDBA | AVBC-HJDBA/AVBC-15HJDBA | AVBC-HJDBA/AVBC-19HJDBA | AVBC-HJDBA/AVBC-24HJDBA | AVBC-HJDBA/AVBC-30HJDBA | AVBC-HJDBA/AVBC-38HJDBA | AVBC-HJDBA/AVBC-48HJDBA | AVD-HJFH/AVD-07HJFH | AVD-HJFH/AVD-09HJFH | AVD-HJFH/AVD-12HJFH | AVD-HJFH/AVD-15HJFH | AVD-HJFH/AVD-19HJFH | AVD-HJFH/AVD-24HJFH1 | AVD-HJFH/AVD-30HJFH | AVD-HJFH/AVD-38HJFH | AVD-HJFH/AVD-48HJFH | AVD-HJFH/AVD-54HJFH | AVD-HJFH/AVD-76HJFH | AVD-HJFH/AVD-96HJFH | AVS-HJDTD/AVS-05HJDTD | AVS-HJDTD/AVS-07HJDTD | AVS-HJDTD/AVS-09HJDTD | AVS-HJDTD/AVS-12HJDTD | AVS-HJDTD/AVS-15HJDTD | AVS-HJDTD/AVS-19HJDTD | AVS-HJDTD/AVS-24HJDTD,Hisense/images-rebuild/2026-09-29/packets/05_AVD_HJFH_AVE/Hisense_images_rebuilt/AVD-HJFH/AVD-12HJFH/07.jpg | Hisense/images-rebuild/2026-09-29/packets/05_AVD_HJFH_AVE/Hisense_images_rebuilt/AVD-HJFH/AVD-15HJFH/07.jpg | Hisense/images-rebuild/2026-09-29/packets/05_AVD_HJFH_AVE/Hisense_images_rebuilt/AVD-HJFH/AVD-07HJFH/07.jpg | Hisense/images-rebuild/2026-09-29/packets/05_AVD_HJFH_AVE/Hisense_images_rebuilt/AVD-HJFH/AVD-09HJFH/07.jpg | Hisense/images-rebuild/2026-09-29/packets/05_AVD_HJFH_AVE/Hisense_images_rebuilt/AVD-HJFH/AVD-48HJFH/07.jpg | Hisense/images-rebuild/2026-09-29/packets/05_AVD_HJFH_AVE/Hisense_images_rebuilt/AVD-HJFH/AVD-76HJFH/07.jpg | Hisense/images-rebuild/2026-09-29/packets/05_AVD_HJFH_AVE/Hisense_images_rebuilt/AVD-HJFH/AVD-96HJFH/07.jpg | Hisense/images-rebuild/2026-09-29/packets/05_AVD_HJFH_AVE/Hisense_images_rebuilt/AVD-HJFH/AVD-54HJFH/07.jpg | Hisense/images-rebuild/2026-09-29/packets/05_AVD_HJFH_AVE/Hisense_images_rebuilt/AVD-HJFH/AVD-19HJFH/07.jpg | Hisense/images-rebuild/2026-09-29/packets/05_AVD_HJFH_AVE/Hisense_images_rebuilt/AVD-HJFH/AVD-24HJFH1/07.jpg | Hisense/images-rebuild/2026-09-29/packets/05_AVD_HJFH_AVE/Hisense_images_rebuilt/AVD-HJFH/AVD-38HJFH/07.jpg | Hisense/images-rebuild/2026-09-29/packets/05_AVD_HJFH_AVE/Hisense_images_rebuilt/AVD-HJFH/AVD-30HJFH/07.jpg | Hisense/images-rebuild/2026-09-29/packets/02_AVBC/Hisense_images_rebuilt/AVBC-HJDBA/AVBC-24HJDBA/09.jpg | Hisense/images-rebuild/2026-09-29/packets/02_AVBC/Hisense_images_rebuilt/AVBC-HJDBA/AVBC-19HJDBA/09.jpg | Hisense/images-rebuild/2026-09-29/packets/02_AVBC/Hisense_images_rebuilt/AVBC-HJDBA/AVBC-30HJDBA/09.jpg | Hisense/images-rebuild/2026-09-29/packets/02_AVBC/Hisense_images_rebuilt/AVBC-HJDBA/AVBC-15HJDBA/09.jpg | Hisense/images-rebuild/2026-09-29/packets/02_AVBC/Hisense_images_rebuilt/AVBC-HJDBA/AVBC-48HJDBA/09.jpg | Hisense/images-rebuild/2026-09-29/packets/02_AVBC/Hisense_images_rebuilt/AVBC-HJDBA/AVBC-38HJDBA/09.jpg | Hisense/images-rebuild/2026-09-29/packets/02_AVBC/Hisense_images_rebuilt/AVBC-HJDBA/AVBC-09HJDBA/09.jpg | Hisense/images-rebuild/2026-09-29/packets/03_AVS_AVF/Hisense_images_rebuilt/AVS-HJDTD/AVS-09HJDTD/08.jpg | Hisense/images-rebuild/2026-09-29/packets/03_AVS_AVF/Hisense_images_rebuilt/AVS-HJDTD/AVS-12HJDTD/08.jpg | Hisense/images-rebuild/2026-09-29/packets/03_AVS_AVF/Hisense_images_rebuilt/AVS-HJDTD/AVS-07HJDTD/08.jpg | Hisense/images-rebuild/2026-09-29/packets/03_AVS_AVF/Hisense_images_rebuilt/AVS-HJDTD/AVS-05HJDTD/08.jpg | Hisense/images-rebuild/2026-09-29/packets/03_AVS_AVF/Hisense_images_rebuilt/AVS-HJDTD/AVS-19HJDTD/08.jpg | Hisense/images-rebuild/2026-09-29/packets/03_AVS_AVF/Hisense_images_rebuilt/AVS-HJDTD/AVS-24HJDTD/08.jpg | Hisense/images-rebuild/2026-09-29/packets/03_AVS_AVF/Hisense_images_rebuilt/AVS-HJDTD/AVS-15HJDTD/08.jpg
26,fe34581a336a21723511d53ce963448dff58d7fae094641a360c5fd8f0a4228d,12,12,AVD-HJFH/AVD-07HJFH | AVD-HJFH/AVD-09HJFH | AVD-HJFH/AVD-12HJFH | AVD-HJFH/AVD-15HJFH | AVD-HJFH/AVD-19HJFH | AVD-HJFH/AVD-24HJFH1 | AVD-HJFH/AVD-30HJFH | AVD-HJFH/AVD-38HJFH | AVD-HJFH/AVD-48HJFH | AVD-HJFH/AVD-54HJFH | AVD-HJFH/AVD-76HJFH | AVD-HJFH/AVD-96HJFH,Hisense/images-rebuild/2026-09-29/packets/05_AVD_HJFH_AVE/Hisense_images_rebuilt/AVD-HJFH/AVD-12HJFH/05.jpg | Hisense/images-rebuild/2026-09-29/packets/05_AVD_HJFH_AVE/Hisense_images_rebuilt/AVD-HJFH/AVD-15HJFH/05.jpg | Hisense/images-rebuild/2026-09-29/packets/05_AVD_HJFH_AVE/Hisense_images_rebuilt/AVD-HJFH/AVD-07HJFH/05.jpg | Hisense/images-rebuild/2026-09-29/packets/05_AVD_HJFH_AVE/Hisense_images_rebuilt/AVD-HJFH/AVD-09HJFH/05.jpg | Hisense/images-rebuild/2026-09-29/packets/05_AVD_HJFH_AVE/Hisense_images_rebuilt/AVD-HJFH/AVD-48HJFH/05.jpg | Hisense/images-rebuild/2026-09-29/packets/05_AVD_HJFH_AVE/Hisense_images_rebuilt/AVD-HJFH/AVD-76HJFH/05.jpg | Hisense/images-rebuild/2026-09-29/packets/05_AVD_HJFH_AVE/Hisense_images_rebuilt/AVD-HJFH/AVD-96HJFH/05.jpg | Hisense/images-rebuild/2026-09-29/packets/05_AVD_HJFH_AVE/Hisense_images_rebuilt/AVD-HJFH/AVD-54HJFH/05.jpg | Hisense/images-rebuild/2026-09-29/packets/05_AVD_HJFH_AVE/Hisense_images_rebuilt/AVD-HJFH/AVD-19HJFH/05.jpg | Hisense/images-rebuild/2026-09-29/packets/05_AVD_HJFH_AVE/Hisense_images_rebuilt/AVD-HJFH/AVD-24HJFH1/05.jpg | Hisense/images-rebuild/2026-09-29/packets/05_AVD_HJFH_AVE/Hisense_images_rebuilt/AVD-HJFH/AVD-38HJFH/05.jpg | Hisense/images-rebuild/2026-09-29/packets/05_AVD_HJFH_AVE/Hisense_images_rebuilt/AVD-HJFH/AVD-30HJFH/05.jpg
27,a0077ec8a7d8984c58e3754ca14961e6fa2b23c5e66a1d6cc516cfdf47817b53,12,12,AVD-HJFH/AVD-07HJFH | AVD-HJFH/AVD-09HJFH | AVD-HJFH/AVD-12HJFH | AVD-HJFH/AVD-15HJFH | AVD-HJFH/AVD-19HJFH | AVD-HJFH/AVD-24HJFH1 | AVD-HJFH/AVD-30HJFH | AVD-HJFH/AVD-38HJFH | AVD-HJFH/AVD-48HJFH | AVD-HJFH/AVD-54HJFH | AVD-HJFH/AVD-76HJFH | AVD-HJFH/AVD-96HJFH,Hisense/images-rebuild/2026-09-29/packets/05_AVD_HJFH_AVE/Hisense_images_rebuilt/AVD-HJFH/AVD-12HJFH/04.jpg | Hisense/images-rebuild/2026-09-29/packets/05_AVD_HJFH_AVE/Hisense_images_rebuilt/AVD-HJFH/AVD-15HJFH/04.jpg | Hisense/images-rebuild/2026-09-29/packets/05_AVD_HJFH_AVE/Hisense_images_rebuilt/AVD-HJFH/AVD-07HJFH/04.jpg | Hisense/images-rebuild/2026-09-29/packets/05_AVD_HJFH_AVE/Hisense_images_rebuilt/AVD-HJFH/AVD-09HJFH/04.jpg | Hisense/images-rebuild/2026-09-29/packets/05_AVD_HJFH_AVE/Hisense_images_rebuilt/AVD-HJFH/AVD-48HJFH/04.jpg | Hisense/images-rebuild/2026-09-29/packets/05_AVD_HJFH_AVE/Hisense_images_rebuilt/AVD-HJFH/AVD-76HJFH/04.jpg | Hisense/images-rebuild/2026-09-29/packets/05_AVD_HJFH_AVE/Hisense_images_rebuilt/AVD-HJFH/AVD-96HJFH/04.jpg | Hisense/images-rebuild/2026-09-29/packets/05_AVD_HJFH_AVE/Hisense_images_rebuilt/AVD-HJFH/AVD-54HJFH/04.jpg | Hisense/images-rebuild/2026-09-29/packets/05_AVD_HJFH_AVE/Hisense_images_rebuilt/AVD-HJFH/AVD-19HJFH/04.jpg | Hisense/images-rebuild/2026-09-29/packets/05_AVD_HJFH_AVE/Hisense_images_rebuilt/AVD-HJFH/AVD-24HJFH1/04.jpg | Hisense/images-rebuild/2026-09-29/packets/05_AVD_HJFH_AVE/Hisense_images_rebuilt/AVD-HJFH/AVD-38HJFH/04.jpg | Hisense/images-rebuild/2026-09-29/packets/05_AVD_HJFH_AVE/Hisense_images_rebuilt/AVD-HJFH/AVD-30HJFH/04.jpg
28,2eb5ad3c19d434cc2193e419ccbed2c405e7dffb69fa98d372fe04588b78ff45,8,8,UNIVERSO/MCU-117K | UNIVERSO/MCU-23K | UNIVERSO/MCU-29K | UNIVERSO/MCU-35K | UNIVERSO/MCU-43K | UNIVERSO/MCU-63K | UNIVERSO/MCU-75K | UNIVERSO/MCU-93K,Hisense/images-rebuild/2026-09-29/packets/14_HEAVY_UNIVERSO/Hisense_images_rebuilt/UNIVERSO/MCU-75K/01.jpg | Hisense/images-rebuild/2026-09-29/packets/14_HEAVY_UNIVERSO/Hisense_images_rebuilt/UNIVERSO/MCU-93K/01.jpg | Hisense/images-rebuild/2026-09-29/packets/14_HEAVY_UNIVERSO/Hisense_images_rebuilt/UNIVERSO/MCU-117K/01.jpg | Hisense/images-rebuild/2026-09-29/packets/14_HEAVY_UNIVERSO/Hisense_images_rebuilt/UNIVERSO/MCU-43K/01.jpg | Hisense/images-rebuild/2026-09-29/packets/14_HEAVY_UNIVERSO/Hisense_images_rebuilt/UNIVERSO/MCU-29K/01.jpg | Hisense/images-rebuild/2026-09-29/packets/14_HEAVY_UNIVERSO/Hisense_images_rebuilt/UNIVERSO/MCU-63K/01.jpg | Hisense/images-rebuild/2026-09-29/packets/14_HEAVY_UNIVERSO/Hisense_images_rebuilt/UNIVERSO/MCU-35K/01.jpg | Hisense/images-rebuild/2026-09-29/packets/14_HEAVY_UNIVERSO/Hisense_images_rebuilt/UNIVERSO/MCU-23K/01.jpg
29,4c68532ea2ccefb99c501d96fcef37c920ab21a7c65f7e739f4ee4239020be1b,7,7,HEAVY EU DC INVERTER/AUW-09U4RS8 | HEAVY EU DC INVERTER/AUW-12U4RS8 | HEAVY EU DC INVERTER/AUW-18U4RS7 | HEAVY EU DC INVERTER/AUW-24U4RJ7 | HEAVY EU DC INVERTER/AUW-36U4RK7 | HEAVY EU DC INVERTER/AUW-48U6RN8 | HEAVY EU DC INVERTER/AUW-60U6RW8,Hisense/images-rebuild/2026-09-29/packets/14_HEAVY_UNIVERSO/Hisense_images_rebuilt/HEAVY EU DC INVERTER/AUW-12U4RS8/08.jpg | Hisense/images-rebuild/2026-09-29/packets/14_HEAVY_UNIVERSO/Hisense_images_rebuilt/HEAVY EU DC INVERTER/AUW-09U4RS8/08.jpg | Hisense/images-rebuild/2026-09-29/packets/14_HEAVY_UNIVERSO/Hisense_images_rebuilt/HEAVY EU DC INVERTER/AUW-36U4RK7/08.jpg | Hisense/images-rebuild/2026-09-29/packets/14_HEAVY_UNIVERSO/Hisense_images_rebuilt/HEAVY EU DC INVERTER/AUW-48U6RN8/08.jpg | Hisense/images-rebuild/2026-09-29/packets/14_HEAVY_UNIVERSO/Hisense_images_rebuilt/HEAVY EU DC INVERTER/AUW-18U4RS7/08.jpg | Hisense/images-rebuild/2026-09-29/packets/14_HEAVY_UNIVERSO/Hisense_images_rebuilt/HEAVY EU DC INVERTER/AUW-24U4RJ7/08.jpg | Hisense/images-rebuild/2026-09-29/packets/14_HEAVY_UNIVERSO/Hisense_images_rebuilt/HEAVY EU DC INVERTER/AUW-60U6RW8/08.jpg
30,d9944b1e429fd8d14c2517dcc2318c2f569cf48b630cfce951053a3e6702462f,8,8,HEAVY EU DC INVERTER/AUW-09U4RS8 | HEAVY EU DC INVERTER/AUW-12U4RS8 | HEAVY EU DC INVERTER/AUW-18U4RS7 | HEAVY EU DC INVERTER/AUW-24U4RJ7 | HEAVY EU DC INVERTER/AUW-36U4RK7 | HEAVY EU DC INVERTER/AUW-48U6RN8 | HEAVY EU DC INVERTER/AUW-60U6RW8 | HEAVY EU DC INVERTER/AUW-85U6RZ8,Hisense/images-rebuild/2026-09-29/packets/14_HEAVY_UNIVERSO/Hisense_images_rebuilt/HEAVY EU DC INVERTER/AUW-12U4RS8/06.jpg | Hisense/images-rebuild/2026-09-29/packets/14_HEAVY_UNIVERSO/Hisense_images_rebuilt/HEAVY EU DC INVERTER/AUW-09U4RS8/06.jpg | Hisense/images-rebuild/2026-09-29/packets/14_HEAVY_UNIVERSO/Hisense_images_rebuilt/HEAVY EU DC INVERTER/AUW-85U6RZ8/10.jpg | Hisense/images-rebuild/2026-09-29/packets/14_HEAVY_UNIVERSO/Hisense_images_rebuilt/HEAVY EU DC INVERTER/AUW-36U4RK7/06.jpg | Hisense/images-rebuild/2026-09-29/packets/14_HEAVY_UNIVERSO/Hisense_images_rebuilt/HEAVY EU DC INVERTER/AUW-48U6RN8/06.jpg | Hisense/images-rebuild/2026-09-29/packets/14_HEAVY_UNIVERSO/Hisense_images_rebuilt/HEAVY EU DC INVERTER/AUW-18U4RS7/06.jpg | Hisense/images-rebuild/2026-09-29/packets/14_HEAVY_UNIVERSO/Hisense_images_rebuilt/HEAVY EU DC INVERTER/AUW-24U4RJ7/06.jpg | Hisense/images-rebuild/2026-09-29/packets/14_HEAVY_UNIVERSO/Hisense_images_rebuilt/HEAVY EU DC INVERTER/AUW-60U6RW8/06.jpg
31,323c7d9843565937e2e11b770a5bc7353a024f66965f3a34bcbe6af51be381eb,8,8,HEAVY EU DC INVERTER/AUW-09U4RS8 | HEAVY EU DC INVERTER/AUW-12U4RS8 | HEAVY EU DC INVERTER/AUW-18U4RS7 | HEAVY EU DC INVERTER/AUW-24U4RJ7 | HEAVY EU DC INVERTER/AUW-36U4RK7 | HEAVY EU DC INVERTER/AUW-48U6RN8 | HEAVY EU DC INVERTER/AUW-60U6RW8 | HEAVY EU DC INVERTER/AUW-85U6RZ8,Hisense/images-rebuild/2026-09-29/packets/14_HEAVY_UNIVERSO/Hisense_images_rebuilt/HEAVY EU DC INVERTER/AUW-12U4RS8/07.jpg | Hisense/images-rebuild/2026-09-29/packets/14_HEAVY_UNIVERSO/Hisense_images_rebuilt/HEAVY EU DC INVERTER/AUW-09U4RS8/07.jpg | Hisense/images-rebuild/2026-09-29/packets/14_HEAVY_UNIVERSO/Hisense_images_rebuilt/HEAVY EU DC INVERTER/AUW-85U6RZ8/11.jpg | Hisense/images-rebuild/2026-09-29/packets/14_HEAVY_UNIVERSO/Hisense_images_rebuilt/HEAVY EU DC INVERTER/AUW-36U4RK7/07.jpg | Hisense/images-rebuild/2026-09-29/packets/14_HEAVY_UNIVERSO/Hisense_images_rebuilt/HEAVY EU DC INVERTER/AUW-48U6RN8/07.jpg | Hisense/images-rebuild/2026-09-29/packets/14_HEAVY_UNIVERSO/Hisense_images_rebuilt/HEAVY EU DC INVERTER/AUW-18U4RS7/07.jpg | Hisense/images-rebuild/2026-09-29/packets/14_HEAVY_UNIVERSO/Hisense_images_rebuilt/HEAVY EU DC INVERTER/AUW-24U4RJ7/07.jpg | Hisense/images-rebuild/2026-09-29/packets/14_HEAVY_UNIVERSO/Hisense_images_rebuilt/HEAVY EU DC INVERTER/AUW-60U6RW8/07.jpg
32,6f6608fde1e7ccc741f80f1a9308cd3871e79af39098ecadda3e0d3624b24d8e,8,8,HEAVY EU DC INVERTER/AUW-09U4RS8 | HEAVY EU DC INVERTER/AUW-12U4RS8 | HEAVY EU DC INVERTER/AUW-18U4RS7 | HEAVY EU DC INVERTER/AUW-24U4RJ7 | HEAVY EU DC INVERTER/AUW-36U4RK7 | HEAVY EU DC INVERTER/AUW-48U6RN8 | HEAVY EU DC INVERTER/AUW-60U6RW8 | HEAVY EU DC INVERTER/AUW-85U6RZ8,Hisense/images-rebuild/2026-09-29/packets/14_HEAVY_UNIVERSO/Hisense_images_rebuilt/HEAVY EU DC INVERTER/AUW-12U4RS8/01.jpg | Hisense/images-rebuild/2026-09-29/packets/14_HEAVY_UNIVERSO/Hisense_images_rebuilt/HEAVY EU DC INVERTER/AUW-09U4RS8/01.jpg | Hisense/images-rebuild/2026-09-29/packets/14_HEAVY_UNIVERSO/Hisense_images_rebuilt/HEAVY EU DC INVERTER/AUW-85U6RZ8/01.jpg | Hisense/images-rebuild/2026-09-29/packets/14_HEAVY_UNIVERSO/Hisense_images_rebuilt/HEAVY EU DC INVERTER/AUW-36U4RK7/01.jpg | Hisense/images-rebuild/2026-09-29/packets/14_HEAVY_UNIVERSO/Hisense_images_rebuilt/HEAVY EU DC INVERTER/AUW-48U6RN8/01.jpg | Hisense/images-rebuild/2026-09-29/packets/14_HEAVY_UNIVERSO/Hisense_images_rebuilt/HEAVY EU DC INVERTER/AUW-18U4RS7/01.jpg | Hisense/images-rebuild/2026-09-29/packets/14_HEAVY_UNIVERSO/Hisense_images_rebuilt/HEAVY EU DC INVERTER/AUW-24U4RJ7/01.jpg | Hisense/images-rebuild/2026-09-29/packets/14_HEAVY_UNIVERSO/Hisense_images_rebuilt/HEAVY EU DC INVERTER/AUW-60U6RW8/01.jpg
33,0cfd02ffdc777ea0f1f8eb8b720efaabbbe660ace041027fd3966fa30a7a1e5a,7,7,HEAVY EU DC INVERTER/AUW-09U4RS8 | HEAVY EU DC INVERTER/AUW-12U4RS8 | HEAVY EU DC INVERTER/AUW-18U4RS7 | HEAVY EU DC INVERTER/AUW-24U4RJ7 | HEAVY EU DC INVERTER/AUW-36U4RK7 | HEAVY EU DC INVERTER/AUW-48U6RN8 | HEAVY EU DC INVERTER/AUW-60U6RW8,Hisense/images-rebuild/2026-09-29/packets/14_HEAVY_UNIVERSO/Hisense_images_rebuilt/HEAVY EU DC INVERTER/AUW-12U4RS8/05.jpg | Hisense/images-rebuild/2026-09-29/packets/14_HEAVY_UNIVERSO/Hisense_images_rebuilt/HEAVY EU DC INVERTER/AUW-09U4RS8/05.jpg | Hisense/images-rebuild/2026-09-29/packets/14_HEAVY_UNIVERSO/Hisense_images_rebuilt/HEAVY EU DC INVERTER/AUW-36U4RK7/05.jpg | Hisense/images-rebuild/2026-09-29/packets/14_HEAVY_UNIVERSO/Hisense_images_rebuilt/HEAVY EU DC INVERTER/AUW-48U6RN8/05.jpg | Hisense/images-rebuild/2026-09-29/packets/14_HEAVY_UNIVERSO/Hisense_images_rebuilt/HEAVY EU DC INVERTER/AUW-18U4RS7/05.jpg | Hisense/images-rebuild/2026-09-29/packets/14_HEAVY_UNIVERSO/Hisense_images_rebuilt/HEAVY EU DC INVERTER/AUW-24U4RJ7/05.jpg | Hisense/images-rebuild/2026-09-29/packets/14_HEAVY_UNIVERSO/Hisense_images_rebuilt/HEAVY EU DC INVERTER/AUW-60U6RW8/05.jpg
34,b4b5974faf7d95b55334671b2c4eda92687e71fa4ca58cb12cfd90ae76284e54,8,8,HEAVY EU DC INVERTER/AUW-09U4RS8 | HEAVY EU DC INVERTER/AUW-12U4RS8 | HEAVY EU DC INVERTER/AUW-18U4RS7 | HEAVY EU DC INVERTER/AUW-24U4RJ7 | HEAVY EU DC INVERTER/AUW-36U4RK7 | HEAVY EU DC INVERTER/AUW-48U6RN8 | HEAVY EU DC INVERTER/AUW-60U6RW8 | HEAVY EU DC INVERTER/AUW-85U6RZ8,Hisense/images-rebuild/2026-09-29/packets/14_HEAVY_UNIVERSO/Hisense_images_rebuilt/HEAVY EU DC INVERTER/AUW-12U4RS8/04.jpg | Hisense/images-rebuild/2026-09-29/packets/14_HEAVY_UNIVERSO/Hisense_images_rebuilt/HEAVY EU DC INVERTER/AUW-09U4RS8/04.jpg | Hisense/images-rebuild/2026-09-29/packets/14_HEAVY_UNIVERSO/Hisense_images_rebuilt/HEAVY EU DC INVERTER/AUW-85U6RZ8/06.jpg | Hisense/images-rebuild/2026-09-29/packets/14_HEAVY_UNIVERSO/Hisense_images_rebuilt/HEAVY EU DC INVERTER/AUW-36U4RK7/04.jpg | Hisense/images-rebuild/2026-09-29/packets/14_HEAVY_UNIVERSO/Hisense_images_rebuilt/HEAVY EU DC INVERTER/AUW-48U6RN8/04.jpg | Hisense/images-rebuild/2026-09-29/packets/14_HEAVY_UNIVERSO/Hisense_images_rebuilt/HEAVY EU DC INVERTER/AUW-18U4RS7/04.jpg | Hisense/images-rebuild/2026-09-29/packets/14_HEAVY_UNIVERSO/Hisense_images_rebuilt/HEAVY EU DC INVERTER/AUW-24U4RJ7/04.jpg | Hisense/images-rebuild/2026-09-29/packets/14_HEAVY_UNIVERSO/Hisense_images_rebuilt/HEAVY EU DC INVERTER/AUW-60U6RW8/04.jpg
35,b30f7fbbcbb4f461450628231b9ed75a44b794d4c5cdf47bb445dadc23ca8ee5,10,10,MACS/MACS-I-PD116P2K | MACS/MACS-I-PD136P2K | MACS/MACS-I-PD220P2K | MACS/MACS-I-PD270P2K | MACS/MACS-I-PD280P2K | MACS/MACS-I-PD330P2K | MACS/MACS-I-PD380P2K | MACS/MACS-I-PD420P2K | MACS/MACS-I-PD61P2K | MACS/MACS-I-PD76P2K,Hisense/images-rebuild/2026-09-29/packets/11_MACS_D_B/Hisense_images_rebuilt/MACS/MACS-I-PD76P2K/01.jpg | Hisense/images-rebuild/2026-09-29/packets/11_MACS_D_B/Hisense_images_rebuilt/MACS/MACS-I-PD220P2K/01.jpg | Hisense/images-rebuild/2026-09-29/packets/11_MACS_D_B/Hisense_images_rebuilt/MACS/MACS-I-PD136P2K/01.jpg | Hisense/images-rebuild/2026-09-29/packets/11_MACS_D_B/Hisense_images_rebuilt/MACS/MACS-I-PD61P2K/01.jpg | Hisense/images-rebuild/2026-09-29/packets/11_MACS_D_B/Hisense_images_rebuilt/MACS/MACS-I-PD116P2K/01.jpg | Hisense/images-rebuild/2026-09-29/packets/12_MACS_D_C/Hisense_images_rebuilt/MACS/MACS-I-PD330P2K/01.jpg | Hisense/images-rebuild/2026-09-29/packets/12_MACS_D_C/Hisense_images_rebuilt/MACS/MACS-I-PD280P2K/01.jpg | Hisense/images-rebuild/2026-09-29/packets/12_MACS_D_C/Hisense_images_rebuilt/MACS/MACS-I-PD380P2K/01.jpg | Hisense/images-rebuild/2026-09-29/packets/12_MACS_D_C/Hisense_images_rebuilt/MACS/MACS-I-PD270P2K/01.jpg | Hisense/images-rebuild/2026-09-29/packets/12_MACS_D_C/Hisense_images_rebuilt/MACS/MACS-I-PD420P2K/01.jpg
36,b5a171e4e88aa7f17dfec850389f8779a95ba467c4e6f940cade520e75006178,13,13,MACS/MACS-I-D100P2KU | MACS/MACS-I-D100P4K | MACS/MACS-I-D120P2KU | MACS/MACS-I-D120P4K | MACS/MACS-I-D140P2KU | MACS/MACS-I-D140P4K | MACS/MACS-I-D20P2KU | MACS/MACS-I-D30P2KU | MACS/MACS-I-D40P2KU | MACS/MACS-I-D45P2KU | MACS/MACS-I-D56P2KU | MACS/MACS-I-D80P2KU | MACS/MACS-I-D80P4K,Hisense/images-rebuild/2026-09-29/packets/11_MACS_D_B/Hisense_images_rebuilt/MACS/MACS-I-D56P2KU/01.jpg | Hisense/images-rebuild/2026-09-29/packets/11_MACS_D_B/Hisense_images_rebuilt/MACS/MACS-I-D30P2KU/01.jpg | Hisense/images-rebuild/2026-09-29/packets/11_MACS_D_B/Hisense_images_rebuilt/MACS/MACS-I-D100P2KU/01.jpg | Hisense/images-rebuild/2026-09-29/packets/11_MACS_D_B/Hisense_images_rebuilt/MACS/MACS-I-D80P2KU/01.jpg | Hisense/images-rebuild/2026-09-29/packets/11_MACS_D_B/Hisense_images_rebuilt/MACS/MACS-I-D45P2KU/01.jpg | Hisense/images-rebuild/2026-09-29/packets/11_MACS_D_B/Hisense_images_rebuilt/MACS/MACS-I-D40P2KU/01.jpg | Hisense/images-rebuild/2026-09-29/packets/11_MACS_D_B/Hisense_images_rebuilt/MACS/MACS-I-D120P2KU/01.jpg | Hisense/images-rebuild/2026-09-29/packets/11_MACS_D_B/Hisense_images_rebuilt/MACS/MACS-I-D140P2KU/01.jpg | Hisense/images-rebuild/2026-09-29/packets/10_MACS_D_A/Hisense_images_rebuilt/MACS/MACS-I-D140P4K/01.jpg | Hisense/images-rebuild/2026-09-29/packets/10_MACS_D_A/Hisense_images_rebuilt/MACS/MACS-I-D120P4K/01.jpg | Hisense/images-rebuild/2026-09-29/packets/10_MACS_D_A/Hisense_images_rebuilt/MACS/MACS-I-D100P4K/01.jpg | Hisense/images-rebuild/2026-09-29/packets/10_MACS_D_A/Hisense_images_rebuilt/MACS/MACS-I-D20P2KU/01.jpg | Hisense/images-rebuild/2026-09-29/packets/10_MACS_D_A/Hisense_images_rebuilt/MACS/MACS-I-D80P4K/01.jpg
37,7ef7ea6a5fdc429853dd4c25f8cc2a5dcb7586d89270ee41488db85919938b57,9,9,MACS/MACS-I-ED111P2K | MACS/MACS-I-ED131P2K | MACS/MACS-I-ED21P2K | MACS/MACS-I-ED31P2K | MACS/MACS-I-ED41P2K | MACS/MACS-I-ED46P2K | MACS/MACS-I-ED56P2K | MACS/MACS-I-ED81P2K | MACS/MACS-I-ED96P2K,Hisense/images-rebuild/2026-09-29/packets/11_MACS_D_B/Hisense_images_rebuilt/MACS/MACS-I-ED56P2K/01.jpg | Hisense/images-rebuild/2026-09-29/packets/11_MACS_D_B/Hisense_images_rebuilt/MACS/MACS-I-ED46P2K/01.jpg | Hisense/images-rebuild/2026-09-29/packets/11_MACS_D_B/Hisense_images_rebuilt/MACS/MACS-I-ED41P2K/01.jpg | Hisense/images-rebuild/2026-09-29/packets/11_MACS_D_B/Hisense_images_rebuilt/MACS/MACS-I-ED31P2K/01.jpg | Hisense/images-rebuild/2026-09-29/packets/11_MACS_D_B/Hisense_images_rebuilt/MACS/MACS-I-ED131P2K/01.jpg | Hisense/images-rebuild/2026-09-29/packets/11_MACS_D_B/Hisense_images_rebuilt/MACS/MACS-I-ED111P2K/01.jpg | Hisense/images-rebuild/2026-09-29/packets/11_MACS_D_B/Hisense_images_rebuilt/MACS/MACS-I-ED96P2K/01.jpg | Hisense/images-rebuild/2026-09-29/packets/11_MACS_D_B/Hisense_images_rebuilt/MACS/MACS-I-ED21P2K/01.jpg | Hisense/images-rebuild/2026-09-29/packets/11_MACS_D_B/Hisense_images_rebuilt/MACS/MACS-I-ED81P2K/01.jpg
38,385ea6a28a6f7ebb4a4ce5231d04c2c369e0c0b638ca3cf11b35dfac6f6439b4,9,9,MACS/MACS-I-VD100P2K | MACS/MACS-I-VD120P2K | MACS/MACS-I-VD140P2K | MACS/MACS-I-VD20P2K | MACS/MACS-I-VD30P2K | MACS/MACS-I-VD40P2K | MACS/MACS-I-VD45P2K | MACS/MACS-I-VD56P2K | MACS/MACS-I-VD80P2K,Hisense/images-rebuild/2026-09-29/packets/10_MACS_D_A/Hisense_images_rebuilt/MACS/MACS-I-VD56P2K/01.jpg | Hisense/images-rebuild/2026-09-29/packets/10_MACS_D_A/Hisense_images_rebuilt/MACS/MACS-I-VD40P2K/01.jpg | Hisense/images-rebuild/2026-09-29/packets/10_MACS_D_A/Hisense_images_rebuilt/MACS/MACS-I-VD100P2K/01.jpg | Hisense/images-rebuild/2026-09-29/packets/10_MACS_D_A/Hisense_images_rebuilt/MACS/MACS-I-VD120P2K/01.jpg | Hisense/images-rebuild/2026-09-29/packets/10_MACS_D_A/Hisense_images_rebuilt/MACS/MACS-I-VD140P2K/01.jpg | Hisense/images-rebuild/2026-09-29/packets/10_MACS_D_A/Hisense_images_rebuilt/MACS/MACS-I-VD80P2K/01.jpg | Hisense/images-rebuild/2026-09-29/packets/10_MACS_D_A/Hisense_images_rebuilt/MACS/MACS-I-VD20P2K/01.jpg | Hisense/images-rebuild/2026-09-29/packets/10_MACS_D_A/Hisense_images_rebuilt/MACS/MACS-I-VD30P2K/01.jpg | Hisense/images-rebuild/2026-09-29/packets/10_MACS_D_A/Hisense_images_rebuilt/MACS/MACS-I-VD45P2K/01.jpg
39,d2d1c8374f57c1ce94835e14692d798beb43ed716766fc6beabd79904d95ac53,9,9,MACS/MACS-I-VD100P4K | MACS/MACS-I-VD120P4K | MACS/MACS-I-VD140P4K | MACS/MACS-I-VD20P4K | MACS/MACS-I-VD30P4K | MACS/MACS-I-VD40P4K | MACS/MACS-I-VD45P4K | MACS/MACS-I-VD56P4K | MACS/MACS-I-VD80P4K,Hisense/images-rebuild/2026-09-29/packets/10_MACS_D_A/Hisense_images_rebuilt/MACS/MACS-I-VD120P4K/01.jpg | Hisense/images-rebuild/2026-09-29/packets/10_MACS_D_A/Hisense_images_rebuilt/MACS/MACS-I-VD30P4K/01.jpg | Hisense/images-rebuild/2026-09-29/packets/10_MACS_D_A/Hisense_images_rebuilt/MACS/MACS-I-VD40P4K/01.jpg | Hisense/images-rebuild/2026-09-29/packets/10_MACS_D_A/Hisense_images_rebuilt/MACS/MACS-I-VD140P4K/01.jpg | Hisense/images-rebuild/2026-09-29/packets/10_MACS_D_A/Hisense_images_rebuilt/MACS/MACS-I-VD56P4K/01.jpg | Hisense/images-rebuild/2026-09-29/packets/10_MACS_D_A/Hisense_images_rebuilt/MACS/MACS-I-VD20P4K/01.jpg | Hisense/images-rebuild/2026-09-29/packets/10_MACS_D_A/Hisense_images_rebuilt/MACS/MACS-I-VD100P4K/01.jpg | Hisense/images-rebuild/2026-09-29/packets/10_MACS_D_A/Hisense_images_rebuilt/MACS/MACS-I-VD80P4K/01.jpg | Hisense/images-rebuild/2026-09-29/packets/10_MACS_D_A/Hisense_images_rebuilt/MACS/MACS-I-VD45P4K/01.jpg
40,e364127d2cfd89a31ff627a7cf5c167e6fceb432904ba630c9bee99ccabd2332,11,11,AVBC-HJDBA/AVBC-09HJDBA | AVBC-HJDBA/AVBC-12HJDBA | AVBC-HJDBA/AVBC-15HJDBA | AVBC-HJDBA/AVBC-19HJDBA | AVBC-HJDBA/AVBC-22HJDBA | AVBC-HJDBA/AVBC-24HJDBA | AVBC-HJDBA/AVBC-27HJDBA | AVBC-HJDBA/AVBC-30HJDBA | AVBC-HJDBA/AVBC-38HJDBA | AVBC-HJDBA/AVBC-48HJDBA | AVBC-HJDBA/AVBC-54HJDBA,Hisense/images-rebuild/2026-09-29/packets/02_AVBC/Hisense_images_rebuilt/AVBC-HJDBA/AVBC-12HJDBA/02.jpg | Hisense/images-rebuild/2026-09-29/packets/02_AVBC/Hisense_images_rebuilt/AVBC-HJDBA/AVBC-24HJDBA/02.jpg | Hisense/images-rebuild/2026-09-29/packets/02_AVBC/Hisense_images_rebuilt/AVBC-HJDBA/AVBC-19HJDBA/02.jpg | Hisense/images-rebuild/2026-09-29/packets/02_AVBC/Hisense_images_rebuilt/AVBC-HJDBA/AVBC-30HJDBA/02.jpg | Hisense/images-rebuild/2026-09-29/packets/02_AVBC/Hisense_images_rebuilt/AVBC-HJDBA/AVBC-27HJDBA/02.jpg | Hisense/images-rebuild/2026-09-29/packets/02_AVBC/Hisense_images_rebuilt/AVBC-HJDBA/AVBC-15HJDBA/02.jpg | Hisense/images-rebuild/2026-09-29/packets/02_AVBC/Hisense_images_rebuilt/AVBC-HJDBA/AVBC-54HJDBA/02.jpg | Hisense/images-rebuild/2026-09-29/packets/02_AVBC/Hisense_images_rebuilt/AVBC-HJDBA/AVBC-48HJDBA/02.jpg | Hisense/images-rebuild/2026-09-29/packets/02_AVBC/Hisense_images_rebuilt/AVBC-HJDBA/AVBC-22HJDBA/02.jpg | Hisense/images-rebuild/2026-09-29/packets/02_AVBC/Hisense_images_rebuilt/AVBC-HJDBA/AVBC-38HJDBA/02.jpg | Hisense/images-rebuild/2026-09-29/packets/02_AVBC/Hisense_images_rebuilt/AVBC-HJDBA/AVBC-09HJDBA/02.jpg
41,a66c6c491142784b2c1777047d07ecc83f07ac9d57c0c832aefab88575348343,11,11,AVBC-HJDBA/AVBC-09HJDBA | AVBC-HJDBA/AVBC-12HJDBA | AVBC-HJDBA/AVBC-15HJDBA | AVBC-HJDBA/AVBC-19HJDBA | AVBC-HJDBA/AVBC-22HJDBA | AVBC-HJDBA/AVBC-24HJDBA | AVBC-HJDBA/AVBC-27HJDBA | AVBC-HJDBA/AVBC-30HJDBA | AVBC-HJDBA/AVBC-38HJDBA | AVBC-HJDBA/AVBC-48HJDBA | AVBC-HJDBA/AVBC-54HJDBA,Hisense/images-rebuild/2026-09-29/packets/02_AVBC/Hisense_images_rebuilt/AVBC-HJDBA/AVBC-12HJDBA/06.jpg | Hisense/images-rebuild/2026-09-29/packets/02_AVBC/Hisense_images_rebuilt/AVBC-HJDBA/AVBC-24HJDBA/06.jpg | Hisense/images-rebuild/2026-09-29/packets/02_AVBC/Hisense_images_rebuilt/AVBC-HJDBA/AVBC-19HJDBA/06.jpg | Hisense/images-rebuild/2026-09-29/packets/02_AVBC/Hisense_images_rebuilt/AVBC-HJDBA/AVBC-30HJDBA/06.jpg | Hisense/images-rebuild/2026-09-29/packets/02_AVBC/Hisense_images_rebuilt/AVBC-HJDBA/AVBC-27HJDBA/06.jpg | Hisense/images-rebuild/2026-09-29/packets/02_AVBC/Hisense_images_rebuilt/AVBC-HJDBA/AVBC-15HJDBA/06.jpg | Hisense/images-rebuild/2026-09-29/packets/02_AVBC/Hisense_images_rebuilt/AVBC-HJDBA/AVBC-54HJDBA/06.jpg | Hisense/images-rebuild/2026-09-29/packets/02_AVBC/Hisense_images_rebuilt/AVBC-HJDBA/AVBC-48HJDBA/06.jpg | Hisense/images-rebuild/2026-09-29/packets/02_AVBC/Hisense_images_rebuilt/AVBC-HJDBA/AVBC-22HJDBA/06.jpg | Hisense/images-rebuild/2026-09-29/packets/02_AVBC/Hisense_images_rebuilt/AVBC-HJDBA/AVBC-38HJDBA/06.jpg | Hisense/images-rebuild/2026-09-29/packets/02_AVBC/Hisense_images_rebuilt/AVBC-HJDBA/AVBC-09HJDBA/06.jpg
42,5345f033dd57ab6cd8ae63623bfea002ca4f56e8d34af188a6a92bca7567df32,11,11,AVBC-HJDBA/AVBC-09HJDBA | AVBC-HJDBA/AVBC-12HJDBA | AVBC-HJDBA/AVBC-15HJDBA | AVBC-HJDBA/AVBC-19HJDBA | AVBC-HJDBA/AVBC-22HJDBA | AVBC-HJDBA/AVBC-24HJDBA | AVBC-HJDBA/AVBC-27HJDBA | AVBC-HJDBA/AVBC-30HJDBA | AVBC-HJDBA/AVBC-38HJDBA | AVBC-HJDBA/AVBC-48HJDBA | AVBC-HJDBA/AVBC-54HJDBA,Hisense/images-rebuild/2026-09-29/packets/02_AVBC/Hisense_images_rebuilt/AVBC-HJDBA/AVBC-12HJDBA/07.jpg | Hisense/images-rebuild/2026-09-29/packets/02_AVBC/Hisense_images_rebuilt/AVBC-HJDBA/AVBC-24HJDBA/07.jpg | Hisense/images-rebuild/2026-09-29/packets/02_AVBC/Hisense_images_rebuilt/AVBC-HJDBA/AVBC-19HJDBA/07.jpg | Hisense/images-rebuild/2026-09-29/packets/02_AVBC/Hisense_images_rebuilt/AVBC-HJDBA/AVBC-30HJDBA/07.jpg | Hisense/images-rebuild/2026-09-29/packets/02_AVBC/Hisense_images_rebuilt/AVBC-HJDBA/AVBC-27HJDBA/07.jpg | Hisense/images-rebuild/2026-09-29/packets/02_AVBC/Hisense_images_rebuilt/AVBC-HJDBA/AVBC-15HJDBA/07.jpg | Hisense/images-rebuild/2026-09-29/packets/02_AVBC/Hisense_images_rebuilt/AVBC-HJDBA/AVBC-54HJDBA/07.jpg | Hisense/images-rebuild/2026-09-29/packets/02_AVBC/Hisense_images_rebuilt/AVBC-HJDBA/AVBC-48HJDBA/07.jpg | Hisense/images-rebuild/2026-09-29/packets/02_AVBC/Hisense_images_rebuilt/AVBC-HJDBA/AVBC-22HJDBA/07.jpg | Hisense/images-rebuild/2026-09-29/packets/02_AVBC/Hisense_images_rebuilt/AVBC-HJDBA/AVBC-38HJDBA/07.jpg | Hisense/images-rebuild/2026-09-29/packets/02_AVBC/Hisense_images_rebuilt/AVBC-HJDBA/AVBC-09HJDBA/07.jpg
43,3e70ace41e79a848150952a45b49049bcb9fdc23b2ba526999b52aa0a815b1c8,11,11,AVBC-HJDBA/AVBC-09HJDBA | AVBC-HJDBA/AVBC-12HJDBA | AVBC-HJDBA/AVBC-15HJDBA | AVBC-HJDBA/AVBC-19HJDBA | AVBC-HJDBA/AVBC-22HJDBA | AVBC-HJDBA/AVBC-24HJDBA | AVBC-HJDBA/AVBC-27HJDBA | AVBC-HJDBA/AVBC-30HJDBA | AVBC-HJDBA/AVBC-38HJDBA | AVBC-HJDBA/AVBC-48HJDBA | AVBC-HJDBA/AVBC-54HJDBA,Hisense/images-rebuild/2026-09-29/packets/02_AVBC/Hisense_images_rebuilt/AVBC-HJDBA/AVBC-12HJDBA/01.jpg | Hisense/images-rebuild/2026-09-29/packets/02_AVBC/Hisense_images_rebuilt/AVBC-HJDBA/AVBC-24HJDBA/01.jpg | Hisense/images-rebuild/2026-09-29/packets/02_AVBC/Hisense_images_rebuilt/AVBC-HJDBA/AVBC-19HJDBA/01.jpg | Hisense/images-rebuild/2026-09-29/packets/02_AVBC/Hisense_images_rebuilt/AVBC-HJDBA/AVBC-30HJDBA/01.jpg | Hisense/images-rebuild/2026-09-29/packets/02_AVBC/Hisense_images_rebuilt/AVBC-HJDBA/AVBC-27HJDBA/01.jpg | Hisense/images-rebuild/2026-09-29/packets/02_AVBC/Hisense_images_rebuilt/AVBC-HJDBA/AVBC-15HJDBA/01.jpg | Hisense/images-rebuild/2026-09-29/packets/02_AVBC/Hisense_images_rebuilt/AVBC-HJDBA/AVBC-54HJDBA/01.jpg | Hisense/images-rebuild/2026-09-29/packets/02_AVBC/Hisense_images_rebuilt/AVBC-HJDBA/AVBC-48HJDBA/01.jpg | Hisense/images-rebuild/2026-09-29/packets/02_AVBC/Hisense_images_rebuilt/AVBC-HJDBA/AVBC-22HJDBA/01.jpg | Hisense/images-rebuild/2026-09-29/packets/02_AVBC/Hisense_images_rebuilt/AVBC-HJDBA/AVBC-38HJDBA/01.jpg | Hisense/images-rebuild/2026-09-29/packets/02_AVBC/Hisense_images_rebuilt/AVBC-HJDBA/AVBC-09HJDBA/01.jpg
44,e60864881b79444f973f10af884c9387fff91afc2328f5cfc00459178dbb47d0,11,11,AVBC-HJDBA/AVBC-09HJDBA | AVBC-HJDBA/AVBC-12HJDBA | AVBC-HJDBA/AVBC-15HJDBA | AVBC-HJDBA/AVBC-19HJDBA | AVBC-HJDBA/AVBC-22HJDBA | AVBC-HJDBA/AVBC-24HJDBA | AVBC-HJDBA/AVBC-27HJDBA | AVBC-HJDBA/AVBC-30HJDBA | AVBC-HJDBA/AVBC-38HJDBA | AVBC-HJDBA/AVBC-48HJDBA | AVBC-HJDBA/AVBC-54HJDBA,Hisense/images-rebuild/2026-09-29/packets/02_AVBC/Hisense_images_rebuilt/AVBC-HJDBA/AVBC-12HJDBA/05.jpg | Hisense/images-rebuild/2026-09-29/packets/02_AVBC/Hisense_images_rebuilt/AVBC-HJDBA/AVBC-24HJDBA/05.jpg | Hisense/images-rebuild/2026-09-29/packets/02_AVBC/Hisense_images_rebuilt/AVBC-HJDBA/AVBC-19HJDBA/05.jpg | Hisense/images-rebuild/2026-09-29/packets/02_AVBC/Hisense_images_rebuilt/AVBC-HJDBA/AVBC-30HJDBA/05.jpg | Hisense/images-rebuild/2026-09-29/packets/02_AVBC/Hisense_images_rebuilt/AVBC-HJDBA/AVBC-27HJDBA/05.jpg | Hisense/images-rebuild/2026-09-29/packets/02_AVBC/Hisense_images_rebuilt/AVBC-HJDBA/AVBC-15HJDBA/05.jpg | Hisense/images-rebuild/2026-09-29/packets/02_AVBC/Hisense_images_rebuilt/AVBC-HJDBA/AVBC-54HJDBA/05.jpg | Hisense/images-rebuild/2026-09-29/packets/02_AVBC/Hisense_images_rebuilt/AVBC-HJDBA/AVBC-48HJDBA/05.jpg | Hisense/images-rebuild/2026-09-29/packets/02_AVBC/Hisense_images_rebuilt/AVBC-HJDBA/AVBC-22HJDBA/05.jpg | Hisense/images-rebuild/2026-09-29/packets/02_AVBC/Hisense_images_rebuilt/AVBC-HJDBA/AVBC-38HJDBA/05.jpg | Hisense/images-rebuild/2026-09-29/packets/02_AVBC/Hisense_images_rebuilt/AVBC-HJDBA/AVBC-09HJDBA/05.jpg
45,6e970bc49d87158f961e15974a0b71659f4b80fa618429aa8e14c33dbb4184bd,6,6,AVBC-HJFKA/AVBC-19HJFKA | AVBC-HJFKA/AVBC-24HJFKA | AVBC-HJFKA/AVBC-30HJFKA | AVBC-HJFKA/AVBC-38HJFKA | AVBC-HJFKA/AVBC-48HJFKA | AVBC-HJFKA/AVBC-54HJFKA,Hisense/images-rebuild/2026-09-29/packets/02_AVBC/Hisense_images_rebuilt/AVBC-HJFKA/AVBC-48HJFKA/06.jpg | Hisense/images-rebuild/2026-09-29/packets/02_AVBC/Hisense_images_rebuilt/AVBC-HJFKA/AVBC-19HJFKA/06.jpg | Hisense/images-rebuild/2026-09-29/packets/02_AVBC/Hisense_images_rebuilt/AVBC-HJFKA/AVBC-24HJFKA/06.jpg | Hisense/images-rebuild/2026-09-29/packets/02_AVBC/Hisense_images_rebuilt/AVBC-HJFKA/AVBC-38HJFKA/06.jpg | Hisense/images-rebuild/2026-09-29/packets/02_AVBC/Hisense_images_rebuilt/AVBC-HJFKA/AVBC-30HJFKA/06.jpg | Hisense/images-rebuild/2026-09-29/packets/02_AVBC/Hisense_images_rebuilt/AVBC-HJFKA/AVBC-54HJFKA/06.jpg
46,69f1ae8cb15bb161f0f4d6ba95917acd86f5533ceca08e7df31d8030c0512fab,6,6,AVBC-HJFKA/AVBC-19HJFKA | AVBC-HJFKA/AVBC-24HJFKA | AVBC-HJFKA/AVBC-30HJFKA | AVBC-HJFKA/AVBC-38HJFKA | AVBC-HJFKA/AVBC-48HJFKA | AVBC-HJFKA/AVBC-54HJFKA,Hisense/images-rebuild/2026-09-29/packets/02_AVBC/Hisense_images_rebuilt/AVBC-HJFKA/AVBC-48HJFKA/07.jpg | Hisense/images-rebuild/2026-09-29/packets/02_AVBC/Hisense_images_rebuilt/AVBC-HJFKA/AVBC-19HJFKA/07.jpg | Hisense/images-rebuild/2026-09-29/packets/02_AVBC/Hisense_images_rebuilt/AVBC-HJFKA/AVBC-24HJFKA/07.jpg | Hisense/images-rebuild/2026-09-29/packets/02_AVBC/Hisense_images_rebuilt/AVBC-HJFKA/AVBC-38HJFKA/07.jpg | Hisense/images-rebuild/2026-09-29/packets/02_AVBC/Hisense_images_rebuilt/AVBC-HJFKA/AVBC-30HJFKA/07.jpg | Hisense/images-rebuild/2026-09-29/packets/02_AVBC/Hisense_images_rebuilt/AVBC-HJFKA/AVBC-54HJFKA/07.jpg
47,6b411daf5e6cbc532d77e77ef3a64ed3ab084643fd9341329e7d5168869f2115,6,6,AVBC-HJFKA/AVBC-19HJFKA | AVBC-HJFKA/AVBC-24HJFKA | AVBC-HJFKA/AVBC-30HJFKA | AVBC-HJFKA/AVBC-38HJFKA | AVBC-HJFKA/AVBC-48HJFKA | AVBC-HJFKA/AVBC-54HJFKA,Hisense/images-rebuild/2026-09-29/packets/02_AVBC/Hisense_images_rebuilt/AVBC-HJFKA/AVBC-48HJFKA/01.jpg | Hisense/images-rebuild/2026-09-29/packets/02_AVBC/Hisense_images_rebuilt/AVBC-HJFKA/AVBC-19HJFKA/01.jpg | Hisense/images-rebuild/2026-09-29/packets/02_AVBC/Hisense_images_rebuilt/AVBC-HJFKA/AVBC-24HJFKA/01.jpg | Hisense/images-rebuild/2026-09-29/packets/02_AVBC/Hisense_images_rebuilt/AVBC-HJFKA/AVBC-38HJFKA/01.jpg | Hisense/images-rebuild/2026-09-29/packets/02_AVBC/Hisense_images_rebuilt/AVBC-HJFKA/AVBC-30HJFKA/01.jpg | Hisense/images-rebuild/2026-09-29/packets/02_AVBC/Hisense_images_rebuilt/AVBC-HJFKA/AVBC-54HJFKA/01.jpg
48,f7c46329f596f7d9a4a97a6555411092dc65a42f27cbb1fda37674c535927ac2,6,6,AVBC-HJFKA/AVBC-19HJFKA | AVBC-HJFKA/AVBC-24HJFKA | AVBC-HJFKA/AVBC-30HJFKA | AVBC-HJFKA/AVBC-38HJFKA | AVBC-HJFKA/AVBC-48HJFKA | AVBC-HJFKA/AVBC-54HJFKA,Hisense/images-rebuild/2026-09-29/packets/02_AVBC/Hisense_images_rebuilt/AVBC-HJFKA/AVBC-48HJFKA/05.jpg | Hisense/images-rebuild/2026-09-29/packets/02_AVBC/Hisense_images_rebuilt/AVBC-HJFKA/AVBC-19HJFKA/05.jpg | Hisense/images-rebuild/2026-09-29/packets/02_AVBC/Hisense_images_rebuilt/AVBC-HJFKA/AVBC-24HJFKA/05.jpg | Hisense/images-rebuild/2026-09-29/packets/02_AVBC/Hisense_images_rebuilt/AVBC-HJFKA/AVBC-38HJFKA/05.jpg | Hisense/images-rebuild/2026-09-29/packets/02_AVBC/Hisense_images_rebuilt/AVBC-HJFKA/AVBC-30HJFKA/05.jpg | Hisense/images-rebuild/2026-09-29/packets/02_AVBC/Hisense_images_rebuilt/AVBC-HJFKA/AVBC-54HJFKA/05.jpg
49,530e8ac813411c83f07dc9dee8ac52041e49038d3a8021302455ea23650f7862,6,6,AVBC-HJFKA/AVBC-19HJFKA | AVBC-HJFKA/AVBC-24HJFKA | AVBC-HJFKA/AVBC-30HJFKA | AVBC-HJFKA/AVBC-38HJFKA | AVBC-HJFKA/AVBC-48HJFKA | AVBC-HJFKA/AVBC-54HJFKA,Hisense/images-rebuild/2026-09-29/packets/02_AVBC/Hisense_images_rebuilt/AVBC-HJFKA/AVBC-48HJFKA/04.jpg | Hisense/images-rebuild/2026-09-29/packets/02_AVBC/Hisense_images_rebuilt/AVBC-HJFKA/AVBC-19HJFKA/04.jpg | Hisense/images-rebuild/2026-09-29/packets/02_AVBC/Hisense_images_rebuilt/AVBC-HJFKA/AVBC-24HJFKA/04.jpg | Hisense/images-rebuild/2026-09-29/packets/02_AVBC/Hisense_images_rebuilt/AVBC-HJFKA/AVBC-38HJFKA/04.jpg | Hisense/images-rebuild/2026-09-29/packets/02_AVBC/Hisense_images_rebuilt/AVBC-HJFKA/AVBC-30HJFKA/04.jpg | Hisense/images-rebuild/2026-09-29/packets/02_AVBC/Hisense_images_rebuilt/AVBC-HJFKA/AVBC-54HJFKA/04.jpg
50,9c814ebd384a432ede3fc845cb7c236d722fcd78efbbb78b69a3531ab75a8802,7,7,ZKPU-mini/ZKPU-mini 100-50 | ZKPU-mini/ZKPU-mini 50-25 | ZKPU-mini/ZKPU-mini 50-30 | ZKPU-mini/ZKPU-mini 60-30 | ZKPU-mini/ZKPU-mini 60-35 | ZKPU-mini/ZKPU-mini 70-40 | ZKPU-mini/ZKPU-mini 80-50,Hisense/images-rebuild/2026-09-29/packets/13_ZKPU/Hisense_images_rebuilt/ZKPU-mini/ZKPU-mini 60-30/01.jpg | Hisense/images-rebuild/2026-09-29/packets/13_ZKPU/Hisense_images_rebuilt/ZKPU-mini/ZKPU-mini 100-50/01.jpg | Hisense/images-rebuild/2026-09-29/packets/13_ZKPU/Hisense_images_rebuilt/ZKPU-mini/ZKPU-mini 80-50/01.jpg | Hisense/images-rebuild/2026-09-29/packets/13_ZKPU/Hisense_images_rebuilt/ZKPU-mini/ZKPU-mini 50-30/01.jpg | Hisense/images-rebuild/2026-09-29/packets/13_ZKPU/Hisense_images_rebuilt/ZKPU-mini/ZKPU-mini 50-25/01.jpg | Hisense/images-rebuild/2026-09-29/packets/13_ZKPU/Hisense_images_rebuilt/ZKPU-mini/ZKPU-mini 60-35/01.jpg | Hisense/images-rebuild/2026-09-29/packets/13_ZKPU/Hisense_images_rebuilt/ZKPU-mini/ZKPU-mini 70-40/01.jpg
51,fb785581a2529a5a08cc6e63e445cbf615ad96228bcb3801b67e65c056030dcf,10,10,ZKPU-maxi/ZKPU-maxi 10 | ZKPU-maxi/ZKPU-maxi 12 | ZKPU-maxi/ZKPU-maxi 14 | ZKPU-maxi/ZKPU-maxi 16 | ZKPU-maxi/ZKPU-maxi 18 | ZKPU-maxi/ZKPU-maxi 2 | ZKPU-maxi/ZKPU-maxi 20 | ZKPU-maxi/ZKPU-maxi 4 | ZKPU-maxi/ZKPU-maxi 6 | ZKPU-maxi/ZKPU-maxi 8,Hisense/images-rebuild/2026-09-29/packets/13_ZKPU/Hisense_images_rebuilt/ZKPU-maxi/ZKPU-maxi 4/01.jpg | Hisense/images-rebuild/2026-09-29/packets/13_ZKPU/Hisense_images_rebuilt/ZKPU-maxi/ZKPU-maxi 10/01.jpg | Hisense/images-rebuild/2026-09-29/packets/13_ZKPU/Hisense_images_rebuilt/ZKPU-maxi/ZKPU-maxi 6/01.jpg | Hisense/images-rebuild/2026-09-29/packets/13_ZKPU/Hisense_images_rebuilt/ZKPU-maxi/ZKPU-maxi 8/01.jpg | Hisense/images-rebuild/2026-09-29/packets/13_ZKPU/Hisense_images_rebuilt/ZKPU-maxi/ZKPU-maxi 14/01.jpg | Hisense/images-rebuild/2026-09-29/packets/13_ZKPU/Hisense_images_rebuilt/ZKPU-maxi/ZKPU-maxi 18/01.jpg | Hisense/images-rebuild/2026-09-29/packets/13_ZKPU/Hisense_images_rebuilt/ZKPU-maxi/ZKPU-maxi 2/01.jpg | Hisense/images-rebuild/2026-09-29/packets/13_ZKPU/Hisense_images_rebuilt/ZKPU-maxi/ZKPU-maxi 16/01.jpg | Hisense/images-rebuild/2026-09-29/packets/13_ZKPU/Hisense_images_rebuilt/ZKPU-maxi/ZKPU-maxi 20/01.jpg | Hisense/images-rebuild/2026-09-29/packets/13_ZKPU/Hisense_images_rebuilt/ZKPU-maxi/ZKPU-maxi 12/01.jpg
52,1c191050952e712557928fc1b7e97f463b2110c5e73c508914d0fbda26b2f663,2,2,MACS/MACS-I-C141P2-MACS-I-CSP2 | MACS/MACS-I-C81P2-MACS-I-CSP2,Hisense/images-rebuild/2026-09-29/packets/08_MACS_C_CURATED/Hisense_images_rebuilt/MACS/MACS-I-C141P2-MACS-I-CSP2/02.jpg | Hisense/images-rebuild/2026-09-29/packets/08_MACS_C_CURATED/Hisense_images_rebuilt/MACS/MACS-I-C81P2-MACS-I-CSP2/02.jpg
53,d490f62ff0d359793859893e28abb9c48457d4aece7063e53c22f5db63f9cb9f,8,8,MACS/MACS-I-C101P2-MACS-I-CSP2 | MACS/MACS-I-C121P2-MACS-I-CSP2 | MACS/MACS-I-C141P2-MACS-I-CSP2 | MACS/MACS-I-C35P2C-MACS-I-CSPС2 | MACS/MACS-I-C45P2С-MACS-I-CSPС2 | MACS/MACS-I-C51P2С-MACS-I-CSPС2 | MACS/MACS-I-C61P2-MACS-I-CSP2 | MACS/MACS-I-C81P2-MACS-I-CSP2,Hisense/images-rebuild/2026-09-29/packets/08_MACS_C_CURATED/Hisense_images_rebuilt/MACS/MACS-I-C141P2-MACS-I-CSP2/01.jpg | Hisense/images-rebuild/2026-09-29/packets/08_MACS_C_CURATED/Hisense_images_rebuilt/MACS/MACS-I-C81P2-MACS-I-CSP2/01.jpg | Hisense/images-rebuild/2026-09-29/packets/08_MACS_C_CURATED/Hisense_images_rebuilt/MACS/MACS-I-C121P2-MACS-I-CSP2/01.jpg | Hisense/images-rebuild/2026-09-29/packets/08_MACS_C_CURATED/Hisense_images_rebuilt/MACS/MACS-I-C45P2С-MACS-I-CSPС2/01.jpg | Hisense/images-rebuild/2026-09-29/packets/08_MACS_C_CURATED/Hisense_images_rebuilt/MACS/MACS-I-C35P2C-MACS-I-CSPС2/01.jpg | Hisense/images-rebuild/2026-09-29/packets/08_MACS_C_CURATED/Hisense_images_rebuilt/MACS/MACS-I-C101P2-MACS-I-CSP2/01.jpg | Hisense/images-rebuild/2026-09-29/packets/08_MACS_C_CURATED/Hisense_images_rebuilt/MACS/MACS-I-C61P2-MACS-I-CSP2/01.jpg | Hisense/images-rebuild/2026-09-29/packets/08_MACS_C_CURATED/Hisense_images_rebuilt/MACS/MACS-I-C51P2С-MACS-I-CSPС2/01.jpg
54,d19eb5c98e601b554346cd30f0ce36d9de8ec2a73411d9161b4ee9c9332a92a1,17,17,MACS/MACS-I-C110P4K | MACS/MACS-I-C115P2K | MACS/MACS-I-C130P2K | MACS/MACS-I-C20P2K | MACS/MACS-I-C25P4K | MACS/MACS-I-C28P2K | MACS/MACS-I-C30P4K | MACS/MACS-I-C35P2K | MACS/MACS-I-C40P4K | MACS/MACS-I-C50P2K | MACS/MACS-I-C50P4K | MACS/MACS-I-C60P2K | MACS/MACS-I-C60P4K | MACS/MACS-I-C75P2K | MACS/MACS-I-C80P4K | MACS/MACS-I-C90P4K | MACS/MACS-I-C95P2K,Hisense/images-rebuild/2026-09-29/packets/08_MACS_C_CURATED/Hisense_images_rebuilt/MACS/MACS-I-C35P2K/02.jpg | Hisense/images-rebuild/2026-09-29/packets/08_MACS_C_CURATED/Hisense_images_rebuilt/MACS/MACS-I-C30P4K/02.jpg | Hisense/images-rebuild/2026-09-29/packets/08_MACS_C_CURATED/Hisense_images_rebuilt/MACS/MACS-I-C110P4K/02.jpg | Hisense/images-rebuild/2026-09-29/packets/08_MACS_C_CURATED/Hisense_images_rebuilt/MACS/MACS-I-C60P4K/02.jpg | Hisense/images-rebuild/2026-09-29/packets/08_MACS_C_CURATED/Hisense_images_rebuilt/MACS/MACS-I-C50P4K/02.jpg | Hisense/images-rebuild/2026-09-29/packets/08_MACS_C_CURATED/Hisense_images_rebuilt/MACS/MACS-I-C25P4K/02.jpg | Hisense/images-rebuild/2026-09-29/packets/08_MACS_C_CURATED/Hisense_images_rebuilt/MACS/MACS-I-C80P4K/02.jpg | Hisense/images-rebuild/2026-09-29/packets/08_MACS_C_CURATED/Hisense_images_rebuilt/MACS/MACS-I-C130P2K/02.jpg | Hisense/images-rebuild/2026-09-29/packets/08_MACS_C_CURATED/Hisense_images_rebuilt/MACS/MACS-I-C40P4K/02.jpg | Hisense/images-rebuild/2026-09-29/packets/08_MACS_C_CURATED/Hisense_images_rebuilt/MACS/MACS-I-C75P2K/02.jpg | Hisense/images-rebuild/2026-09-29/packets/08_MACS_C_CURATED/Hisense_images_rebuilt/MACS/MACS-I-C50P2K/02.jpg | Hisense/images-rebuild/2026-09-29/packets/08_MACS_C_CURATED/Hisense_images_rebuilt/MACS/MACS-I-C28P2K/02.jpg | Hisense/images-rebuild/2026-09-29/packets/08_MACS_C_CURATED/Hisense_images_rebuilt/MACS/MACS-I-C95P2K/02.jpg | Hisense/images-rebuild/2026-09-29/packets/08_MACS_C_CURATED/Hisense_images_rebuilt/MACS/MACS-I-C90P4K/02.jpg | Hisense/images-rebuild/2026-09-29/packets/08_MACS_C_CURATED/Hisense_images_rebuilt/MACS/MACS-I-C115P2K/02.jpg | Hisense/images-rebuild/2026-09-29/packets/08_MACS_C_CURATED/Hisense_images_rebuilt/MACS/MACS-I-C20P2K/02.jpg | Hisense/images-rebuild/2026-09-29/packets/08_MACS_C_CURATED/Hisense_images_rebuilt/MACS/MACS-I-C60P2K/02.jpg
55,127875b00d8f5678ebd39747b7beed3f9fd0e3c0f668816ff7d88f647996aa15,9,9,MACS/MACS-I-C115P2K | MACS/MACS-I-C130P2K | MACS/MACS-I-C20P2K | MACS/MACS-I-C28P2K | MACS/MACS-I-C35P2K | MACS/MACS-I-C50P2K | MACS/MACS-I-C60P2K | MACS/MACS-I-C75P2K | MACS/MACS-I-C95P2K,Hisense/images-rebuild/2026-09-29/packets/08_MACS_C_CURATED/Hisense_images_rebuilt/MACS/MACS-I-C35P2K/01.jpg | Hisense/images-rebuild/2026-09-29/packets/08_MACS_C_CURATED/Hisense_images_rebuilt/MACS/MACS-I-C130P2K/01.jpg | Hisense/images-rebuild/2026-09-29/packets/08_MACS_C_CURATED/Hisense_images_rebuilt/MACS/MACS-I-C75P2K/01.jpg | Hisense/images-rebuild/2026-09-29/packets/08_MACS_C_CURATED/Hisense_images_rebuilt/MACS/MACS-I-C50P2K/01.jpg | Hisense/images-rebuild/2026-09-29/packets/08_MACS_C_CURATED/Hisense_images_rebuilt/MACS/MACS-I-C28P2K/01.jpg | Hisense/images-rebuild/2026-09-29/packets/08_MACS_C_CURATED/Hisense_images_rebuilt/MACS/MACS-I-C95P2K/01.jpg | Hisense/images-rebuild/2026-09-29/packets/08_MACS_C_CURATED/Hisense_images_rebuilt/MACS/MACS-I-C115P2K/01.jpg | Hisense/images-rebuild/2026-09-29/packets/08_MACS_C_CURATED/Hisense_images_rebuilt/MACS/MACS-I-C20P2K/01.jpg | Hisense/images-rebuild/2026-09-29/packets/08_MACS_C_CURATED/Hisense_images_rebuilt/MACS/MACS-I-C60P2K/01.jpg
56,8a74d340c12ca4ffed791753f49393a29ea5d86510dea931f03c97eb30273122,5,5,MACS/MACS-I-C20P21K | MACS/MACS-I-C25P21K | MACS/MACS-I-C35P21K | MACS/MACS-I-C45P21K | MACS/MACS-I-C55P21K,Hisense/images-rebuild/2026-09-29/packets/08_MACS_C_CURATED/Hisense_images_rebuilt/MACS/MACS-I-C45P21K/02.jpg | Hisense/images-rebuild/2026-09-29/packets/08_MACS_C_CURATED/Hisense_images_rebuilt/MACS/MACS-I-C55P21K/02.jpg | Hisense/images-rebuild/2026-09-29/packets/08_MACS_C_CURATED/Hisense_images_rebuilt/MACS/MACS-I-C35P21K/02.jpg | Hisense/images-rebuild/2026-09-29/packets/08_MACS_C_CURATED/Hisense_images_rebuilt/MACS/MACS-I-C25P21K/02.jpg | Hisense/images-rebuild/2026-09-29/packets/08_MACS_C_CURATED/Hisense_images_rebuilt/MACS/MACS-I-C20P21K/02.jpg
57,772db018ecb1852be79514ea148db7c515d5b606fe721a8543d68e7e01c5e2f7,5,5,MACS/MACS-I-C20P21K | MACS/MACS-I-C25P21K | MACS/MACS-I-C35P21K | MACS/MACS-I-C45P21K | MACS/MACS-I-C55P21K,Hisense/images-rebuild/2026-09-29/packets/08_MACS_C_CURATED/Hisense_images_rebuilt/MACS/MACS-I-C45P21K/01.jpg | Hisense/images-rebuild/2026-09-29/packets/08_MACS_C_CURATED/Hisense_images_rebuilt/MACS/MACS-I-C55P21K/01.jpg | Hisense/images-rebuild/2026-09-29/packets/08_MACS_C_CURATED/Hisense_images_rebuilt/MACS/MACS-I-C35P21K/01.jpg | Hisense/images-rebuild/2026-09-29/packets/08_MACS_C_CURATED/Hisense_images_rebuilt/MACS/MACS-I-C25P21K/01.jpg | Hisense/images-rebuild/2026-09-29/packets/08_MACS_C_CURATED/Hisense_images_rebuilt/MACS/MACS-I-C20P21K/01.jpg
58,155e63e42ab76c06b82479a65177220ad8f1f14f502a4c7ce086086ffe5d4d5a,8,8,MACS/MACS-I-C110P4K | MACS/MACS-I-C25P4K | MACS/MACS-I-C30P4K | MACS/MACS-I-C40P4K | MACS/MACS-I-C50P4K | MACS/MACS-I-C60P4K | MACS/MACS-I-C80P4K | MACS/MACS-I-C90P4K,Hisense/images-rebuild/2026-09-29/packets/08_MACS_C_CURATED/Hisense_images_rebuilt/MACS/MACS-I-C30P4K/01.jpg | Hisense/images-rebuild/2026-09-29/packets/08_MACS_C_CURATED/Hisense_images_rebuilt/MACS/MACS-I-C110P4K/01.jpg | Hisense/images-rebuild/2026-09-29/packets/08_MACS_C_CURATED/Hisense_images_rebuilt/MACS/MACS-I-C60P4K/01.jpg | Hisense/images-rebuild/2026-09-29/packets/08_MACS_C_CURATED/Hisense_images_rebuilt/MACS/MACS-I-C50P4K/01.jpg | Hisense/images-rebuild/2026-09-29/packets/08_MACS_C_CURATED/Hisense_images_rebuilt/MACS/MACS-I-C25P4K/01.jpg | Hisense/images-rebuild/2026-09-29/packets/08_MACS_C_CURATED/Hisense_images_rebuilt/MACS/MACS-I-C80P4K/01.jpg | Hisense/images-rebuild/2026-09-29/packets/08_MACS_C_CURATED/Hisense_images_rebuilt/MACS/MACS-I-C40P4K/01.jpg | Hisense/images-rebuild/2026-09-29/packets/08_MACS_C_CURATED/Hisense_images_rebuilt/MACS/MACS-I-C90P4K/01.jpg
59,442d65317c49e24827fb4c0ac2d46bd8c640b8062a8ad123e747a56028b728a5,4,4,MACS/MACS-I-C101P2-MACS-I-CSP2 | MACS/MACS-I-C121P2-MACS-I-CSP2 | MACS/MACS-I-C35P2C-MACS-I-CSPС2 | MACS/MACS-I-C61P2-MACS-I-CSP2,Hisense/images-rebuild/2026-09-29/packets/08_MACS_C_CURATED/Hisense_images_rebuilt/MACS/MACS-I-C121P2-MACS-I-CSP2/02.jpg | Hisense/images-rebuild/2026-09-29/packets/08_MACS_C_CURATED/Hisense_images_rebuilt/MACS/MACS-I-C35P2C-MACS-I-CSPС2/02.jpg | Hisense/images-rebuild/2026-09-29/packets/08_MACS_C_CURATED/Hisense_images_rebuilt/MACS/MACS-I-C101P2-MACS-I-CSP2/02.jpg | Hisense/images-rebuild/2026-09-29/packets/08_MACS_C_CURATED/Hisense_images_rebuilt/MACS/MACS-I-C61P2-MACS-I-CSP2/02.jpg
60,30981d821693f827c82368a6cf12917bcc7e6659265a05fe87810c96a09b3ca7,7,7,AVC-HJDBA/AVC-05HJDBA | AVC-HJDBA/AVC-07HJDBA | AVC-HJDBA/AVC-09HJDBA | AVC-HJDBA/AVC-12HJDBA | AVC-HJDBA/AVC-15HJDBA | AVC-HJDBA/AVC-17HJDBA | AVC-HJDBA/AVC-19HJDBA,Hisense/images-rebuild/2026-09-29/packets/01_AVC_AVY/curated/Hisense_packet_01_AVC_AVY/AVC-HJDBA/AVC-09HJDBA/02.jpg | Hisense/images-rebuild/2026-09-29/packets/01_AVC_AVY/curated/Hisense_packet_01_AVC_AVY/AVC-HJDBA/AVC-19HJDBA/02.jpg | Hisense/images-rebuild/2026-09-29/packets/01_AVC_AVY/curated/Hisense_packet_01_AVC_AVY/AVC-HJDBA/AVC-12HJDBA/02.jpg | Hisense/images-rebuild/2026-09-29/packets/01_AVC_AVY/curated/Hisense_packet_01_AVC_AVY/AVC-HJDBA/AVC-05HJDBA/02.jpg | Hisense/images-rebuild/2026-09-29/packets/01_AVC_AVY/curated/Hisense_packet_01_AVC_AVY/AVC-HJDBA/AVC-17HJDBA/02.jpg | Hisense/images-rebuild/2026-09-29/packets/01_AVC_AVY/curated/Hisense_packet_01_AVC_AVY/AVC-HJDBA/AVC-15HJDBA/02.jpg | Hisense/images-rebuild/2026-09-29/packets/01_AVC_AVY/curated/Hisense_packet_01_AVC_AVY/AVC-HJDBA/AVC-07HJDBA/02.jpg
61,818931f25fc081c875dd06c8b3379a3fd7e886621a966ed9fee45357aca354c1,14,14,AVC-HJDBA/AVC-05HJDBA | AVC-HJDBA/AVC-07HJDBA | AVC-HJDBA/AVC-09HJDBA | AVC-HJDBA/AVC-12HJDBA | AVC-HJDBA/AVC-15HJDBA | AVC-HJDBA/AVC-17HJDBA | AVC-HJDBA/AVC-19HJDBA | AVY-HJDA/AVY-05HJDA | AVY-HJDA/AVY-07HJDA | AVY-HJDA/AVY-09HJDA | AVY-HJDA/AVY-12HJDA | AVY-HJDA/AVY-15HJDA | AVY-HJDA/AVY-19HJDA | AVY-HJDA/AVY-24HJDA,Hisense/images-rebuild/2026-09-29/packets/01_AVC_AVY/curated/Hisense_packet_01_AVC_AVY/AVC-HJDBA/AVC-09HJDBA/10.jpg | Hisense/images-rebuild/2026-09-29/packets/01_AVC_AVY/curated/Hisense_packet_01_AVC_AVY/AVC-HJDBA/AVC-19HJDBA/10.jpg | Hisense/images-rebuild/2026-09-29/packets/01_AVC_AVY/curated/Hisense_packet_01_AVC_AVY/AVC-HJDBA/AVC-12HJDBA/10.jpg | Hisense/images-rebuild/2026-09-29/packets/01_AVC_AVY/curated/Hisense_packet_01_AVC_AVY/AVC-HJDBA/AVC-05HJDBA/10.jpg | Hisense/images-rebuild/2026-09-29/packets/01_AVC_AVY/curated/Hisense_packet_01_AVC_AVY/AVC-HJDBA/AVC-17HJDBA/10.jpg | Hisense/images-rebuild/2026-09-29/packets/01_AVC_AVY/curated/Hisense_packet_01_AVC_AVY/AVC-HJDBA/AVC-15HJDBA/10.jpg | Hisense/images-rebuild/2026-09-29/packets/01_AVC_AVY/curated/Hisense_packet_01_AVC_AVY/AVC-HJDBA/AVC-07HJDBA/10.jpg | Hisense/images-rebuild/2026-09-29/packets/01_AVC_AVY/curated/Hisense_packet_01_AVC_AVY/AVY-HJDA/AVY-19HJDA/04.jpg | Hisense/images-rebuild/2026-09-29/packets/01_AVC_AVY/curated/Hisense_packet_01_AVC_AVY/AVY-HJDA/AVY-07HJDA/04.jpg | Hisense/images-rebuild/2026-09-29/packets/01_AVC_AVY/curated/Hisense_packet_01_AVC_AVY/AVY-HJDA/AVY-09HJDA/04.jpg | Hisense/images-rebuild/2026-09-29/packets/01_AVC_AVY/curated/Hisense_packet_01_AVC_AVY/AVY-HJDA/AVY-24HJDA/04.jpg | Hisense/images-rebuild/2026-09-29/packets/01_AVC_AVY/curated/Hisense_packet_01_AVC_AVY/AVY-HJDA/AVY-15HJDA/04.jpg | Hisense/images-rebuild/2026-09-29/packets/01_AVC_AVY/curated/Hisense_packet_01_AVC_AVY/AVY-HJDA/AVY-05HJDA/04.jpg | Hisense/images-rebuild/2026-09-29/packets/01_AVC_AVY/curated/Hisense_packet_01_AVC_AVY/AVY-HJDA/AVY-12HJDA/04.jpg
62,e1fe64150043072a4c6d2c02ecc90b783a03ff1a1be4880f4c4cd3d47f84860b,7,7,AVC-HJDBA/AVC-05HJDBA | AVC-HJDBA/AVC-07HJDBA | AVC-HJDBA/AVC-09HJDBA | AVC-HJDBA/AVC-12HJDBA | AVC-HJDBA/AVC-15HJDBA | AVC-HJDBA/AVC-17HJDBA | AVC-HJDBA/AVC-19HJDBA,Hisense/images-rebuild/2026-09-29/packets/01_AVC_AVY/curated/Hisense_packet_01_AVC_AVY/AVC-HJDBA/AVC-09HJDBA/08.jpg | Hisense/images-rebuild/2026-09-29/packets/01_AVC_AVY/curated/Hisense_packet_01_AVC_AVY/AVC-HJDBA/AVC-19HJDBA/08.jpg | Hisense/images-rebuild/2026-09-29/packets/01_AVC_AVY/curated/Hisense_packet_01_AVC_AVY/AVC-HJDBA/AVC-12HJDBA/08.jpg | Hisense/images-rebuild/2026-09-29/packets/01_AVC_AVY/curated/Hisense_packet_01_AVC_AVY/AVC-HJDBA/AVC-05HJDBA/08.jpg | Hisense/images-rebuild/2026-09-29/packets/01_AVC_AVY/curated/Hisense_packet_01_AVC_AVY/AVC-HJDBA/AVC-17HJDBA/08.jpg | Hisense/images-rebuild/2026-09-29/packets/01_AVC_AVY/curated/Hisense_packet_01_AVC_AVY/AVC-HJDBA/AVC-15HJDBA/08.jpg | Hisense/images-rebuild/2026-09-29/packets/01_AVC_AVY/curated/Hisense_packet_01_AVC_AVY/AVC-HJDBA/AVC-07HJDBA/08.jpg
63,9a40e38f1630f8d82f78adf08dc1a9a1b63082a3f80d870d58682a65326b83c6,7,7,AVC-HJDBA/AVC-05HJDBA | AVC-HJDBA/AVC-07HJDBA | AVC-HJDBA/AVC-09HJDBA | AVC-HJDBA/AVC-12HJDBA | AVC-HJDBA/AVC-15HJDBA | AVC-HJDBA/AVC-17HJDBA | AVC-HJDBA/AVC-19HJDBA,Hisense/images-rebuild/2026-09-29/packets/01_AVC_AVY/curated/Hisense_packet_01_AVC_AVY/AVC-HJDBA/AVC-09HJDBA/06.jpg | Hisense/images-rebuild/2026-09-29/packets/01_AVC_AVY/curated/Hisense_packet_01_AVC_AVY/AVC-HJDBA/AVC-19HJDBA/06.jpg | Hisense/images-rebuild/2026-09-29/packets/01_AVC_AVY/curated/Hisense_packet_01_AVC_AVY/AVC-HJDBA/AVC-12HJDBA/06.jpg | Hisense/images-rebuild/2026-09-29/packets/01_AVC_AVY/curated/Hisense_packet_01_AVC_AVY/AVC-HJDBA/AVC-05HJDBA/06.jpg | Hisense/images-rebuild/2026-09-29/packets/01_AVC_AVY/curated/Hisense_packet_01_AVC_AVY/AVC-HJDBA/AVC-17HJDBA/06.jpg | Hisense/images-rebuild/2026-09-29/packets/01_AVC_AVY/curated/Hisense_packet_01_AVC_AVY/AVC-HJDBA/AVC-15HJDBA/06.jpg | Hisense/images-rebuild/2026-09-29/packets/01_AVC_AVY/curated/Hisense_packet_01_AVC_AVY/AVC-HJDBA/AVC-07HJDBA/06.jpg
64,39ece09d7409d9f887a38ca837c59f09d92fcfe25d7c8b244d98a4fae41e9fd5,7,7,AVC-HJDBA/AVC-05HJDBA | AVC-HJDBA/AVC-07HJDBA | AVC-HJDBA/AVC-09HJDBA | AVC-HJDBA/AVC-12HJDBA | AVC-HJDBA/AVC-15HJDBA | AVC-HJDBA/AVC-17HJDBA | AVC-HJDBA/AVC-19HJDBA,Hisense/images-rebuild/2026-09-29/packets/01_AVC_AVY/curated/Hisense_packet_01_AVC_AVY/AVC-HJDBA/AVC-09HJDBA/03.jpg | Hisense/images-rebuild/2026-09-29/packets/01_AVC_AVY/curated/Hisense_packet_01_AVC_AVY/AVC-HJDBA/AVC-19HJDBA/03.jpg | Hisense/images-rebuild/2026-09-29/packets/01_AVC_AVY/curated/Hisense_packet_01_AVC_AVY/AVC-HJDBA/AVC-12HJDBA/03.jpg | Hisense/images-rebuild/2026-09-29/packets/01_AVC_AVY/curated/Hisense_packet_01_AVC_AVY/AVC-HJDBA/AVC-05HJDBA/03.jpg | Hisense/images-rebuild/2026-09-29/packets/01_AVC_AVY/curated/Hisense_packet_01_AVC_AVY/AVC-HJDBA/AVC-17HJDBA/03.jpg | Hisense/images-rebuild/2026-09-29/packets/01_AVC_AVY/curated/Hisense_packet_01_AVC_AVY/AVC-HJDBA/AVC-15HJDBA/03.jpg | Hisense/images-rebuild/2026-09-29/packets/01_AVC_AVY/curated/Hisense_packet_01_AVC_AVY/AVC-HJDBA/AVC-07HJDBA/03.jpg
65,bb5eff986568d2352ef583c014203317504a981f9be7cf8a4de35991cced7808,7,7,AVC-HJDBA/AVC-05HJDBA | AVC-HJDBA/AVC-07HJDBA | AVC-HJDBA/AVC-09HJDBA | AVC-HJDBA/AVC-12HJDBA | AVC-HJDBA/AVC-15HJDBA | AVC-HJDBA/AVC-17HJDBA | AVC-HJDBA/AVC-19HJDBA,Hisense/images-rebuild/2026-09-29/packets/01_AVC_AVY/curated/Hisense_packet_01_AVC_AVY/AVC-HJDBA/AVC-09HJDBA/07.jpg | Hisense/images-rebuild/2026-09-29/packets/01_AVC_AVY/curated/Hisense_packet_01_AVC_AVY/AVC-HJDBA/AVC-19HJDBA/07.jpg | Hisense/images-rebuild/2026-09-29/packets/01_AVC_AVY/curated/Hisense_packet_01_AVC_AVY/AVC-HJDBA/AVC-12HJDBA/07.jpg | Hisense/images-rebuild/2026-09-29/packets/01_AVC_AVY/curated/Hisense_packet_01_AVC_AVY/AVC-HJDBA/AVC-05HJDBA/07.jpg | Hisense/images-rebuild/2026-09-29/packets/01_AVC_AVY/curated/Hisense_packet_01_AVC_AVY/AVC-HJDBA/AVC-17HJDBA/07.jpg | Hisense/images-rebuild/2026-09-29/packets/01_AVC_AVY/curated/Hisense_packet_01_AVC_AVY/AVC-HJDBA/AVC-15HJDBA/07.jpg | Hisense/images-rebuild/2026-09-29/packets/01_AVC_AVY/curated/Hisense_packet_01_AVC_AVY/AVC-HJDBA/AVC-07HJDBA/07.jpg
66,f77a4f9d0ee32d0d481d435c6f7e8d3309f4f6fb1808fa9af6fde243e897c42c,7,7,AVC-HJDBA/AVC-05HJDBA | AVC-HJDBA/AVC-07HJDBA | AVC-HJDBA/AVC-09HJDBA | AVC-HJDBA/AVC-12HJDBA | AVC-HJDBA/AVC-15HJDBA | AVC-HJDBA/AVC-17HJDBA | AVC-HJDBA/AVC-19HJDBA,Hisense/images-rebuild/2026-09-29/packets/01_AVC_AVY/curated/Hisense_packet_01_AVC_AVY/AVC-HJDBA/AVC-09HJDBA/01.jpg | Hisense/images-rebuild/2026-09-29/packets/01_AVC_AVY/curated/Hisense_packet_01_AVC_AVY/AVC-HJDBA/AVC-19HJDBA/01.jpg | Hisense/images-rebuild/2026-09-29/packets/01_AVC_AVY/curated/Hisense_packet_01_AVC_AVY/AVC-HJDBA/AVC-12HJDBA/01.jpg | Hisense/images-rebuild/2026-09-29/packets/01_AVC_AVY/curated/Hisense_packet_01_AVC_AVY/AVC-HJDBA/AVC-05HJDBA/01.jpg | Hisense/images-rebuild/2026-09-29/packets/01_AVC_AVY/curated/Hisense_packet_01_AVC_AVY/AVC-HJDBA/AVC-17HJDBA/01.jpg | Hisense/images-rebuild/2026-09-29/packets/01_AVC_AVY/curated/Hisense_packet_01_AVC_AVY/AVC-HJDBA/AVC-15HJDBA/01.jpg | Hisense/images-rebuild/2026-09-29/packets/01_AVC_AVY/curated/Hisense_packet_01_AVC_AVY/AVC-HJDBA/AVC-07HJDBA/01.jpg
67,c38d8639dfb1293e9a9b25e863e53be2b995754c76506aff4784b8abaa52c3cf,14,14,AVC-HJDBA/AVC-05HJDBA | AVC-HJDBA/AVC-07HJDBA | AVC-HJDBA/AVC-09HJDBA | AVC-HJDBA/AVC-12HJDBA | AVC-HJDBA/AVC-15HJDBA | AVC-HJDBA/AVC-17HJDBA | AVC-HJDBA/AVC-19HJDBA | AVY-HJDA/AVY-05HJDA | AVY-HJDA/AVY-07HJDA | AVY-HJDA/AVY-09HJDA | AVY-HJDA/AVY-12HJDA | AVY-HJDA/AVY-15HJDA | AVY-HJDA/AVY-19HJDA | AVY-HJDA/AVY-24HJDA,Hisense/images-rebuild/2026-09-29/packets/01_AVC_AVY/curated/Hisense_packet_01_AVC_AVY/AVC-HJDBA/AVC-09HJDBA/09.jpg | Hisense/images-rebuild/2026-09-29/packets/01_AVC_AVY/curated/Hisense_packet_01_AVC_AVY/AVC-HJDBA/AVC-19HJDBA/09.jpg | Hisense/images-rebuild/2026-09-29/packets/01_AVC_AVY/curated/Hisense_packet_01_AVC_AVY/AVC-HJDBA/AVC-12HJDBA/09.jpg | Hisense/images-rebuild/2026-09-29/packets/01_AVC_AVY/curated/Hisense_packet_01_AVC_AVY/AVC-HJDBA/AVC-05HJDBA/09.jpg | Hisense/images-rebuild/2026-09-29/packets/01_AVC_AVY/curated/Hisense_packet_01_AVC_AVY/AVC-HJDBA/AVC-17HJDBA/09.jpg | Hisense/images-rebuild/2026-09-29/packets/01_AVC_AVY/curated/Hisense_packet_01_AVC_AVY/AVC-HJDBA/AVC-15HJDBA/09.jpg | Hisense/images-rebuild/2026-09-29/packets/01_AVC_AVY/curated/Hisense_packet_01_AVC_AVY/AVC-HJDBA/AVC-07HJDBA/09.jpg | Hisense/images-rebuild/2026-09-29/packets/01_AVC_AVY/curated/Hisense_packet_01_AVC_AVY/AVY-HJDA/AVY-19HJDA/03.jpg | Hisense/images-rebuild/2026-09-29/packets/01_AVC_AVY/curated/Hisense_packet_01_AVC_AVY/AVY-HJDA/AVY-07HJDA/03.jpg | Hisense/images-rebuild/2026-09-29/packets/01_AVC_AVY/curated/Hisense_packet_01_AVC_AVY/AVY-HJDA/AVY-09HJDA/03.jpg | Hisense/images-rebuild/2026-09-29/packets/01_AVC_AVY/curated/Hisense_packet_01_AVC_AVY/AVY-HJDA/AVY-24HJDA/03.jpg | Hisense/images-rebuild/2026-09-29/packets/01_AVC_AVY/curated/Hisense_packet_01_AVC_AVY/AVY-HJDA/AVY-15HJDA/03.jpg | Hisense/images-rebuild/2026-09-29/packets/01_AVC_AVY/curated/Hisense_packet_01_AVC_AVY/AVY-HJDA/AVY-05HJDA/03.jpg | Hisense/images-rebuild/2026-09-29/packets/01_AVC_AVY/curated/Hisense_packet_01_AVC_AVY/AVY-HJDA/AVY-12HJDA/03.jpg
68,fe2d56946f14a99b0fb0689eed19e8b0edf9b557f8f750dc66c5ca2bd721f910,7,7,AVC-HJDBA/AVC-05HJDBA | AVC-HJDBA/AVC-07HJDBA | AVC-HJDBA/AVC-09HJDBA | AVC-HJDBA/AVC-12HJDBA | AVC-HJDBA/AVC-15HJDBA | AVC-HJDBA/AVC-17HJDBA | AVC-HJDBA/AVC-19HJDBA,Hisense/images-rebuild/2026-09-29/packets/01_AVC_AVY/curated/Hisense_packet_01_AVC_AVY/AVC-HJDBA/AVC-09HJDBA/05.jpg | Hisense/images-rebuild/2026-09-29/packets/01_AVC_AVY/curated/Hisense_packet_01_AVC_AVY/AVC-HJDBA/AVC-19HJDBA/05.jpg | Hisense/images-rebuild/2026-09-29/packets/01_AVC_AVY/curated/Hisense_packet_01_AVC_AVY/AVC-HJDBA/AVC-12HJDBA/05.jpg | Hisense/images-rebuild/2026-09-29/packets/01_AVC_AVY/curated/Hisense_packet_01_AVC_AVY/AVC-HJDBA/AVC-05HJDBA/05.jpg | Hisense/images-rebuild/2026-09-29/packets/01_AVC_AVY/curated/Hisense_packet_01_AVC_AVY/AVC-HJDBA/AVC-17HJDBA/05.jpg | Hisense/images-rebuild/2026-09-29/packets/01_AVC_AVY/curated/Hisense_packet_01_AVC_AVY/AVC-HJDBA/AVC-15HJDBA/05.jpg | Hisense/images-rebuild/2026-09-29/packets/01_AVC_AVY/curated/Hisense_packet_01_AVC_AVY/AVC-HJDBA/AVC-07HJDBA/05.jpg
69,0c24e3c7af07af062d4bcae4cdc27dbdd7865ad27aeb789c4d0cf0bb5aa6e520,7,7,AVC-HJDBA/AVC-05HJDBA | AVC-HJDBA/AVC-07HJDBA | AVC-HJDBA/AVC-09HJDBA | AVC-HJDBA/AVC-12HJDBA | AVC-HJDBA/AVC-15HJDBA | AVC-HJDBA/AVC-17HJDBA | AVC-HJDBA/AVC-19HJDBA,Hisense/images-rebuild/2026-09-29/packets/01_AVC_AVY/curated/Hisense_packet_01_AVC_AVY/AVC-HJDBA/AVC-09HJDBA/04.jpg | Hisense/images-rebuild/2026-09-29/packets/01_AVC_AVY/curated/Hisense_packet_01_AVC_AVY/AVC-HJDBA/AVC-19HJDBA/04.jpg | Hisense/images-rebuild/2026-09-29/packets/01_AVC_AVY/curated/Hisense_packet_01_AVC_AVY/AVC-HJDBA/AVC-12HJDBA/04.jpg | Hisense/images-rebuild/2026-09-29/packets/01_AVC_AVY/curated/Hisense_packet_01_AVC_AVY/AVC-HJDBA/AVC-05HJDBA/04.jpg | Hisense/images-rebuild/2026-09-29/packets/01_AVC_AVY/curated/Hisense_packet_01_AVC_AVY/AVC-HJDBA/AVC-17HJDBA/04.jpg | Hisense/images-rebuild/2026-09-29/packets/01_AVC_AVY/curated/Hisense_packet_01_AVC_AVY/AVC-HJDBA/AVC-15HJDBA/04.jpg | Hisense/images-rebuild/2026-09-29/packets/01_AVC_AVY/curated/Hisense_packet_01_AVC_AVY/AVC-HJDBA/AVC-07HJDBA/04.jpg
70,f5837d363e33ab082ea3ae60cb7c918b5d1b20aeee17be887b5d802ca0e69ea5,7,7,AVY-HJDA/AVY-05HJDA | AVY-HJDA/AVY-07HJDA | AVY-HJDA/AVY-09HJDA | AVY-HJDA/AVY-12HJDA | AVY-HJDA/AVY-15HJDA | AVY-HJDA/AVY-19HJDA | AVY-HJDA/AVY-24HJDA,Hisense/images-rebuild/2026-09-29/packets/01_AVC_AVY/curated/Hisense_packet_01_AVC_AVY/AVY-HJDA/AVY-19HJDA/02.jpg | Hisense/images-rebuild/2026-09-29/packets/01_AVC_AVY/curated/Hisense_packet_01_AVC_AVY/AVY-HJDA/AVY-07HJDA/02.jpg | Hisense/images-rebuild/2026-09-29/packets/01_AVC_AVY/curated/Hisense_packet_01_AVC_AVY/AVY-HJDA/AVY-09HJDA/02.jpg | Hisense/images-rebuild/2026-09-29/packets/01_AVC_AVY/curated/Hisense_packet_01_AVC_AVY/AVY-HJDA/AVY-24HJDA/02.jpg | Hisense/images-rebuild/2026-09-29/packets/01_AVC_AVY/curated/Hisense_packet_01_AVC_AVY/AVY-HJDA/AVY-15HJDA/02.jpg | Hisense/images-rebuild/2026-09-29/packets/01_AVC_AVY/curated/Hisense_packet_01_AVC_AVY/AVY-HJDA/AVY-05HJDA/02.jpg | Hisense/images-rebuild/2026-09-29/packets/01_AVC_AVY/curated/Hisense_packet_01_AVC_AVY/AVY-HJDA/AVY-12HJDA/02.jpg
71,c86f84bf16575aa816ff6b32270b65b2a4e86561cc9ca83cc46d9c641a39d9df,7,7,AVY-HJDA/AVY-05HJDA | AVY-HJDA/AVY-07HJDA | AVY-HJDA/AVY-09HJDA | AVY-HJDA/AVY-12HJDA | AVY-HJDA/AVY-15HJDA | AVY-HJDA/AVY-19HJDA | AVY-HJDA/AVY-24HJDA,Hisense/images-rebuild/2026-09-29/packets/01_AVC_AVY/curated/Hisense_packet_01_AVC_AVY/AVY-HJDA/AVY-19HJDA/01.jpg | Hisense/images-rebuild/2026-09-29/packets/01_AVC_AVY/curated/Hisense_packet_01_AVC_AVY/AVY-HJDA/AVY-07HJDA/01.jpg | Hisense/images-rebuild/2026-09-29/packets/01_AVC_AVY/curated/Hisense_packet_01_AVC_AVY/AVY-HJDA/AVY-09HJDA/01.jpg | Hisense/images-rebuild/2026-09-29/packets/01_AVC_AVY/curated/Hisense_packet_01_AVC_AVY/AVY-HJDA/AVY-24HJDA/01.jpg | Hisense/images-rebuild/2026-09-29/packets/01_AVC_AVY/curated/Hisense_packet_01_AVC_AVY/AVY-HJDA/AVY-15HJDA/01.jpg | Hisense/images-rebuild/2026-09-29/packets/01_AVC_AVY/curated/Hisense_packet_01_AVC_AVY/AVY-HJDA/AVY-05HJDA/01.jpg | Hisense/images-rebuild/2026-09-29/packets/01_AVC_AVY/curated/Hisense_packet_01_AVC_AVY/AVY-HJDA/AVY-12HJDA/01.jpg
72,dacf2876584933a5ec955268d625ef15eb055ed7a97ec583c20ed05043951682,5,5,Triumph/TWC22HN-OUT с модулем RC-KA02 | Triumph/TWC28HN-OUT с модулем RC-KA02 | Triumph/TWC35HN-OUT с модулем RC-KA02 | Triumph/TWC55HN-OUT с модулем RC-KA02 | Triumph/TWC75HN-OUT с модулем RC-KA02,Hisense/images-rebuild/2026-09-29/packets/15_TRIUMPH_AR_IR_HIMOD_CURATED/Hisense_images_rebuilt/Triumph/TWC22HN-OUT с модулем RC-KA02/01.jpg | Hisense/images-rebuild/2026-09-29/packets/15_TRIUMPH_AR_IR_HIMOD_CURATED/Hisense_images_rebuilt/Triumph/TWC55HN-OUT с модулем RC-KA02/01.jpg | Hisense/images-rebuild/2026-09-29/packets/15_TRIUMPH_AR_IR_HIMOD_CURATED/Hisense_images_rebuilt/Triumph/TWC28HN-OUT с модулем RC-KA02/01.jpg | Hisense/images-rebuild/2026-09-29/packets/15_TRIUMPH_AR_IR_HIMOD_CURATED/Hisense_images_rebuilt/Triumph/TWC35HN-OUT с модулем RC-KA02/01.jpg | Hisense/images-rebuild/2026-09-29/packets/15_TRIUMPH_AR_IR_HIMOD_CURATED/Hisense_images_rebuilt/Triumph/TWC75HN-OUT с модулем RC-KA02/01.jpg
73,5afbaa0a456dbf87cd71f3c22ac80795cf01b4573507c5944e41510196e816a2,3,3,IR/IR40F | IR/IR50F | IR/IR60F,Hisense/images-rebuild/2026-09-29/packets/15_TRIUMPH_AR_IR_HIMOD_CURATED/Hisense_images_rebuilt/IR/IR40F/02.jpg | Hisense/images-rebuild/2026-09-29/packets/15_TRIUMPH_AR_IR_HIMOD_CURATED/Hisense_images_rebuilt/IR/IR50F/02.jpg | Hisense/images-rebuild/2026-09-29/packets/15_TRIUMPH_AR_IR_HIMOD_CURATED/Hisense_images_rebuilt/IR/IR60F/03.jpg
74,403bdfeffae110adb82968289e9dcb3b4631f0e00f837d57a5a69623fb5de490,3,3,IR/IR40F | IR/IR50F | IR/IR60F,Hisense/images-rebuild/2026-09-29/packets/15_TRIUMPH_AR_IR_HIMOD_CURATED/Hisense_images_rebuilt/IR/IR40F/01.jpg | Hisense/images-rebuild/2026-09-29/packets/15_TRIUMPH_AR_IR_HIMOD_CURATED/Hisense_images_rebuilt/IR/IR50F/01.jpg | Hisense/images-rebuild/2026-09-29/packets/15_TRIUMPH_AR_IR_HIMOD_CURATED/Hisense_images_rebuilt/IR/IR60F/01.jpg
75,aaefdd9947716d09a75a91f628a197e7c2b0a27efe386ee81bf8b2092615384a,4,4,AR/AR08U-F-D | AR/AR13U-F-D | AR/AR17U-F-D | AR/AR20U-F-D,Hisense/images-rebuild/2026-09-29/packets/15_TRIUMPH_AR_IR_HIMOD_CURATED/Hisense_images_rebuilt/AR/AR20U-F-D/01.jpg | Hisense/images-rebuild/2026-09-29/packets/15_TRIUMPH_AR_IR_HIMOD_CURATED/Hisense_images_rebuilt/AR/AR17U-F-D/01.jpg | Hisense/images-rebuild/2026-09-29/packets/15_TRIUMPH_AR_IR_HIMOD_CURATED/Hisense_images_rebuilt/AR/AR08U-F-D/01.jpg | Hisense/images-rebuild/2026-09-29/packets/15_TRIUMPH_AR_IR_HIMOD_CURATED/Hisense_images_rebuilt/AR/AR13U-F-D/01.jpg
76,6b8ffe3ecfda80dd857400af25f832a5ad4274170b26787e5782842f050320cc,18,18,S5/AVWT-114HKF5 | S5/AVWT-136HKF5 | S5/AVWT-154HKF5 | S5/AVWT-170HKF5 | S5/AVWT-190HKF5 | S5/AVWT-212HKF5 | S5/AVWT-232HKF5 | S5/AVWT-250HKF5 | S5/AVWT-272HKF5 | S5/AVWT-290HKF5 | S5/AVWT-307HKF5 | S5/AVWT-324HKF5 | S5/AVWT-343HKF5 | S5/AVWT-365HKF5 | S5/AVWT-386HKF5 | S5/AVWT-404HKF5 | S5/AVWT-76HKF5 | S5/AVWT-96HKF5,Hisense/images-rebuild/2026-09-29/packets/06_S5/Hisense_images_rebuilt/S5/AVWT-307HKF5/02.jpg | Hisense/images-rebuild/2026-09-29/packets/06_S5/Hisense_images_rebuilt/S5/AVWT-386HKF5/02.jpg | Hisense/images-rebuild/2026-09-29/packets/06_S5/Hisense_images_rebuilt/S5/AVWT-343HKF5/02.jpg | Hisense/images-rebuild/2026-09-29/packets/06_S5/Hisense_images_rebuilt/S5/AVWT-365HKF5/02.jpg | Hisense/images-rebuild/2026-09-29/packets/06_S5/Hisense_images_rebuilt/S5/AVWT-324HKF5/02.jpg | Hisense/images-rebuild/2026-09-29/packets/06_S5/Hisense_images_rebuilt/S5/AVWT-136HKF5/02.jpg | Hisense/images-rebuild/2026-09-29/packets/06_S5/Hisense_images_rebuilt/S5/AVWT-290HKF5/02.jpg | Hisense/images-rebuild/2026-09-29/packets/06_S5/Hisense_images_rebuilt/S5/AVWT-154HKF5/02.jpg | Hisense/images-rebuild/2026-09-29/packets/06_S5/Hisense_images_rebuilt/S5/AVWT-190HKF5/02.jpg | Hisense/images-rebuild/2026-09-29/packets/06_S5/Hisense_images_rebuilt/S5/AVWT-212HKF5/02.jpg | Hisense/images-rebuild/2026-09-29/packets/06_S5/Hisense_images_rebuilt/S5/AVWT-114HKF5/02.jpg | Hisense/images-rebuild/2026-09-29/packets/06_S5/Hisense_images_rebuilt/S5/AVWT-272HKF5/02.jpg | Hisense/images-rebuild/2026-09-29/packets/06_S5/Hisense_images_rebuilt/S5/AVWT-170HKF5/02.jpg | Hisense/images-rebuild/2026-09-29/packets/06_S5/Hisense_images_rebuilt/S5/AVWT-232HKF5/02.jpg | Hisense/images-rebuild/2026-09-29/packets/06_S5/Hisense_images_rebuilt/S5/AVWT-76HKF5/02.jpg | Hisense/images-rebuild/2026-09-29/packets/06_S5/Hisense_images_rebuilt/S5/AVWT-250HKF5/02.jpg | Hisense/images-rebuild/2026-09-29/packets/06_S5/Hisense_images_rebuilt/S5/AVWT-404HKF5/02.jpg | Hisense/images-rebuild/2026-09-29/packets/06_S5/Hisense_images_rebuilt/S5/AVWT-96HKF5/02.jpg
77,4d51ae96e2e2ffe36093869e7dcaa36dda798ad588ceeead5badb28b69b467ec,11,11,S5/AVWT-212HKF5 | S5/AVWT-232HKF5 | S5/AVWT-250HKF5 | S5/AVWT-272HKF5 | S5/AVWT-290HKF5 | S5/AVWT-307HKF5 | S5/AVWT-324HKF5 | S5/AVWT-343HKF5 | S5/AVWT-365HKF5 | S5/AVWT-386HKF5 | S5/AVWT-404HKF5,Hisense/images-rebuild/2026-09-29/packets/06_S5/Hisense_images_rebuilt/S5/AVWT-307HKF5/10.jpg | Hisense/images-rebuild/2026-09-29/packets/06_S5/Hisense_images_rebuilt/S5/AVWT-386HKF5/10.jpg | Hisense/images-rebuild/2026-09-29/packets/06_S5/Hisense_images_rebuilt/S5/AVWT-343HKF5/10.jpg | Hisense/images-rebuild/2026-09-29/packets/06_S5/Hisense_images_rebuilt/S5/AVWT-365HKF5/10.jpg | Hisense/images-rebuild/2026-09-29/packets/06_S5/Hisense_images_rebuilt/S5/AVWT-324HKF5/10.jpg | Hisense/images-rebuild/2026-09-29/packets/06_S5/Hisense_images_rebuilt/S5/AVWT-290HKF5/10.jpg | Hisense/images-rebuild/2026-09-29/packets/06_S5/Hisense_images_rebuilt/S5/AVWT-212HKF5/10.jpg | Hisense/images-rebuild/2026-09-29/packets/06_S5/Hisense_images_rebuilt/S5/AVWT-272HKF5/10.jpg | Hisense/images-rebuild/2026-09-29/packets/06_S5/Hisense_images_rebuilt/S5/AVWT-232HKF5/10.jpg | Hisense/images-rebuild/2026-09-29/packets/06_S5/Hisense_images_rebuilt/S5/AVWT-250HKF5/10.jpg | Hisense/images-rebuild/2026-09-29/packets/06_S5/Hisense_images_rebuilt/S5/AVWT-404HKF5/10.jpg
78,deb0e53d7f7bcc8e73f8f0f23565bacb27ed389ad6168c50efebde60f78a5416,17,17,S5/AVWT-114HKF5 | S5/AVWT-136HKF5 | S5/AVWT-154HKF5 | S5/AVWT-170HKF5 | S5/AVWT-190HKF5 | S5/AVWT-212HKF5 | S5/AVWT-232HKF5 | S5/AVWT-250HKF5 | S5/AVWT-272HKF5 | S5/AVWT-290HKF5 | S5/AVWT-307HKF5 | S5/AVWT-324HKF5 | S5/AVWT-343HKF5 | S5/AVWT-365HKF5 | S5/AVWT-386HKF5 | S5/AVWT-404HKF5 | S5/AVWT-96HKF5,Hisense/images-rebuild/2026-09-29/packets/06_S5/Hisense_images_rebuilt/S5/AVWT-307HKF5/08.jpg | Hisense/images-rebuild/2026-09-29/packets/06_S5/Hisense_images_rebuilt/S5/AVWT-386HKF5/08.jpg | Hisense/images-rebuild/2026-09-29/packets/06_S5/Hisense_images_rebuilt/S5/AVWT-343HKF5/08.jpg | Hisense/images-rebuild/2026-09-29/packets/06_S5/Hisense_images_rebuilt/S5/AVWT-365HKF5/08.jpg | Hisense/images-rebuild/2026-09-29/packets/06_S5/Hisense_images_rebuilt/S5/AVWT-324HKF5/08.jpg | Hisense/images-rebuild/2026-09-29/packets/06_S5/Hisense_images_rebuilt/S5/AVWT-136HKF5/08.jpg | Hisense/images-rebuild/2026-09-29/packets/06_S5/Hisense_images_rebuilt/S5/AVWT-290HKF5/08.jpg | Hisense/images-rebuild/2026-09-29/packets/06_S5/Hisense_images_rebuilt/S5/AVWT-154HKF5/08.jpg | Hisense/images-rebuild/2026-09-29/packets/06_S5/Hisense_images_rebuilt/S5/AVWT-190HKF5/08.jpg | Hisense/images-rebuild/2026-09-29/packets/06_S5/Hisense_images_rebuilt/S5/AVWT-212HKF5/08.jpg | Hisense/images-rebuild/2026-09-29/packets/06_S5/Hisense_images_rebuilt/S5/AVWT-114HKF5/08.jpg | Hisense/images-rebuild/2026-09-29/packets/06_S5/Hisense_images_rebuilt/S5/AVWT-272HKF5/08.jpg | Hisense/images-rebuild/2026-09-29/packets/06_S5/Hisense_images_rebuilt/S5/AVWT-170HKF5/08.jpg | Hisense/images-rebuild/2026-09-29/packets/06_S5/Hisense_images_rebuilt/S5/AVWT-232HKF5/08.jpg | Hisense/images-rebuild/2026-09-29/packets/06_S5/Hisense_images_rebuilt/S5/AVWT-250HKF5/08.jpg | Hisense/images-rebuild/2026-09-29/packets/06_S5/Hisense_images_rebuilt/S5/AVWT-404HKF5/08.jpg | Hisense/images-rebuild/2026-09-29/packets/06_S5/Hisense_images_rebuilt/S5/AVWT-96HKF5/08.jpg
79,89ea0942d226edd7b783015eaab7f140dc18d0495c578c3ae9e14e8144d8cbaf,18,18,S5/AVWT-114HKF5 | S5/AVWT-136HKF5 | S5/AVWT-154HKF5 | S5/AVWT-170HKF5 | S5/AVWT-190HKF5 | S5/AVWT-212HKF5 | S5/AVWT-232HKF5 | S5/AVWT-250HKF5 | S5/AVWT-272HKF5 | S5/AVWT-290HKF5 | S5/AVWT-307HKF5 | S5/AVWT-324HKF5 | S5/AVWT-343HKF5 | S5/AVWT-365HKF5 | S5/AVWT-386HKF5 | S5/AVWT-404HKF5 | S5/AVWT-76HKF5 | S5/AVWT-96HKF5,Hisense/images-rebuild/2026-09-29/packets/06_S5/Hisense_images_rebuilt/S5/AVWT-307HKF5/03.jpg | Hisense/images-rebuild/2026-09-29/packets/06_S5/Hisense_images_rebuilt/S5/AVWT-386HKF5/03.jpg | Hisense/images-rebuild/2026-09-29/packets/06_S5/Hisense_images_rebuilt/S5/AVWT-343HKF5/03.jpg | Hisense/images-rebuild/2026-09-29/packets/06_S5/Hisense_images_rebuilt/S5/AVWT-365HKF5/03.jpg | Hisense/images-rebuild/2026-09-29/packets/06_S5/Hisense_images_rebuilt/S5/AVWT-324HKF5/03.jpg | Hisense/images-rebuild/2026-09-29/packets/06_S5/Hisense_images_rebuilt/S5/AVWT-136HKF5/03.jpg | Hisense/images-rebuild/2026-09-29/packets/06_S5/Hisense_images_rebuilt/S5/AVWT-290HKF5/03.jpg | Hisense/images-rebuild/2026-09-29/packets/06_S5/Hisense_images_rebuilt/S5/AVWT-154HKF5/03.jpg | Hisense/images-rebuild/2026-09-29/packets/06_S5/Hisense_images_rebuilt/S5/AVWT-190HKF5/03.jpg | Hisense/images-rebuild/2026-09-29/packets/06_S5/Hisense_images_rebuilt/S5/AVWT-212HKF5/03.jpg | Hisense/images-rebuild/2026-09-29/packets/06_S5/Hisense_images_rebuilt/S5/AVWT-114HKF5/03.jpg | Hisense/images-rebuild/2026-09-29/packets/06_S5/Hisense_images_rebuilt/S5/AVWT-272HKF5/03.jpg | Hisense/images-rebuild/2026-09-29/packets/06_S5/Hisense_images_rebuilt/S5/AVWT-170HKF5/03.jpg | Hisense/images-rebuild/2026-09-29/packets/06_S5/Hisense_images_rebuilt/S5/AVWT-232HKF5/03.jpg | Hisense/images-rebuild/2026-09-29/packets/06_S5/Hisense_images_rebuilt/S5/AVWT-76HKF5/03.jpg | Hisense/images-rebuild/2026-09-29/packets/06_S5/Hisense_images_rebuilt/S5/AVWT-250HKF5/03.jpg | Hisense/images-rebuild/2026-09-29/packets/06_S5/Hisense_images_rebuilt/S5/AVWT-404HKF5/03.jpg | Hisense/images-rebuild/2026-09-29/packets/06_S5/Hisense_images_rebuilt/S5/AVWT-96HKF5/03.jpg
80,8ce5ff43808ee4e680ec32c4daa89ad2ae3427df671809e4724f13cd9a10a4ea,18,18,S5/AVWT-114HKF5 | S5/AVWT-136HKF5 | S5/AVWT-154HKF5 | S5/AVWT-170HKF5 | S5/AVWT-190HKF5 | S5/AVWT-212HKF5 | S5/AVWT-232HKF5 | S5/AVWT-250HKF5 | S5/AVWT-272HKF5 | S5/AVWT-290HKF5 | S5/AVWT-307HKF5 | S5/AVWT-324HKF5 | S5/AVWT-343HKF5 | S5/AVWT-365HKF5 | S5/AVWT-386HKF5 | S5/AVWT-404HKF5 | S5/AVWT-76HKF5 | S5/AVWT-96HKF5,Hisense/images-rebuild/2026-09-29/packets/06_S5/Hisense_images_rebuilt/S5/AVWT-307HKF5/01.jpg | Hisense/images-rebuild/2026-09-29/packets/06_S5/Hisense_images_rebuilt/S5/AVWT-386HKF5/01.jpg | Hisense/images-rebuild/2026-09-29/packets/06_S5/Hisense_images_rebuilt/S5/AVWT-343HKF5/01.jpg | Hisense/images-rebuild/2026-09-29/packets/06_S5/Hisense_images_rebuilt/S5/AVWT-365HKF5/01.jpg | Hisense/images-rebuild/2026-09-29/packets/06_S5/Hisense_images_rebuilt/S5/AVWT-324HKF5/01.jpg | Hisense/images-rebuild/2026-09-29/packets/06_S5/Hisense_images_rebuilt/S5/AVWT-136HKF5/01.jpg | Hisense/images-rebuild/2026-09-29/packets/06_S5/Hisense_images_rebuilt/S5/AVWT-290HKF5/01.jpg | Hisense/images-rebuild/2026-09-29/packets/06_S5/Hisense_images_rebuilt/S5/AVWT-154HKF5/01.jpg | Hisense/images-rebuild/2026-09-29/packets/06_S5/Hisense_images_rebuilt/S5/AVWT-190HKF5/01.jpg | Hisense/images-rebuild/2026-09-29/packets/06_S5/Hisense_images_rebuilt/S5/AVWT-212HKF5/01.jpg | Hisense/images-rebuild/2026-09-29/packets/06_S5/Hisense_images_rebuilt/S5/AVWT-114HKF5/01.jpg | Hisense/images-rebuild/2026-09-29/packets/06_S5/Hisense_images_rebuilt/S5/AVWT-272HKF5/01.jpg | Hisense/images-rebuild/2026-09-29/packets/06_S5/Hisense_images_rebuilt/S5/AVWT-170HKF5/01.jpg | Hisense/images-rebuild/2026-09-29/packets/06_S5/Hisense_images_rebuilt/S5/AVWT-232HKF5/01.jpg | Hisense/images-rebuild/2026-09-29/packets/06_S5/Hisense_images_rebuilt/S5/AVWT-76HKF5/01.jpg | Hisense/images-rebuild/2026-09-29/packets/06_S5/Hisense_images_rebuilt/S5/AVWT-250HKF5/01.jpg | Hisense/images-rebuild/2026-09-29/packets/06_S5/Hisense_images_rebuilt/S5/AVWT-404HKF5/01.jpg | Hisense/images-rebuild/2026-09-29/packets/06_S5/Hisense_images_rebuilt/S5/AVWT-96HKF5/01.jpg
81,e01eb21436c9db8ecdc47def24048507f159a7ab2e10669302e05f49ae18f813,11,11,S5/AVWT-212HKF5 | S5/AVWT-232HKF5 | S5/AVWT-250HKF5 | S5/AVWT-272HKF5 | S5/AVWT-290HKF5 | S5/AVWT-307HKF5 | S5/AVWT-324HKF5 | S5/AVWT-343HKF5 | S5/AVWT-365HKF5 | S5/AVWT-386HKF5 | S5/AVWT-404HKF5,Hisense/images-rebuild/2026-09-29/packets/06_S5/Hisense_images_rebuilt/S5/AVWT-307HKF5/09.jpg | Hisense/images-rebuild/2026-09-29/packets/06_S5/Hisense_images_rebuilt/S5/AVWT-386HKF5/09.jpg | Hisense/images-rebuild/2026-09-29/packets/06_S5/Hisense_images_rebuilt/S5/AVWT-343HKF5/09.jpg | Hisense/images-rebuild/2026-09-29/packets/06_S5/Hisense_images_rebuilt/S5/AVWT-365HKF5/09.jpg | Hisense/images-rebuild/2026-09-29/packets/06_S5/Hisense_images_rebuilt/S5/AVWT-324HKF5/09.jpg | Hisense/images-rebuild/2026-09-29/packets/06_S5/Hisense_images_rebuilt/S5/AVWT-290HKF5/09.jpg | Hisense/images-rebuild/2026-09-29/packets/06_S5/Hisense_images_rebuilt/S5/AVWT-212HKF5/09.jpg | Hisense/images-rebuild/2026-09-29/packets/06_S5/Hisense_images_rebuilt/S5/AVWT-272HKF5/09.jpg | Hisense/images-rebuild/2026-09-29/packets/06_S5/Hisense_images_rebuilt/S5/AVWT-232HKF5/09.jpg | Hisense/images-rebuild/2026-09-29/packets/06_S5/Hisense_images_rebuilt/S5/AVWT-250HKF5/09.jpg | Hisense/images-rebuild/2026-09-29/packets/06_S5/Hisense_images_rebuilt/S5/AVWT-404HKF5/09.jpg
82,93787a6cc05764f6684390a4c87627140564e009684f4fa400665bc063aaa81d,18,18,S5/AVWT-114HKF5 | S5/AVWT-136HKF5 | S5/AVWT-154HKF5 | S5/AVWT-170HKF5 | S5/AVWT-190HKF5 | S5/AVWT-212HKF5 | S5/AVWT-232HKF5 | S5/AVWT-250HKF5 | S5/AVWT-272HKF5 | S5/AVWT-290HKF5 | S5/AVWT-307HKF5 | S5/AVWT-324HKF5 | S5/AVWT-343HKF5 | S5/AVWT-365HKF5 | S5/AVWT-386HKF5 | S5/AVWT-404HKF5 | S5/AVWT-76HKF5 | S5/AVWT-96HKF5,Hisense/images-rebuild/2026-09-29/packets/06_S5/Hisense_images_rebuilt/S5/AVWT-307HKF5/05.jpg | Hisense/images-rebuild/2026-09-29/packets/06_S5/Hisense_images_rebuilt/S5/AVWT-386HKF5/05.jpg | Hisense/images-rebuild/2026-09-29/packets/06_S5/Hisense_images_rebuilt/S5/AVWT-343HKF5/05.jpg | Hisense/images-rebuild/2026-09-29/packets/06_S5/Hisense_images_rebuilt/S5/AVWT-365HKF5/05.jpg | Hisense/images-rebuild/2026-09-29/packets/06_S5/Hisense_images_rebuilt/S5/AVWT-324HKF5/05.jpg | Hisense/images-rebuild/2026-09-29/packets/06_S5/Hisense_images_rebuilt/S5/AVWT-136HKF5/05.jpg | Hisense/images-rebuild/2026-09-29/packets/06_S5/Hisense_images_rebuilt/S5/AVWT-290HKF5/05.jpg | Hisense/images-rebuild/2026-09-29/packets/06_S5/Hisense_images_rebuilt/S5/AVWT-154HKF5/05.jpg | Hisense/images-rebuild/2026-09-29/packets/06_S5/Hisense_images_rebuilt/S5/AVWT-190HKF5/05.jpg | Hisense/images-rebuild/2026-09-29/packets/06_S5/Hisense_images_rebuilt/S5/AVWT-212HKF5/05.jpg | Hisense/images-rebuild/2026-09-29/packets/06_S5/Hisense_images_rebuilt/S5/AVWT-114HKF5/05.jpg | Hisense/images-rebuild/2026-09-29/packets/06_S5/Hisense_images_rebuilt/S5/AVWT-272HKF5/05.jpg | Hisense/images-rebuild/2026-09-29/packets/06_S5/Hisense_images_rebuilt/S5/AVWT-170HKF5/05.jpg | Hisense/images-rebuild/2026-09-29/packets/06_S5/Hisense_images_rebuilt/S5/AVWT-232HKF5/05.jpg | Hisense/images-rebuild/2026-09-29/packets/06_S5/Hisense_images_rebuilt/S5/AVWT-76HKF5/05.jpg | Hisense/images-rebuild/2026-09-29/packets/06_S5/Hisense_images_rebuilt/S5/AVWT-250HKF5/05.jpg | Hisense/images-rebuild/2026-09-29/packets/06_S5/Hisense_images_rebuilt/S5/AVWT-404HKF5/05.jpg | Hisense/images-rebuild/2026-09-29/packets/06_S5/Hisense_images_rebuilt/S5/AVWT-96HKF5/05.jpg
83,2d528fc7b95fc0295e2ef0134509f9d5fa4afd57d254deeac1cc87c63cacfa8d,18,18,S5/AVWT-114HKF5 | S5/AVWT-136HKF5 | S5/AVWT-154HKF5 | S5/AVWT-170HKF5 | S5/AVWT-190HKF5 | S5/AVWT-212HKF5 | S5/AVWT-232HKF5 | S5/AVWT-250HKF5 | S5/AVWT-272HKF5 | S5/AVWT-290HKF5 | S5/AVWT-307HKF5 | S5/AVWT-324HKF5 | S5/AVWT-343HKF5 | S5/AVWT-365HKF5 | S5/AVWT-386HKF5 | S5/AVWT-404HKF5 | S5/AVWT-76HKF5 | S5/AVWT-96HKF5,Hisense/images-rebuild/2026-09-29/packets/06_S5/Hisense_images_rebuilt/S5/AVWT-307HKF5/04.jpg | Hisense/images-rebuild/2026-09-29/packets/06_S5/Hisense_images_rebuilt/S5/AVWT-386HKF5/04.jpg | Hisense/images-rebuild/2026-09-29/packets/06_S5/Hisense_images_rebuilt/S5/AVWT-343HKF5/04.jpg | Hisense/images-rebuild/2026-09-29/packets/06_S5/Hisense_images_rebuilt/S5/AVWT-365HKF5/04.jpg | Hisense/images-rebuild/2026-09-29/packets/06_S5/Hisense_images_rebuilt/S5/AVWT-324HKF5/04.jpg | Hisense/images-rebuild/2026-09-29/packets/06_S5/Hisense_images_rebuilt/S5/AVWT-136HKF5/04.jpg | Hisense/images-rebuild/2026-09-29/packets/06_S5/Hisense_images_rebuilt/S5/AVWT-290HKF5/04.jpg | Hisense/images-rebuild/2026-09-29/packets/06_S5/Hisense_images_rebuilt/S5/AVWT-154HKF5/04.jpg | Hisense/images-rebuild/2026-09-29/packets/06_S5/Hisense_images_rebuilt/S5/AVWT-190HKF5/04.jpg | Hisense/images-rebuild/2026-09-29/packets/06_S5/Hisense_images_rebuilt/S5/AVWT-212HKF5/04.jpg | Hisense/images-rebuild/2026-09-29/packets/06_S5/Hisense_images_rebuilt/S5/AVWT-114HKF5/04.jpg | Hisense/images-rebuild/2026-09-29/packets/06_S5/Hisense_images_rebuilt/S5/AVWT-272HKF5/04.jpg | Hisense/images-rebuild/2026-09-29/packets/06_S5/Hisense_images_rebuilt/S5/AVWT-170HKF5/04.jpg | Hisense/images-rebuild/2026-09-29/packets/06_S5/Hisense_images_rebuilt/S5/AVWT-232HKF5/04.jpg | Hisense/images-rebuild/2026-09-29/packets/06_S5/Hisense_images_rebuilt/S5/AVWT-76HKF5/04.jpg | Hisense/images-rebuild/2026-09-29/packets/06_S5/Hisense_images_rebuilt/S5/AVWT-250HKF5/04.jpg | Hisense/images-rebuild/2026-09-29/packets/06_S5/Hisense_images_rebuilt/S5/AVWT-404HKF5/04.jpg | Hisense/images-rebuild/2026-09-29/packets/06_S5/Hisense_images_rebuilt/S5/AVWT-96HKF5/04.jpg
84,6d5718e4c1c6ac743daeba0f777f55cbad5ee1d013d21151def01d7d16f0ada8,6,6,S5/AVWT-114HKF5 | S5/AVWT-136HKF5 | S5/AVWT-154HKF5 | S5/AVWT-170HKF5 | S5/AVWT-190HKF5 | S5/AVWT-96HKF5,Hisense/images-rebuild/2026-09-29/packets/06_S5/Hisense_images_rebuilt/S5/AVWT-136HKF5/10.jpg | Hisense/images-rebuild/2026-09-29/packets/06_S5/Hisense_images_rebuilt/S5/AVWT-154HKF5/10.jpg | Hisense/images-rebuild/2026-09-29/packets/06_S5/Hisense_images_rebuilt/S5/AVWT-190HKF5/10.jpg | Hisense/images-rebuild/2026-09-29/packets/06_S5/Hisense_images_rebuilt/S5/AVWT-114HKF5/10.jpg | Hisense/images-rebuild/2026-09-29/packets/06_S5/Hisense_images_rebuilt/S5/AVWT-170HKF5/10.jpg | Hisense/images-rebuild/2026-09-29/packets/06_S5/Hisense_images_rebuilt/S5/AVWT-96HKF5/10.jpg
85,cb006a27ac7c15bbb13d05b7591dd07aba943efb6092a03ccb0af8ccc051af31,6,6,S5/AVWT-114HKF5 | S5/AVWT-136HKF5 | S5/AVWT-154HKF5 | S5/AVWT-170HKF5 | S5/AVWT-190HKF5 | S5/AVWT-96HKF5,Hisense/images-rebuild/2026-09-29/packets/06_S5/Hisense_images_rebuilt/S5/AVWT-136HKF5/09.jpg | Hisense/images-rebuild/2026-09-29/packets/06_S5/Hisense_images_rebuilt/S5/AVWT-154HKF5/09.jpg | Hisense/images-rebuild/2026-09-29/packets/06_S5/Hisense_images_rebuilt/S5/AVWT-190HKF5/09.jpg | Hisense/images-rebuild/2026-09-29/packets/06_S5/Hisense_images_rebuilt/S5/AVWT-114HKF5/09.jpg | Hisense/images-rebuild/2026-09-29/packets/06_S5/Hisense_images_rebuilt/S5/AVWT-170HKF5/09.jpg | Hisense/images-rebuild/2026-09-29/packets/06_S5/Hisense_images_rebuilt/S5/AVWT-96HKF5/09.jpg
86,20e83828938efc9590d55a1aeb5782252ac7a8b6cea261c6a3d3c6f6af512edd,8,8,H5/AVW-114HKDHE2 | H5/AVW-136HKDHE2 | H5/AVW-154HKDHE2 | H5/AVW-41HJDH2H1 | H5/AVW-48HJDH2H1 | H5/AVW-54HJDH2H1 | H5/AVW-76HKDHE2 | H5/AVW-96HKDHE2,Hisense/images-rebuild/2026-09-29/packets/07_H5_A_W/Hisense_images_rebuilt/H5/AVW-154HKDHE2/02.jpg | Hisense/images-rebuild/2026-09-29/packets/07_H5_A_W/Hisense_images_rebuilt/H5/AVW-114HKDHE2/02.jpg | Hisense/images-rebuild/2026-09-29/packets/07_H5_A_W/Hisense_images_rebuilt/H5/AVW-136HKDHE2/02.jpg | Hisense/images-rebuild/2026-09-29/packets/07_H5_A_W/Hisense_images_rebuilt/H5/AVW-54HJDH2H1/02.jpg | Hisense/images-rebuild/2026-09-29/packets/07_H5_A_W/Hisense_images_rebuilt/H5/AVW-76HKDHE2/02.jpg | Hisense/images-rebuild/2026-09-29/packets/07_H5_A_W/Hisense_images_rebuilt/H5/AVW-96HKDHE2/02.jpg | Hisense/images-rebuild/2026-09-29/packets/07_H5_A_W/Hisense_images_rebuilt/H5/AVW-41HJDH2H1/02.jpg | Hisense/images-rebuild/2026-09-29/packets/07_H5_A_W/Hisense_images_rebuilt/H5/AVW-48HJDH2H1/02.jpg
87,0a979feab10811ec85f58a1cadbfa2ef7bb51b13bbaa05aadda07fce7cb6fd31,5,5,H5/AVW-114HKDHE2 | H5/AVW-136HKDHE2 | H5/AVW-154HKDHE2 | H5/AVW-76HKDHE2 | H5/AVW-96HKDHE2,Hisense/images-rebuild/2026-09-29/packets/07_H5_A_W/Hisense_images_rebuilt/H5/AVW-154HKDHE2/10.jpg | Hisense/images-rebuild/2026-09-29/packets/07_H5_A_W/Hisense_images_rebuilt/H5/AVW-114HKDHE2/10.jpg | Hisense/images-rebuild/2026-09-29/packets/07_H5_A_W/Hisense_images_rebuilt/H5/AVW-136HKDHE2/10.jpg | Hisense/images-rebuild/2026-09-29/packets/07_H5_A_W/Hisense_images_rebuilt/H5/AVW-76HKDHE2/10.jpg | Hisense/images-rebuild/2026-09-29/packets/07_H5_A_W/Hisense_images_rebuilt/H5/AVW-96HKDHE2/10.jpg
88,9fb71db18e5c29c9fa61c1354780238abb5184b5d8ade925841d6c3a9e888228,5,5,H5/AVW-114HKDHE2 | H5/AVW-136HKDHE2 | H5/AVW-154HKDHE2 | H5/AVW-76HKDHE2 | H5/AVW-96HKDHE2,Hisense/images-rebuild/2026-09-29/packets/07_H5_A_W/Hisense_images_rebuilt/H5/AVW-154HKDHE2/14.jpg | Hisense/images-rebuild/2026-09-29/packets/07_H5_A_W/Hisense_images_rebuilt/H5/AVW-114HKDHE2/14.jpg | Hisense/images-rebuild/2026-09-29/packets/07_H5_A_W/Hisense_images_rebuilt/H5/AVW-136HKDHE2/14.jpg | Hisense/images-rebuild/2026-09-29/packets/07_H5_A_W/Hisense_images_rebuilt/H5/AVW-76HKDHE2/14.jpg | Hisense/images-rebuild/2026-09-29/packets/07_H5_A_W/Hisense_images_rebuilt/H5/AVW-96HKDHE2/14.jpg
89,f33ff31c61b2307cc330e8a28805cdcc136ff2ac0d47c8bf8e3438071c2c2c21,8,8,H5/AVW-114HKDHE2 | H5/AVW-136HKDHE2 | H5/AVW-154HKDHE2 | H5/AVW-41HJDH2H1 | H5/AVW-48HJDH2H1 | H5/AVW-54HJDH2H1 | H5/AVW-76HKDHE2 | H5/AVW-96HKDHE2,Hisense/images-rebuild/2026-09-29/packets/07_H5_A_W/Hisense_images_rebuilt/H5/AVW-154HKDHE2/06.jpg | Hisense/images-rebuild/2026-09-29/packets/07_H5_A_W/Hisense_images_rebuilt/H5/AVW-114HKDHE2/06.jpg | Hisense/images-rebuild/2026-09-29/packets/07_H5_A_W/Hisense_images_rebuilt/H5/AVW-136HKDHE2/06.jpg | Hisense/images-rebuild/2026-09-29/packets/07_H5_A_W/Hisense_images_rebuilt/H5/AVW-54HJDH2H1/06.jpg | Hisense/images-rebuild/2026-09-29/packets/07_H5_A_W/Hisense_images_rebuilt/H5/AVW-76HKDHE2/06.jpg | Hisense/images-rebuild/2026-09-29/packets/07_H5_A_W/Hisense_images_rebuilt/H5/AVW-96HKDHE2/06.jpg | Hisense/images-rebuild/2026-09-29/packets/07_H5_A_W/Hisense_images_rebuilt/H5/AVW-41HJDH2H1/06.jpg | Hisense/images-rebuild/2026-09-29/packets/07_H5_A_W/Hisense_images_rebuilt/H5/AVW-48HJDH2H1/06.jpg
90,e25b455dfd1f5ba5dcfa46dd0c1051a0239ebb3d856f54347bff623882605ea9,8,8,H5/AVW-114HKDHE2 | H5/AVW-136HKDHE2 | H5/AVW-154HKDHE2 | H5/AVW-41HJDH2H1 | H5/AVW-48HJDH2H1 | H5/AVW-54HJDH2H1 | H5/AVW-76HKDHE2 | H5/AVW-96HKDHE2,Hisense/images-rebuild/2026-09-29/packets/07_H5_A_W/Hisense_images_rebuilt/H5/AVW-154HKDHE2/03.jpg | Hisense/images-rebuild/2026-09-29/packets/07_H5_A_W/Hisense_images_rebuilt/H5/AVW-114HKDHE2/03.jpg | Hisense/images-rebuild/2026-09-29/packets/07_H5_A_W/Hisense_images_rebuilt/H5/AVW-136HKDHE2/03.jpg | Hisense/images-rebuild/2026-09-29/packets/07_H5_A_W/Hisense_images_rebuilt/H5/AVW-54HJDH2H1/03.jpg | Hisense/images-rebuild/2026-09-29/packets/07_H5_A_W/Hisense_images_rebuilt/H5/AVW-76HKDHE2/03.jpg | Hisense/images-rebuild/2026-09-29/packets/07_H5_A_W/Hisense_images_rebuilt/H5/AVW-96HKDHE2/03.jpg | Hisense/images-rebuild/2026-09-29/packets/07_H5_A_W/Hisense_images_rebuilt/H5/AVW-41HJDH2H1/03.jpg | Hisense/images-rebuild/2026-09-29/packets/07_H5_A_W/Hisense_images_rebuilt/H5/AVW-48HJDH2H1/03.jpg
91,cd07234bb1ee10a562b899401a944f99e0d853c8753aa1c25831990981d1c5d5,5,5,H5/AVW-114HKDHE2 | H5/AVW-136HKDHE2 | H5/AVW-154HKDHE2 | H5/AVW-76HKDHE2 | H5/AVW-96HKDHE2,Hisense/images-rebuild/2026-09-29/packets/07_H5_A_W/Hisense_images_rebuilt/H5/AVW-154HKDHE2/11.jpg | Hisense/images-rebuild/2026-09-29/packets/07_H5_A_W/Hisense_images_rebuilt/H5/AVW-114HKDHE2/11.jpg | Hisense/images-rebuild/2026-09-29/packets/07_H5_A_W/Hisense_images_rebuilt/H5/AVW-136HKDHE2/11.jpg | Hisense/images-rebuild/2026-09-29/packets/07_H5_A_W/Hisense_images_rebuilt/H5/AVW-76HKDHE2/11.jpg | Hisense/images-rebuild/2026-09-29/packets/07_H5_A_W/Hisense_images_rebuilt/H5/AVW-96HKDHE2/11.jpg
92,24f8a73c519aef892e05ed916f18d42d4b7d339930f10060ab0e04f6109b9ade,5,5,H5/AVW-114HKDHE2 | H5/AVW-136HKDHE2 | H5/AVW-154HKDHE2 | H5/AVW-76HKDHE2 | H5/AVW-96HKDHE2,Hisense/images-rebuild/2026-09-29/packets/07_H5_A_W/Hisense_images_rebuilt/H5/AVW-154HKDHE2/13.jpg | Hisense/images-rebuild/2026-09-29/packets/07_H5_A_W/Hisense_images_rebuilt/H5/AVW-114HKDHE2/13.jpg | Hisense/images-rebuild/2026-09-29/packets/07_H5_A_W/Hisense_images_rebuilt/H5/AVW-136HKDHE2/13.jpg | Hisense/images-rebuild/2026-09-29/packets/07_H5_A_W/Hisense_images_rebuilt/H5/AVW-76HKDHE2/13.jpg | Hisense/images-rebuild/2026-09-29/packets/07_H5_A_W/Hisense_images_rebuilt/H5/AVW-96HKDHE2/13.jpg
93,f3719cd90e727c7f5b9e7c9cc64e4255b663a44aa54d411900fe85dbc9f2b4d0,8,8,H5/AVW-114HKDHE2 | H5/AVW-136HKDHE2 | H5/AVW-154HKDHE2 | H5/AVW-41HJDH2H1 | H5/AVW-48HJDH2H1 | H5/AVW-54HJDH2H1 | H5/AVW-76HKDHE2 | H5/AVW-96HKDHE2,Hisense/images-rebuild/2026-09-29/packets/07_H5_A_W/Hisense_images_rebuilt/H5/AVW-154HKDHE2/01.jpg | Hisense/images-rebuild/2026-09-29/packets/07_H5_A_W/Hisense_images_rebuilt/H5/AVW-114HKDHE2/01.jpg | Hisense/images-rebuild/2026-09-29/packets/07_H5_A_W/Hisense_images_rebuilt/H5/AVW-136HKDHE2/01.jpg | Hisense/images-rebuild/2026-09-29/packets/07_H5_A_W/Hisense_images_rebuilt/H5/AVW-54HJDH2H1/01.jpg | Hisense/images-rebuild/2026-09-29/packets/07_H5_A_W/Hisense_images_rebuilt/H5/AVW-76HKDHE2/01.jpg | Hisense/images-rebuild/2026-09-29/packets/07_H5_A_W/Hisense_images_rebuilt/H5/AVW-96HKDHE2/01.jpg | Hisense/images-rebuild/2026-09-29/packets/07_H5_A_W/Hisense_images_rebuilt/H5/AVW-41HJDH2H1/01.jpg | Hisense/images-rebuild/2026-09-29/packets/07_H5_A_W/Hisense_images_rebuilt/H5/AVW-48HJDH2H1/01.jpg
94,4661bb6c28bd0daa6be4cd0619bf16badba0b91ff102a8cd887370fb46bdcd56,13,13,A/AVW-27HJFAE1 | A/AVW-34HJFAE1 | A/AVW-42HJFAE1 | A/AVW-48HJFAE1 | A/AVW-54HJFAE1 | H5/AVW-114HKDHE2 | H5/AVW-136HKDHE2 | H5/AVW-154HKDHE2 | H5/AVW-41HJDH2H1 | H5/AVW-48HJDH2H1 | H5/AVW-54HJDH2H1 | H5/AVW-76HKDHE2 | H5/AVW-96HKDHE2,Hisense/images-rebuild/2026-09-29/packets/07_H5_A_W/Hisense_images_rebuilt/H5/AVW-154HKDHE2/09.jpg | Hisense/images-rebuild/2026-09-29/packets/07_H5_A_W/Hisense_images_rebuilt/H5/AVW-114HKDHE2/09.jpg | Hisense/images-rebuild/2026-09-29/packets/07_H5_A_W/Hisense_images_rebuilt/H5/AVW-136HKDHE2/09.jpg | Hisense/images-rebuild/2026-09-29/packets/07_H5_A_W/Hisense_images_rebuilt/H5/AVW-54HJDH2H1/10.jpg | Hisense/images-rebuild/2026-09-29/packets/07_H5_A_W/Hisense_images_rebuilt/H5/AVW-76HKDHE2/09.jpg | Hisense/images-rebuild/2026-09-29/packets/07_H5_A_W/Hisense_images_rebuilt/H5/AVW-96HKDHE2/09.jpg | Hisense/images-rebuild/2026-09-29/packets/07_H5_A_W/Hisense_images_rebuilt/H5/AVW-41HJDH2H1/10.jpg | Hisense/images-rebuild/2026-09-29/packets/07_H5_A_W/Hisense_images_rebuilt/H5/AVW-48HJDH2H1/10.jpg | Hisense/images-rebuild/2026-09-29/packets/07_H5_A_W/Hisense_images_rebuilt/A/AVW-48HJFAE1/07.jpg | Hisense/images-rebuild/2026-09-29/packets/07_H5_A_W/Hisense_images_rebuilt/A/AVW-34HJFAE1/07.jpg | Hisense/images-rebuild/2026-09-29/packets/07_H5_A_W/Hisense_images_rebuilt/A/AVW-27HJFAE1/07.jpg | Hisense/images-rebuild/2026-09-29/packets/07_H5_A_W/Hisense_images_rebuilt/A/AVW-54HJFAE1/07.jpg | Hisense/images-rebuild/2026-09-29/packets/07_H5_A_W/Hisense_images_rebuilt/A/AVW-42HJFAE1/07.jpg
95,5df1340be490a24fb68ff426a1ab04228c1e2025e354bbf88f76153cc9de93b1,8,8,H5/AVW-114HKDHE2 | H5/AVW-136HKDHE2 | H5/AVW-154HKDHE2 | H5/AVW-41HJDH2H1 | H5/AVW-48HJDH2H1 | H5/AVW-54HJDH2H1 | H5/AVW-76HKDHE2 | H5/AVW-96HKDHE2,Hisense/images-rebuild/2026-09-29/packets/07_H5_A_W/Hisense_images_rebuilt/H5/AVW-154HKDHE2/05.jpg | Hisense/images-rebuild/2026-09-29/packets/07_H5_A_W/Hisense_images_rebuilt/H5/AVW-114HKDHE2/05.jpg | Hisense/images-rebuild/2026-09-29/packets/07_H5_A_W/Hisense_images_rebuilt/H5/AVW-136HKDHE2/05.jpg | Hisense/images-rebuild/2026-09-29/packets/07_H5_A_W/Hisense_images_rebuilt/H5/AVW-54HJDH2H1/05.jpg | Hisense/images-rebuild/2026-09-29/packets/07_H5_A_W/Hisense_images_rebuilt/H5/AVW-76HKDHE2/05.jpg | Hisense/images-rebuild/2026-09-29/packets/07_H5_A_W/Hisense_images_rebuilt/H5/AVW-96HKDHE2/05.jpg | Hisense/images-rebuild/2026-09-29/packets/07_H5_A_W/Hisense_images_rebuilt/H5/AVW-41HJDH2H1/05.jpg | Hisense/images-rebuild/2026-09-29/packets/07_H5_A_W/Hisense_images_rebuilt/H5/AVW-48HJDH2H1/05.jpg
96,1137131d84bbb39935a6ba91ec34e66229a4027536fa39c6a5faa156a1f2a0fe,5,5,H5/AVW-114HKDHE2 | H5/AVW-136HKDHE2 | H5/AVW-154HKDHE2 | H5/AVW-76HKDHE2 | H5/AVW-96HKDHE2,Hisense/images-rebuild/2026-09-29/packets/07_H5_A_W/Hisense_images_rebuilt/H5/AVW-154HKDHE2/12.jpg | Hisense/images-rebuild/2026-09-29/packets/07_H5_A_W/Hisense_images_rebuilt/H5/AVW-114HKDHE2/12.jpg | Hisense/images-rebuild/2026-09-29/packets/07_H5_A_W/Hisense_images_rebuilt/H5/AVW-136HKDHE2/12.jpg | Hisense/images-rebuild/2026-09-29/packets/07_H5_A_W/Hisense_images_rebuilt/H5/AVW-76HKDHE2/12.jpg | Hisense/images-rebuild/2026-09-29/packets/07_H5_A_W/Hisense_images_rebuilt/H5/AVW-96HKDHE2/12.jpg
97,42cbc455ae6b89686b44374604e6cddb1b1c3e2e18bee8758d835ffaf89cea0e,8,8,H5/AVW-114HKDHE2 | H5/AVW-136HKDHE2 | H5/AVW-154HKDHE2 | H5/AVW-41HJDH2H1 | H5/AVW-48HJDH2H1 | H5/AVW-54HJDH2H1 | H5/AVW-76HKDHE2 | H5/AVW-96HKDHE2,Hisense/images-rebuild/2026-09-29/packets/07_H5_A_W/Hisense_images_rebuilt/H5/AVW-154HKDHE2/04.jpg | Hisense/images-rebuild/2026-09-29/packets/07_H5_A_W/Hisense_images_rebuilt/H5/AVW-114HKDHE2/04.jpg | Hisense/images-rebuild/2026-09-29/packets/07_H5_A_W/Hisense_images_rebuilt/H5/AVW-136HKDHE2/04.jpg | Hisense/images-rebuild/2026-09-29/packets/07_H5_A_W/Hisense_images_rebuilt/H5/AVW-54HJDH2H1/04.jpg | Hisense/images-rebuild/2026-09-29/packets/07_H5_A_W/Hisense_images_rebuilt/H5/AVW-76HKDHE2/04.jpg | Hisense/images-rebuild/2026-09-29/packets/07_H5_A_W/Hisense_images_rebuilt/H5/AVW-96HKDHE2/04.jpg | Hisense/images-rebuild/2026-09-29/packets/07_H5_A_W/Hisense_images_rebuilt/H5/AVW-41HJDH2H1/04.jpg | Hisense/images-rebuild/2026-09-29/packets/07_H5_A_W/Hisense_images_rebuilt/H5/AVW-48HJDH2H1/04.jpg
98,bfc6c73a9396344168aa4193d7d9d52c010d205baea5a40cf31d3461cd37dbb3,3,3,H5/AVW-41HJDH2H1 | H5/AVW-48HJDH2H1 | H5/AVW-54HJDH2H1,Hisense/images-rebuild/2026-09-29/packets/07_H5_A_W/Hisense_images_rebuilt/H5/AVW-54HJDH2H1/14.jpg | Hisense/images-rebuild/2026-09-29/packets/07_H5_A_W/Hisense_images_rebuilt/H5/AVW-41HJDH2H1/14.jpg | Hisense/images-rebuild/2026-09-29/packets/07_H5_A_W/Hisense_images_rebuilt/H5/AVW-48HJDH2H1/14.jpg
99,633418973361793f8b5b9364abdaee90f456b714cf13dc30fecc07e3cbb1c5db,8,8,A/AVW-27HJFAE1 | A/AVW-34HJFAE1 | A/AVW-42HJFAE1 | A/AVW-48HJFAE1 | A/AVW-54HJFAE1 | H5/AVW-41HJDH2H1 | H5/AVW-48HJDH2H1 | H5/AVW-54HJDH2H1,Hisense/images-rebuild/2026-09-29/packets/07_H5_A_W/Hisense_images_rebuilt/H5/AVW-54HJDH2H1/07.jpg | Hisense/images-rebuild/2026-09-29/packets/07_H5_A_W/Hisense_images_rebuilt/H5/AVW-41HJDH2H1/07.jpg | Hisense/images-rebuild/2026-09-29/packets/07_H5_A_W/Hisense_images_rebuilt/H5/AVW-48HJDH2H1/07.jpg | Hisense/images-rebuild/2026-09-29/packets/07_H5_A_W/Hisense_images_rebuilt/A/AVW-48HJFAE1/04.jpg | Hisense/images-rebuild/2026-09-29/packets/07_H5_A_W/Hisense_images_rebuilt/A/AVW-34HJFAE1/04.jpg | Hisense/images-rebuild/2026-09-29/packets/07_H5_A_W/Hisense_images_rebuilt/A/AVW-27HJFAE1/04.jpg | Hisense/images-rebuild/2026-09-29/packets/07_H5_A_W/Hisense_images_rebuilt/A/AVW-54HJFAE1/04.jpg | Hisense/images-rebuild/2026-09-29/packets/07_H5_A_W/Hisense_images_rebuilt/A/AVW-42HJFAE1/04.jpg
100,5b36d6617d63d0827beb6fc67c997297c039d662a564d7acd589011a3650bfb6,3,3,H5/AVW-41HJDH2H1 | H5/AVW-48HJDH2H1 | H5/AVW-54HJDH2H1,Hisense/images-rebuild/2026-09-29/packets/07_H5_A_W/Hisense_images_rebuilt/H5/AVW-54HJDH2H1/11.jpg | Hisense/images-rebuild/2026-09-29/packets/07_H5_A_W/Hisense_images_rebuilt/H5/AVW-41HJDH2H1/11.jpg | Hisense/images-rebuild/2026-09-29/packets/07_H5_A_W/Hisense_images_rebuilt/H5/AVW-48HJDH2H1/11.jpg
101,b16b6a4492a7ebbcf081a60f763a1137803eca4fd9c0758df3db342cc06203fa,3,3,H5/AVW-41HJDH2H1 | H5/AVW-48HJDH2H1 | H5/AVW-54HJDH2H1,Hisense/images-rebuild/2026-09-29/packets/07_H5_A_W/Hisense_images_rebuilt/H5/AVW-54HJDH2H1/13.jpg | Hisense/images-rebuild/2026-09-29/packets/07_H5_A_W/Hisense_images_rebuilt/H5/AVW-41HJDH2H1/13.jpg | Hisense/images-rebuild/2026-09-29/packets/07_H5_A_W/Hisense_images_rebuilt/H5/AVW-48HJDH2H1/13.jpg
102,3f15be2baddc8b3cd1a38ea957e9f150c33689793970893500bcc46d0e343d7e,3,3,H5/AVW-41HJDH2H1 | H5/AVW-48HJDH2H1 | H5/AVW-54HJDH2H1,Hisense/images-rebuild/2026-09-29/packets/07_H5_A_W/Hisense_images_rebuilt/H5/AVW-54HJDH2H1/12.jpg | Hisense/images-rebuild/2026-09-29/packets/07_H5_A_W/Hisense_images_rebuilt/H5/AVW-41HJDH2H1/12.jpg | Hisense/images-rebuild/2026-09-29/packets/07_H5_A_W/Hisense_images_rebuilt/H5/AVW-48HJDH2H1/12.jpg
103,b3df3fe241953194484463b4400adb1b3555968cb9d4939623ee3e9bcf958f9b,8,8,A/AVW-27HJFAE1 | A/AVW-34HJFAE1 | A/AVW-42HJFAE1 | A/AVW-48HJFAE1 | A/AVW-54HJFAE1 | A/AVW-63HJFAE1 | A/AVW-68HJFAE1 | A/AVW-76HJFAE1,Hisense/images-rebuild/2026-09-29/packets/07_H5_A_W/Hisense_images_rebuilt/A/AVW-76HJFAE1/02.jpg | Hisense/images-rebuild/2026-09-29/packets/07_H5_A_W/Hisense_images_rebuilt/A/AVW-48HJFAE1/02.jpg | Hisense/images-rebuild/2026-09-29/packets/07_H5_A_W/Hisense_images_rebuilt/A/AVW-34HJFAE1/02.jpg | Hisense/images-rebuild/2026-09-29/packets/07_H5_A_W/Hisense_images_rebuilt/A/AVW-63HJFAE1/02.jpg | Hisense/images-rebuild/2026-09-29/packets/07_H5_A_W/Hisense_images_rebuilt/A/AVW-27HJFAE1/02.jpg | Hisense/images-rebuild/2026-09-29/packets/07_H5_A_W/Hisense_images_rebuilt/A/AVW-68HJFAE1/02.jpg | Hisense/images-rebuild/2026-09-29/packets/07_H5_A_W/Hisense_images_rebuilt/A/AVW-54HJFAE1/02.jpg | Hisense/images-rebuild/2026-09-29/packets/07_H5_A_W/Hisense_images_rebuilt/A/AVW-42HJFAE1/02.jpg
104,b1b95d9e9ed69c4a9ab1a446fff22af3baeb17792588342f6cf8e4fa0b28ff90,3,3,A/AVW-63HJFAE1 | A/AVW-68HJFAE1 | A/AVW-76HJFAE1,Hisense/images-rebuild/2026-09-29/packets/07_H5_A_W/Hisense_images_rebuilt/A/AVW-76HJFAE1/10.jpg | Hisense/images-rebuild/2026-09-29/packets/07_H5_A_W/Hisense_images_rebuilt/A/AVW-63HJFAE1/10.jpg | Hisense/images-rebuild/2026-09-29/packets/07_H5_A_W/Hisense_images_rebuilt/A/AVW-68HJFAE1/10.jpg
105,78990cfab4d48bf9c001823ace00c36e8853eedef54b1d386fb18f4864abcef8,3,3,A/AVW-63HJFAE1 | A/AVW-68HJFAE1 | A/AVW-76HJFAE1,Hisense/images-rebuild/2026-09-29/packets/07_H5_A_W/Hisense_images_rebuilt/A/AVW-76HJFAE1/08.jpg | Hisense/images-rebuild/2026-09-29/packets/07_H5_A_W/Hisense_images_rebuilt/A/AVW-63HJFAE1/08.jpg | Hisense/images-rebuild/2026-09-29/packets/07_H5_A_W/Hisense_images_rebuilt/A/AVW-68HJFAE1/08.jpg
106,4c86a42bcf61660ba5e281f61fdd20ef42321eed26f862118d72fc0087972c03,3,3,A/AVW-63HJFAE1 | A/AVW-68HJFAE1 | A/AVW-76HJFAE1,Hisense/images-rebuild/2026-09-29/packets/07_H5_A_W/Hisense_images_rebuilt/A/AVW-76HJFAE1/06.jpg | Hisense/images-rebuild/2026-09-29/packets/07_H5_A_W/Hisense_images_rebuilt/A/AVW-63HJFAE1/06.jpg | Hisense/images-rebuild/2026-09-29/packets/07_H5_A_W/Hisense_images_rebuilt/A/AVW-68HJFAE1/06.jpg
107,9ef6ed7cef4ccd7f090b04e0933b86e11bbed7a9c0834f4de2a5159329277d8d,8,8,A/AVW-27HJFAE1 | A/AVW-34HJFAE1 | A/AVW-42HJFAE1 | A/AVW-48HJFAE1 | A/AVW-54HJFAE1 | A/AVW-63HJFAE1 | A/AVW-68HJFAE1 | A/AVW-76HJFAE1,Hisense/images-rebuild/2026-09-29/packets/07_H5_A_W/Hisense_images_rebuilt/A/AVW-76HJFAE1/03.jpg | Hisense/images-rebuild/2026-09-29/packets/07_H5_A_W/Hisense_images_rebuilt/A/AVW-48HJFAE1/03.jpg | Hisense/images-rebuild/2026-09-29/packets/07_H5_A_W/Hisense_images_rebuilt/A/AVW-34HJFAE1/03.jpg | Hisense/images-rebuild/2026-09-29/packets/07_H5_A_W/Hisense_images_rebuilt/A/AVW-63HJFAE1/03.jpg | Hisense/images-rebuild/2026-09-29/packets/07_H5_A_W/Hisense_images_rebuilt/A/AVW-27HJFAE1/03.jpg | Hisense/images-rebuild/2026-09-29/packets/07_H5_A_W/Hisense_images_rebuilt/A/AVW-68HJFAE1/03.jpg | Hisense/images-rebuild/2026-09-29/packets/07_H5_A_W/Hisense_images_rebuilt/A/AVW-54HJFAE1/03.jpg | Hisense/images-rebuild/2026-09-29/packets/07_H5_A_W/Hisense_images_rebuilt/A/AVW-42HJFAE1/03.jpg
108,8b53f3966baf756861d113b13dd472eb36e2fa7d99a720dfd61104428503aa1c,3,3,A/AVW-63HJFAE1 | A/AVW-68HJFAE1 | A/AVW-76HJFAE1,Hisense/images-rebuild/2026-09-29/packets/07_H5_A_W/Hisense_images_rebuilt/A/AVW-76HJFAE1/07.jpg | Hisense/images-rebuild/2026-09-29/packets/07_H5_A_W/Hisense_images_rebuilt/A/AVW-63HJFAE1/07.jpg | Hisense/images-rebuild/2026-09-29/packets/07_H5_A_W/Hisense_images_rebuilt/A/AVW-68HJFAE1/07.jpg
109,32e627e6d1a5ed321a7f0cf9f8785c2fb239ec0286a05af56e46912fb932ecb3,3,3,A/AVW-63HJFAE1 | A/AVW-68HJFAE1 | A/AVW-76HJFAE1,Hisense/images-rebuild/2026-09-29/packets/07_H5_A_W/Hisense_images_rebuilt/A/AVW-76HJFAE1/11.jpg | Hisense/images-rebuild/2026-09-29/packets/07_H5_A_W/Hisense_images_rebuilt/A/AVW-63HJFAE1/11.jpg | Hisense/images-rebuild/2026-09-29/packets/07_H5_A_W/Hisense_images_rebuilt/A/AVW-68HJFAE1/11.jpg
110,f38dd1bbfaba5b4ba3a142d75ea423a21055ca82d7b2b30276115ce4374e09ec,8,8,A/AVW-27HJFAE1 | A/AVW-34HJFAE1 | A/AVW-42HJFAE1 | A/AVW-48HJFAE1 | A/AVW-54HJFAE1 | A/AVW-63HJFAE1 | A/AVW-68HJFAE1 | A/AVW-76HJFAE1,Hisense/images-rebuild/2026-09-29/packets/07_H5_A_W/Hisense_images_rebuilt/A/AVW-76HJFAE1/01.jpg | Hisense/images-rebuild/2026-09-29/packets/07_H5_A_W/Hisense_images_rebuilt/A/AVW-48HJFAE1/01.jpg | Hisense/images-rebuild/2026-09-29/packets/07_H5_A_W/Hisense_images_rebuilt/A/AVW-34HJFAE1/01.jpg | Hisense/images-rebuild/2026-09-29/packets/07_H5_A_W/Hisense_images_rebuilt/A/AVW-63HJFAE1/01.jpg | Hisense/images-rebuild/2026-09-29/packets/07_H5_A_W/Hisense_images_rebuilt/A/AVW-27HJFAE1/01.jpg | Hisense/images-rebuild/2026-09-29/packets/07_H5_A_W/Hisense_images_rebuilt/A/AVW-68HJFAE1/01.jpg | Hisense/images-rebuild/2026-09-29/packets/07_H5_A_W/Hisense_images_rebuilt/A/AVW-54HJFAE1/01.jpg | Hisense/images-rebuild/2026-09-29/packets/07_H5_A_W/Hisense_images_rebuilt/A/AVW-42HJFAE1/01.jpg
111,27740b402a6634ad7c21bfd65cb0c24d7d2c20366440229f14e88f20aced998c,3,3,A/AVW-63HJFAE1 | A/AVW-68HJFAE1 | A/AVW-76HJFAE1,Hisense/images-rebuild/2026-09-29/packets/07_H5_A_W/Hisense_images_rebuilt/A/AVW-76HJFAE1/09.jpg | Hisense/images-rebuild/2026-09-29/packets/07_H5_A_W/Hisense_images_rebuilt/A/AVW-63HJFAE1/09.jpg | Hisense/images-rebuild/2026-09-29/packets/07_H5_A_W/Hisense_images_rebuilt/A/AVW-68HJFAE1/09.jpg
112,5cb66d51ee73abdec4dbb84647363af006945d08b3f5652bb12386fa87cb0c42,5,5,A/AVW-27HJFAE1 | A/AVW-34HJFAE1 | A/AVW-42HJFAE1 | A/AVW-48HJFAE1 | A/AVW-54HJFAE1,Hisense/images-rebuild/2026-09-29/packets/07_H5_A_W/Hisense_images_rebuilt/A/AVW-48HJFAE1/10.jpg | Hisense/images-rebuild/2026-09-29/packets/07_H5_A_W/Hisense_images_rebuilt/A/AVW-34HJFAE1/10.jpg | Hisense/images-rebuild/2026-09-29/packets/07_H5_A_W/Hisense_images_rebuilt/A/AVW-27HJFAE1/10.jpg | Hisense/images-rebuild/2026-09-29/packets/07_H5_A_W/Hisense_images_rebuilt/A/AVW-54HJFAE1/10.jpg | Hisense/images-rebuild/2026-09-29/packets/07_H5_A_W/Hisense_images_rebuilt/A/AVW-42HJFAE1/10.jpg
113,c7f5d7ea7c4932e136791cf52853a6f6c7b74a139d3c85f346a681aaa4338a9f,3,3,A/AVW-42HJFAE1 | A/AVW-48HJFAE1 | A/AVW-54HJFAE1,Hisense/images-rebuild/2026-09-29/packets/07_H5_A_W/Hisense_images_rebuilt/A/AVW-48HJFAE1/08.jpg | Hisense/images-rebuild/2026-09-29/packets/07_H5_A_W/Hisense_images_rebuilt/A/AVW-54HJFAE1/08.jpg | Hisense/images-rebuild/2026-09-29/packets/07_H5_A_W/Hisense_images_rebuilt/A/AVW-42HJFAE1/08.jpg
114,d29f86f763125146c2ba955b4fb6d695a4be78c4f79614293fe87275f5e757f9,5,5,A/AVW-27HJFAE1 | A/AVW-34HJFAE1 | A/AVW-42HJFAE1 | A/AVW-48HJFAE1 | A/AVW-54HJFAE1,Hisense/images-rebuild/2026-09-29/packets/07_H5_A_W/Hisense_images_rebuilt/A/AVW-48HJFAE1/11.jpg | Hisense/images-rebuild/2026-09-29/packets/07_H5_A_W/Hisense_images_rebuilt/A/AVW-34HJFAE1/11.jpg | Hisense/images-rebuild/2026-09-29/packets/07_H5_A_W/Hisense_images_rebuilt/A/AVW-27HJFAE1/11.jpg | Hisense/images-rebuild/2026-09-29/packets/07_H5_A_W/Hisense_images_rebuilt/A/AVW-54HJFAE1/11.jpg | Hisense/images-rebuild/2026-09-29/packets/07_H5_A_W/Hisense_images_rebuilt/A/AVW-42HJFAE1/11.jpg
115,8b52207aa6a6fd6c0a2018b405114171a050102ae55ff6c630169488a2bee383,5,5,A/AVW-27HJFAE1 | A/AVW-34HJFAE1 | A/AVW-42HJFAE1 | A/AVW-48HJFAE1 | A/AVW-54HJFAE1,Hisense/images-rebuild/2026-09-29/packets/07_H5_A_W/Hisense_images_rebuilt/A/AVW-48HJFAE1/09.jpg | Hisense/images-rebuild/2026-09-29/packets/07_H5_A_W/Hisense_images_rebuilt/A/AVW-34HJFAE1/09.jpg | Hisense/images-rebuild/2026-09-29/packets/07_H5_A_W/Hisense_images_rebuilt/A/AVW-27HJFAE1/09.jpg | Hisense/images-rebuild/2026-09-29/packets/07_H5_A_W/Hisense_images_rebuilt/A/AVW-54HJFAE1/09.jpg | Hisense/images-rebuild/2026-09-29/packets/07_H5_A_W/Hisense_images_rebuilt/A/AVW-42HJFAE1/09.jpg
116,e8809ff50df5e29ce9e003dfd1c692df51fb2c49b85d74ee78a08798bc2d1288,2,2,A/AVW-27HJFAE1 | A/AVW-34HJFAE1,Hisense/images-rebuild/2026-09-29/packets/07_H5_A_W/Hisense_images_rebuilt/A/AVW-34HJFAE1/08.jpg | Hisense/images-rebuild/2026-09-29/packets/07_H5_A_W/Hisense_images_rebuilt/A/AVW-27HJFAE1/08.jpg
117,6be9ed4f2472b3da978587924cfb310f67b5d7b3978dcc830f04f971936dadda,7,7,W HEAT RECOVERY/AVWW-114FKFW1 | W HEAT RECOVERY/AVWW-136FKFW1 | W HEAT RECOVERY/AVWW-154FKFW1 | W HEAT RECOVERY/AVWW-170FKFW1 | W HEAT RECOVERY/AVWW-190FKFW1 | W HEAT RECOVERY/AVWW-76FKFW1 | W HEAT RECOVERY/AVWW-96FKFW1,Hisense/images-rebuild/2026-09-29/packets/07_H5_A_W/Hisense_images_rebuilt/W HEAT RECOVERY/AVWW-96FKFW1/03.jpg | Hisense/images-rebuild/2026-09-29/packets/07_H5_A_W/Hisense_images_rebuilt/W HEAT RECOVERY/AVWW-76FKFW1/03.jpg | Hisense/images-rebuild/2026-09-29/packets/07_H5_A_W/Hisense_images_rebuilt/W HEAT RECOVERY/AVWW-154FKFW1/03.jpg | Hisense/images-rebuild/2026-09-29/packets/07_H5_A_W/Hisense_images_rebuilt/W HEAT RECOVERY/AVWW-170FKFW1/03.jpg | Hisense/images-rebuild/2026-09-29/packets/07_H5_A_W/Hisense_images_rebuilt/W HEAT RECOVERY/AVWW-136FKFW1/03.jpg | Hisense/images-rebuild/2026-09-29/packets/07_H5_A_W/Hisense_images_rebuilt/W HEAT RECOVERY/AVWW-114FKFW1/03.jpg | Hisense/images-rebuild/2026-09-29/packets/07_H5_A_W/Hisense_images_rebuilt/W HEAT RECOVERY/AVWW-190FKFW1/03.jpg
118,9cf8be5225a30753882c2504776c988a4453a02bed225771fdfd16890b3910fc,7,7,W HEAT RECOVERY/AVWW-114FKFW1 | W HEAT RECOVERY/AVWW-136FKFW1 | W HEAT RECOVERY/AVWW-154FKFW1 | W HEAT RECOVERY/AVWW-170FKFW1 | W HEAT RECOVERY/AVWW-190FKFW1 | W HEAT RECOVERY/AVWW-76FKFW1 | W HEAT RECOVERY/AVWW-96FKFW1,Hisense/images-rebuild/2026-09-29/packets/07_H5_A_W/Hisense_images_rebuilt/W HEAT RECOVERY/AVWW-96FKFW1/05.jpg | Hisense/images-rebuild/2026-09-29/packets/07_H5_A_W/Hisense_images_rebuilt/W HEAT RECOVERY/AVWW-76FKFW1/05.jpg | Hisense/images-rebuild/2026-09-29/packets/07_H5_A_W/Hisense_images_rebuilt/W HEAT RECOVERY/AVWW-154FKFW1/05.jpg | Hisense/images-rebuild/2026-09-29/packets/07_H5_A_W/Hisense_images_rebuilt/W HEAT RECOVERY/AVWW-170FKFW1/05.jpg | Hisense/images-rebuild/2026-09-29/packets/07_H5_A_W/Hisense_images_rebuilt/W HEAT RECOVERY/AVWW-136FKFW1/05.jpg | Hisense/images-rebuild/2026-09-29/packets/07_H5_A_W/Hisense_images_rebuilt/W HEAT RECOVERY/AVWW-114FKFW1/05.jpg | Hisense/images-rebuild/2026-09-29/packets/07_H5_A_W/Hisense_images_rebuilt/W HEAT RECOVERY/AVWW-190FKFW1/05.jpg
119,9c6f95e17d552f1e08fea0735ded1ba0aedd7e047166758a6a850402d0cf4ada,7,7,W HEAT RECOVERY/AVWW-114FKFW1 | W HEAT RECOVERY/AVWW-136FKFW1 | W HEAT RECOVERY/AVWW-154FKFW1 | W HEAT RECOVERY/AVWW-170FKFW1 | W HEAT RECOVERY/AVWW-190FKFW1 | W HEAT RECOVERY/AVWW-76FKFW1 | W HEAT RECOVERY/AVWW-96FKFW1,Hisense/images-rebuild/2026-09-29/packets/07_H5_A_W/Hisense_images_rebuilt/W HEAT RECOVERY/AVWW-96FKFW1/04.jpg | Hisense/images-rebuild/2026-09-29/packets/07_H5_A_W/Hisense_images_rebuilt/W HEAT RECOVERY/AVWW-76FKFW1/04.jpg | Hisense/images-rebuild/2026-09-29/packets/07_H5_A_W/Hisense_images_rebuilt/W HEAT RECOVERY/AVWW-154FKFW1/04.jpg | Hisense/images-rebuild/2026-09-29/packets/07_H5_A_W/Hisense_images_rebuilt/W HEAT RECOVERY/AVWW-170FKFW1/04.jpg | Hisense/images-rebuild/2026-09-29/packets/07_H5_A_W/Hisense_images_rebuilt/W HEAT RECOVERY/AVWW-136FKFW1/04.jpg | Hisense/images-rebuild/2026-09-29/packets/07_H5_A_W/Hisense_images_rebuilt/W HEAT RECOVERY/AVWW-114FKFW1/04.jpg | Hisense/images-rebuild/2026-09-29/packets/07_H5_A_W/Hisense_images_rebuilt/W HEAT RECOVERY/AVWW-190FKFW1/04.jpg
120,8ad83ce2a925a46918033404bce5f9bb51c0576d96d84b2bdae2fab6bb6a5bac,18,18,MACS/MACS-I-PD115P4K | MACS/MACS-I-PD116P4K | MACS/MACS-I-PD135P4K | MACS/MACS-I-PD136P4K | MACS/MACS-I-PD160P4K | MACS/MACS-I-PD176P4K | MACS/MACS-I-PD210P4K | MACS/MACS-I-PD226P4K | MACS/MACS-I-PD266P4K | MACS/MACS-I-PD270P4K | MACS/MACS-I-PD315P4K | MACS/MACS-I-PD51P4K | MACS/MACS-I-PD60P4K | MACS/MACS-I-PD66P4K | MACS/MACS-I-PD75P4K | MACS/MACS-I-PD76P4K | MACS/MACS-I-PD90P4K | MACS/MACS-I-PD96P4K,Hisense/images-rebuild/2026-09-29/packets/12_MACS_D_C/Hisense_images_rebuilt/MACS/MACS-I-PD266P4K/01.jpg | Hisense/images-rebuild/2026-09-29/packets/12_MACS_D_C/Hisense_images_rebuilt/MACS/MACS-I-PD270P4K/01.jpg | Hisense/images-rebuild/2026-09-29/packets/12_MACS_D_C/Hisense_images_rebuilt/MACS/MACS-I-PD136P4K/01.jpg | Hisense/images-rebuild/2026-09-29/packets/12_MACS_D_C/Hisense_images_rebuilt/MACS/MACS-I-PD60P4K/01.jpg | Hisense/images-rebuild/2026-09-29/packets/12_MACS_D_C/Hisense_images_rebuilt/MACS/MACS-I-PD176P4K/01.jpg | Hisense/images-rebuild/2026-09-29/packets/12_MACS_D_C/Hisense_images_rebuilt/MACS/MACS-I-PD315P4K/01.jpg | Hisense/images-rebuild/2026-09-29/packets/12_MACS_D_C/Hisense_images_rebuilt/MACS/MACS-I-PD66P4K/01.jpg | Hisense/images-rebuild/2026-09-29/packets/12_MACS_D_C/Hisense_images_rebuilt/MACS/MACS-I-PD226P4K/01.jpg | Hisense/images-rebuild/2026-09-29/packets/12_MACS_D_C/Hisense_images_rebuilt/MACS/MACS-I-PD75P4K/01.jpg | Hisense/images-rebuild/2026-09-29/packets/12_MACS_D_C/Hisense_images_rebuilt/MACS/MACS-I-PD135P4K/01.jpg | Hisense/images-rebuild/2026-09-29/packets/12_MACS_D_C/Hisense_images_rebuilt/MACS/MACS-I-PD76P4K/01.jpg | Hisense/images-rebuild/2026-09-29/packets/12_MACS_D_C/Hisense_images_rebuilt/MACS/MACS-I-PD116P4K/01.jpg | Hisense/images-rebuild/2026-09-29/packets/12_MACS_D_C/Hisense_images_rebuilt/MACS/MACS-I-PD96P4K/01.jpg | Hisense/images-rebuild/2026-09-29/packets/12_MACS_D_C/Hisense_images_rebuilt/MACS/MACS-I-PD210P4K/01.jpg | Hisense/images-rebuild/2026-09-29/packets/12_MACS_D_C/Hisense_images_rebuilt/MACS/MACS-I-PD90P4K/01.jpg | Hisense/images-rebuild/2026-09-29/packets/12_MACS_D_C/Hisense_images_rebuilt/MACS/MACS-I-PD160P4K/01.jpg | Hisense/images-rebuild/2026-09-29/packets/12_MACS_D_C/Hisense_images_rebuilt/MACS/MACS-I-PD51P4K/01.jpg | Hisense/images-rebuild/2026-09-29/packets/12_MACS_D_C/Hisense_images_rebuilt/MACS/MACS-I-PD115P4K/01.jpg
121,cba07777bf8d6e3f946a8becf20c56691970611ab3f8ae176a3012f6b1b783c3,4,4,AVF-H2FDA/AVF-36H2FDA | AVF-H2FDA/AVF-48H2FDA | AVF-H2FDA/AVF-56H2FDA | AVF-H2FDA/AVF-96H2FDA,Hisense/images-rebuild/2026-09-29/packets/03_AVS_AVF/Hisense_images_rebuilt/AVF-H2FDA/AVF-48H2FDA/02.jpg | Hisense/images-rebuild/2026-09-29/packets/03_AVS_AVF/Hisense_images_rebuilt/AVF-H2FDA/AVF-96H2FDA/02.jpg | Hisense/images-rebuild/2026-09-29/packets/03_AVS_AVF/Hisense_images_rebuilt/AVF-H2FDA/AVF-36H2FDA/02.jpg | Hisense/images-rebuild/2026-09-29/packets/03_AVS_AVF/Hisense_images_rebuilt/AVF-H2FDA/AVF-56H2FDA/02.jpg
122,9c2623eab0ee45f2ca494c3cb927cf82aff1e2ee9c301d89701df38aa87eee62,4,4,AVF-H2FDA/AVF-36H2FDA | AVF-H2FDA/AVF-48H2FDA | AVF-H2FDA/AVF-56H2FDA | AVF-H2FDA/AVF-96H2FDA,Hisense/images-rebuild/2026-09-29/packets/03_AVS_AVF/Hisense_images_rebuilt/AVF-H2FDA/AVF-48H2FDA/03.jpg | Hisense/images-rebuild/2026-09-29/packets/03_AVS_AVF/Hisense_images_rebuilt/AVF-H2FDA/AVF-96H2FDA/03.jpg | Hisense/images-rebuild/2026-09-29/packets/03_AVS_AVF/Hisense_images_rebuilt/AVF-H2FDA/AVF-36H2FDA/03.jpg | Hisense/images-rebuild/2026-09-29/packets/03_AVS_AVF/Hisense_images_rebuilt/AVF-H2FDA/AVF-56H2FDA/03.jpg
123,44fc9421bdb3678557e90a906840a9d1605666e866906f44af0cd58e8d2db884,4,4,AVF-H2FDA/AVF-36H2FDA | AVF-H2FDA/AVF-48H2FDA | AVF-H2FDA/AVF-56H2FDA | AVF-H2FDA/AVF-96H2FDA,Hisense/images-rebuild/2026-09-29/packets/03_AVS_AVF/Hisense_images_rebuilt/AVF-H2FDA/AVF-48H2FDA/01.jpg | Hisense/images-rebuild/2026-09-29/packets/03_AVS_AVF/Hisense_images_rebuilt/AVF-H2FDA/AVF-96H2FDA/01.jpg | Hisense/images-rebuild/2026-09-29/packets/03_AVS_AVF/Hisense_images_rebuilt/AVF-H2FDA/AVF-36H2FDA/01.jpg | Hisense/images-rebuild/2026-09-29/packets/03_AVS_AVF/Hisense_images_rebuilt/AVF-H2FDA/AVF-56H2FDA/01.jpg
124,367ca319da06a4b9dabe7e5b947bd6c586e4a4914a8f020a453ac7afc9927ef0,4,4,AVF-H2FDA/AVF-36H2FDA | AVF-H2FDA/AVF-48H2FDA | AVF-H2FDA/AVF-56H2FDA | AVF-H2FDA/AVF-96H2FDA,Hisense/images-rebuild/2026-09-29/packets/03_AVS_AVF/Hisense_images_rebuilt/AVF-H2FDA/AVF-48H2FDA/05.jpg | Hisense/images-rebuild/2026-09-29/packets/03_AVS_AVF/Hisense_images_rebuilt/AVF-H2FDA/AVF-96H2FDA/05.jpg | Hisense/images-rebuild/2026-09-29/packets/03_AVS_AVF/Hisense_images_rebuilt/AVF-H2FDA/AVF-36H2FDA/05.jpg | Hisense/images-rebuild/2026-09-29/packets/03_AVS_AVF/Hisense_images_rebuilt/AVF-H2FDA/AVF-56H2FDA/05.jpg
125,fa7266e32ff3d2d0dc1659c518a09789094e2fb5f61ee2d9d53bf4c7ffb96137,4,4,AVF-H2FDA/AVF-36H2FDA | AVF-H2FDA/AVF-48H2FDA | AVF-H2FDA/AVF-56H2FDA | AVF-H2FDA/AVF-96H2FDA,Hisense/images-rebuild/2026-09-29/packets/03_AVS_AVF/Hisense_images_rebuilt/AVF-H2FDA/AVF-48H2FDA/04.jpg | Hisense/images-rebuild/2026-09-29/packets/03_AVS_AVF/Hisense_images_rebuilt/AVF-H2FDA/AVF-96H2FDA/04.jpg | Hisense/images-rebuild/2026-09-29/packets/03_AVS_AVF/Hisense_images_rebuilt/AVF-H2FDA/AVF-36H2FDA/04.jpg | Hisense/images-rebuild/2026-09-29/packets/03_AVS_AVF/Hisense_images_rebuilt/AVF-H2FDA/AVF-56H2FDA/04.jpg
126,d33cc8f30fab984c37ab296e87e359f87469f0ad058868d736ef78c055784fc5,8,8,AVS-HJDTD/AVS-05HJDTD | AVS-HJDTD/AVS-07HJDTD | AVS-HJDTD/AVS-09HJDTD | AVS-HJDTD/AVS-12HJDTD | AVS-HJDTD/AVS-15HJDTD | AVS-HJDTD/AVS-19HJDTD | AVS-HJDTD/AVS-24HJDTD | AVS-HJDTD/AVS-28HJDTD,Hisense/images-rebuild/2026-09-29/packets/03_AVS_AVF/Hisense_images_rebuilt/AVS-HJDTD/AVS-09HJDTD/06.jpg | Hisense/images-rebuild/2026-09-29/packets/03_AVS_AVF/Hisense_images_rebuilt/AVS-HJDTD/AVS-12HJDTD/06.jpg | Hisense/images-rebuild/2026-09-29/packets/03_AVS_AVF/Hisense_images_rebuilt/AVS-HJDTD/AVS-07HJDTD/06.jpg | Hisense/images-rebuild/2026-09-29/packets/03_AVS_AVF/Hisense_images_rebuilt/AVS-HJDTD/AVS-05HJDTD/06.jpg | Hisense/images-rebuild/2026-09-29/packets/03_AVS_AVF/Hisense_images_rebuilt/AVS-HJDTD/AVS-28HJDTD/06.jpg | Hisense/images-rebuild/2026-09-29/packets/03_AVS_AVF/Hisense_images_rebuilt/AVS-HJDTD/AVS-19HJDTD/06.jpg | Hisense/images-rebuild/2026-09-29/packets/03_AVS_AVF/Hisense_images_rebuilt/AVS-HJDTD/AVS-24HJDTD/06.jpg | Hisense/images-rebuild/2026-09-29/packets/03_AVS_AVF/Hisense_images_rebuilt/AVS-HJDTD/AVS-15HJDTD/06.jpg
127,ccac346ab3c1ac07f5a5e02cb73f636bd1dccf065dcf82b83e15fe36fcce6007,8,8,AVS-HJDTD/AVS-05HJDTD | AVS-HJDTD/AVS-07HJDTD | AVS-HJDTD/AVS-09HJDTD | AVS-HJDTD/AVS-12HJDTD | AVS-HJDTD/AVS-15HJDTD | AVS-HJDTD/AVS-19HJDTD | AVS-HJDTD/AVS-24HJDTD | AVS-HJDTD/AVS-28HJDTD,Hisense/images-rebuild/2026-09-29/packets/03_AVS_AVF/Hisense_images_rebuilt/AVS-HJDTD/AVS-09HJDTD/01.jpg | Hisense/images-rebuild/2026-09-29/packets/03_AVS_AVF/Hisense_images_rebuilt/AVS-HJDTD/AVS-12HJDTD/01.jpg | Hisense/images-rebuild/2026-09-29/packets/03_AVS_AVF/Hisense_images_rebuilt/AVS-HJDTD/AVS-07HJDTD/01.jpg | Hisense/images-rebuild/2026-09-29/packets/03_AVS_AVF/Hisense_images_rebuilt/AVS-HJDTD/AVS-05HJDTD/01.jpg | Hisense/images-rebuild/2026-09-29/packets/03_AVS_AVF/Hisense_images_rebuilt/AVS-HJDTD/AVS-28HJDTD/01.jpg | Hisense/images-rebuild/2026-09-29/packets/03_AVS_AVF/Hisense_images_rebuilt/AVS-HJDTD/AVS-19HJDTD/01.jpg | Hisense/images-rebuild/2026-09-29/packets/03_AVS_AVF/Hisense_images_rebuilt/AVS-HJDTD/AVS-24HJDTD/01.jpg | Hisense/images-rebuild/2026-09-29/packets/03_AVS_AVF/Hisense_images_rebuilt/AVS-HJDTD/AVS-15HJDTD/01.jpg
128,bf73766f81629d965aefeb4e3cd2d3b7f268911bfedf8448da4e71d6e4f8c8e5,8,8,AVS-HJDTD/AVS-05HJDTD | AVS-HJDTD/AVS-07HJDTD | AVS-HJDTD/AVS-09HJDTD | AVS-HJDTD/AVS-12HJDTD | AVS-HJDTD/AVS-15HJDTD | AVS-HJDTD/AVS-19HJDTD | AVS-HJDTD/AVS-24HJDTD | AVS-HJDTD/AVS-28HJDTD,Hisense/images-rebuild/2026-09-29/packets/03_AVS_AVF/Hisense_images_rebuilt/AVS-HJDTD/AVS-09HJDTD/05.jpg | Hisense/images-rebuild/2026-09-29/packets/03_AVS_AVF/Hisense_images_rebuilt/AVS-HJDTD/AVS-12HJDTD/05.jpg | Hisense/images-rebuild/2026-09-29/packets/03_AVS_AVF/Hisense_images_rebuilt/AVS-HJDTD/AVS-07HJDTD/05.jpg | Hisense/images-rebuild/2026-09-29/packets/03_AVS_AVF/Hisense_images_rebuilt/AVS-HJDTD/AVS-05HJDTD/05.jpg | Hisense/images-rebuild/2026-09-29/packets/03_AVS_AVF/Hisense_images_rebuilt/AVS-HJDTD/AVS-28HJDTD/05.jpg | Hisense/images-rebuild/2026-09-29/packets/03_AVS_AVF/Hisense_images_rebuilt/AVS-HJDTD/AVS-19HJDTD/05.jpg | Hisense/images-rebuild/2026-09-29/packets/03_AVS_AVF/Hisense_images_rebuilt/AVS-HJDTD/AVS-24HJDTD/05.jpg | Hisense/images-rebuild/2026-09-29/packets/03_AVS_AVF/Hisense_images_rebuilt/AVS-HJDTD/AVS-15HJDTD/05.jpg
129,cf679b8f514d0d0b8d74ed069c9b2157cacb22f059d42805736dc777fd75b3f2,8,8,AVS-HJDTD/AVS-05HJDTD | AVS-HJDTD/AVS-07HJDTD | AVS-HJDTD/AVS-09HJDTD | AVS-HJDTD/AVS-12HJDTD | AVS-HJDTD/AVS-15HJDTD | AVS-HJDTD/AVS-19HJDTD | AVS-HJDTD/AVS-24HJDTD | AVS-HJDTD/AVS-28HJDTD,Hisense/images-rebuild/2026-09-29/packets/03_AVS_AVF/Hisense_images_rebuilt/AVS-HJDTD/AVS-09HJDTD/04.jpg | Hisense/images-rebuild/2026-09-29/packets/03_AVS_AVF/Hisense_images_rebuilt/AVS-HJDTD/AVS-12HJDTD/04.jpg | Hisense/images-rebuild/2026-09-29/packets/03_AVS_AVF/Hisense_images_rebuilt/AVS-HJDTD/AVS-07HJDTD/04.jpg | Hisense/images-rebuild/2026-09-29/packets/03_AVS_AVF/Hisense_images_rebuilt/AVS-HJDTD/AVS-05HJDTD/04.jpg | Hisense/images-rebuild/2026-09-29/packets/03_AVS_AVF/Hisense_images_rebuilt/AVS-HJDTD/AVS-28HJDTD/04.jpg | Hisense/images-rebuild/2026-09-29/packets/03_AVS_AVF/Hisense_images_rebuilt/AVS-HJDTD/AVS-19HJDTD/04.jpg | Hisense/images-rebuild/2026-09-29/packets/03_AVS_AVF/Hisense_images_rebuilt/AVS-HJDTD/AVS-24HJDTD/04.jpg | Hisense/images-rebuild/2026-09-29/packets/03_AVS_AVF/Hisense_images_rebuilt/AVS-HJDTD/AVS-15HJDTD/04.jpg
