packet,series,model_folder,file,path,sha256,phash,width,height
04,AVD-HJDH,AVD-24HJDH1,02.jpg,Hisense/images-rebuild/2026-09-29/packets/04_AVD_HJDH/Hisense_images_rebuilt/AVD-HJDH/AVD-24HJDH1/02.jpg,833e8140e3d3f9f38a79a5a42f3746185144b4584be1911863268887000347e1,ec39688697c486e7,850,850
04,AVD-HJDH,AVD-24HJDH1,06.jpg,Hisense/images-rebuild/2026-09-29/packets/04_AVD_HJDH/Hisense_images_rebuilt/AVD-HJDH/AVD-24HJDH1/06.jpg,17e64dcc203bd25c6a0aaa91ab3eb47578e0cae52471a87fafef7f57cdcee703,bee0c11f3ae0e48d,850,850
04,AVD-HJDH,AVD-24HJDH1,03.jpg,Hisense/images-rebuild/2026-09-29/packets/04_AVD_HJDH/Hisense_images_rebuilt/AVD-HJDH/AVD-24HJDH1/03.jpg,047f09f590a8859329d2f6ee45d98b33439c679d6531065d9b59e365ee218712,e334986b989bcd86,850,850
04,AVD-HJDH,AVD-24HJDH1,01.jpg,Hisense/images-rebuild/2026-09-29/packets/04_AVD_HJDH/Hisense_images_rebuilt/AVD-HJDH/AVD-24HJDH1/01.jpg,6df5149423b16ee25509883ac640edd3c20f403045a9c0575f0ca0adfa85718b,bee0c11f3ee0c50d,850,850
04,AVD-HJDH,AVD-24HJDH1,05.jpg,Hisense/images-rebuild/2026-09-29/packets/04_AVD_HJDH/Hisense_images_rebuilt/AVD-HJDH/AVD-24HJDH1/05.jpg,f960f0f1a38f1575ed7f1f0fbf5d7e2078bcf6d599abee4a1cffac442442a07c,bb91c46ec633389c,850,850
04,AVD-HJDH,AVD-24HJDH1,04.jpg,Hisense/images-rebuild/2026-09-29/packets/04_AVD_HJDH/Hisense_images_rebuilt/AVD-HJDH/AVD-24HJDH1/04.jpg,1237e5f4b139a85f735a422cf7ec7f224aa92cb9de9bb2777d4b86823940c746,b63ec0c18d1f1f38,850,850
04,AVD-HJDH,AVD-54HJDH,02.jpg,Hisense/images-rebuild/2026-09-29/packets/04_AVD_HJDH/Hisense_images_rebuilt/AVD-HJDH/AVD-54HJDH/02.jpg,833e8140e3d3f9f38a79a5a42f3746185144b4584be1911863268887000347e1,ec39688697c486e7,850,850
04,AVD-HJDH,AVD-54HJDH,06.jpg,Hisense/images-rebuild/2026-09-29/packets/04_AVD_HJDH/Hisense_images_rebuilt/AVD-HJDH/AVD-54HJDH/06.jpg,17e64dcc203bd25c6a0aaa91ab3eb47578e0cae52471a87fafef7f57cdcee703,bee0c11f3ae0e48d,850,850
04,AVD-HJDH,AVD-54HJDH,03.jpg,Hisense/images-rebuild/2026-09-29/packets/04_AVD_HJDH/Hisense_images_rebuilt/AVD-HJDH/AVD-54HJDH/03.jpg,047f09f590a8859329d2f6ee45d98b33439c679d6531065d9b59e365ee218712,e334986b989bcd86,850,850
04,AVD-HJDH,AVD-54HJDH,01.jpg,Hisense/images-rebuild/2026-09-29/packets/04_AVD_HJDH/Hisense_images_rebuilt/AVD-HJDH/AVD-54HJDH/01.jpg,6df5149423b16ee25509883ac640edd3c20f403045a9c0575f0ca0adfa85718b,bee0c11f3ee0c50d,850,850
04,AVD-HJDH,AVD-54HJDH,05.jpg,Hisense/images-rebuild/2026-09-29/packets/04_AVD_HJDH/Hisense_images_rebuilt/AVD-HJDH/AVD-54HJDH/05.jpg,f960f0f1a38f1575ed7f1f0fbf5d7e2078bcf6d599abee4a1cffac442442a07c,bb91c46ec633389c,850,850
04,AVD-HJDH,AVD-54HJDH,04.jpg,Hisense/images-rebuild/2026-09-29/packets/04_AVD_HJDH/Hisense_images_rebuilt/AVD-HJDH/AVD-54HJDH/04.jpg,1237e5f4b139a85f735a422cf7ec7f224aa92cb9de9bb2777d4b86823940c746,b63ec0c18d1f1f38,850,850
04,AVD-HJDH,AVD-09HJDH,02.jpg,Hisense/images-rebuild/2026-09-29/packets/04_AVD_HJDH/Hisense_images_rebuilt/AVD-HJDH/AVD-09HJDH/02.jpg,833e8140e3d3f9f38a79a5a42f3746185144b4584be1911863268887000347e1,ec39688697c486e7,850,850
04,AVD-HJDH,AVD-09HJDH,06.jpg,Hisense/images-rebuild/2026-09-29/packets/04_AVD_HJDH/Hisense_images_rebuilt/AVD-HJDH/AVD-09HJDH/06.jpg,17e64dcc203bd25c6a0aaa91ab3eb47578e0cae52471a87fafef7f57cdcee703,bee0c11f3ae0e48d,850,850
04,AVD-HJDH,AVD-09HJDH,03.jpg,Hisense/images-rebuild/2026-09-29/packets/04_AVD_HJDH/Hisense_images_rebuilt/AVD-HJDH/AVD-09HJDH/03.jpg,047f09f590a8859329d2f6ee45d98b33439c679d6531065d9b59e365ee218712,e334986b989bcd86,850,850
04,AVD-HJDH,AVD-09HJDH,01.jpg,Hisense/images-rebuild/2026-09-29/packets/04_AVD_HJDH/Hisense_images_rebuilt/AVD-HJDH/AVD-09HJDH/01.jpg,6df5149423b16ee25509883ac640edd3c20f403045a9c0575f0ca0adfa85718b,bee0c11f3ee0c50d,850,850
04,AVD-HJDH,AVD-09HJDH,05.jpg,Hisense/images-rebuild/2026-09-29/packets/04_AVD_HJDH/Hisense_images_rebuilt/AVD-HJDH/AVD-09HJDH/05.jpg,f960f0f1a38f1575ed7f1f0fbf5d7e2078bcf6d599abee4a1cffac442442a07c,bb91c46ec633389c,850,850
04,AVD-HJDH,AVD-09HJDH,04.jpg,Hisense/images-rebuild/2026-09-29/packets/04_AVD_HJDH/Hisense_images_rebuilt/AVD-HJDH/AVD-09HJDH/04.jpg,1237e5f4b139a85f735a422cf7ec7f224aa92cb9de9bb2777d4b86823940c746,b63ec0c18d1f1f38,850,850
04,AVD-HJDH,AVD-76HJDH,02.jpg,Hisense/images-rebuild/2026-09-29/packets/04_AVD_HJDH/Hisense_images_rebuilt/AVD-HJDH/AVD-76HJDH/02.jpg,833e8140e3d3f9f38a79a5a42f3746185144b4584be1911863268887000347e1,ec39688697c486e7,850,850
04,AVD-HJDH,AVD-76HJDH,06.jpg,Hisense/images-rebuild/2026-09-29/packets/04_AVD_HJDH/Hisense_images_rebuilt/AVD-HJDH/AVD-76HJDH/06.jpg,17e64dcc203bd25c6a0aaa91ab3eb47578e0cae52471a87fafef7f57cdcee703,bee0c11f3ae0e48d,850,850
04,AVD-HJDH,AVD-76HJDH,03.jpg,Hisense/images-rebuild/2026-09-29/packets/04_AVD_HJDH/Hisense_images_rebuilt/AVD-HJDH/AVD-76HJDH/03.jpg,047f09f590a8859329d2f6ee45d98b33439c679d6531065d9b59e365ee218712,e334986b989bcd86,850,850
04,AVD-HJDH,AVD-76HJDH,01.jpg,Hisense/images-rebuild/2026-09-29/packets/04_AVD_HJDH/Hisense_images_rebuilt/AVD-HJDH/AVD-76HJDH/01.jpg,6df5149423b16ee25509883ac640edd3c20f403045a9c0575f0ca0adfa85718b,bee0c11f3ee0c50d,850,850
04,AVD-HJDH,AVD-76HJDH,05.jpg,Hisense/images-rebuild/2026-09-29/packets/04_AVD_HJDH/Hisense_images_rebuilt/AVD-HJDH/AVD-76HJDH/05.jpg,f960f0f1a38f1575ed7f1f0fbf5d7e2078bcf6d599abee4a1cffac442442a07c,bb91c46ec633389c,850,850
04,AVD-HJDH,AVD-76HJDH,04.jpg,Hisense/images-rebuild/2026-09-29/packets/04_AVD_HJDH/Hisense_images_rebuilt/AVD-HJDH/AVD-76HJDH/04.jpg,1237e5f4b139a85f735a422cf7ec7f224aa92cb9de9bb2777d4b86823940c746,b63ec0c18d1f1f38,850,850
04,AVD-HJDH,AVD-24HJDH,02.jpg,Hisense/images-rebuild/2026-09-29/packets/04_AVD_HJDH/Hisense_images_rebuilt/AVD-HJDH/AVD-24HJDH/02.jpg,833e8140e3d3f9f38a79a5a42f3746185144b4584be1911863268887000347e1,ec39688697c486e7,850,850
04,AVD-HJDH,AVD-24HJDH,06.jpg,Hisense/images-rebuild/2026-09-29/packets/04_AVD_HJDH/Hisense_images_rebuilt/AVD-HJDH/AVD-24HJDH/06.jpg,17e64dcc203bd25c6a0aaa91ab3eb47578e0cae52471a87fafef7f57cdcee703,bee0c11f3ae0e48d,850,850
04,AVD-HJDH,AVD-24HJDH,03.jpg,Hisense/images-rebuild/2026-09-29/packets/04_AVD_HJDH/Hisense_images_rebuilt/AVD-HJDH/AVD-24HJDH/03.jpg,047f09f590a8859329d2f6ee45d98b33439c679d6531065d9b59e365ee218712,e334986b989bcd86,850,850
04,AVD-HJDH,AVD-24HJDH,01.jpg,Hisense/images-rebuild/2026-09-29/packets/04_AVD_HJDH/Hisense_images_rebuilt/AVD-HJDH/AVD-24HJDH/01.jpg,6df5149423b16ee25509883ac640edd3c20f403045a9c0575f0ca0adfa85718b,bee0c11f3ee0c50d,850,850
04,AVD-HJDH,AVD-24HJDH,05.jpg,Hisense/images-rebuild/2026-09-29/packets/04_AVD_HJDH/Hisense_images_rebuilt/AVD-HJDH/AVD-24HJDH/05.jpg,f960f0f1a38f1575ed7f1f0fbf5d7e2078bcf6d599abee4a1cffac442442a07c,bb91c46ec633389c,850,850
04,AVD-HJDH,AVD-24HJDH,04.jpg,Hisense/images-rebuild/2026-09-29/packets/04_AVD_HJDH/Hisense_images_rebuilt/AVD-HJDH/AVD-24HJDH/04.jpg,1237e5f4b139a85f735a422cf7ec7f224aa92cb9de9bb2777d4b86823940c746,b63ec0c18d1f1f38,850,850
04,AVD-HJDH,AVD-19HJDH,02.jpg,Hisense/images-rebuild/2026-09-29/packets/04_AVD_HJDH/Hisense_images_rebuilt/AVD-HJDH/AVD-19HJDH/02.jpg,833e8140e3d3f9f38a79a5a42f3746185144b4584be1911863268887000347e1,ec39688697c486e7,850,850
04,AVD-HJDH,AVD-19HJDH,06.jpg,Hisense/images-rebuild/2026-09-29/packets/04_AVD_HJDH/Hisense_images_rebuilt/AVD-HJDH/AVD-19HJDH/06.jpg,17e64dcc203bd25c6a0aaa91ab3eb47578e0cae52471a87fafef7f57cdcee703,bee0c11f3ae0e48d,850,850
04,AVD-HJDH,AVD-19HJDH,03.jpg,Hisense/images-rebuild/2026-09-29/packets/04_AVD_HJDH/Hisense_images_rebuilt/AVD-HJDH/AVD-19HJDH/03.jpg,047f09f590a8859329d2f6ee45d98b33439c679d6531065d9b59e365ee218712,e334986b989bcd86,850,850
04,AVD-HJDH,AVD-19HJDH,01.jpg,Hisense/images-rebuild/2026-09-29/packets/04_AVD_HJDH/Hisense_images_rebuilt/AVD-HJDH/AVD-19HJDH/01.jpg,6df5149423b16ee25509883ac640edd3c20f403045a9c0575f0ca0adfa85718b,bee0c11f3ee0c50d,850,850
04,AVD-HJDH,AVD-19HJDH,05.jpg,Hisense/images-rebuild/2026-09-29/packets/04_AVD_HJDH/Hisense_images_rebuilt/AVD-HJDH/AVD-19HJDH/05.jpg,f960f0f1a38f1575ed7f1f0fbf5d7e2078bcf6d599abee4a1cffac442442a07c,bb91c46ec633389c,850,850
04,AVD-HJDH,AVD-19HJDH,04.jpg,Hisense/images-rebuild/2026-09-29/packets/04_AVD_HJDH/Hisense_images_rebuilt/AVD-HJDH/AVD-19HJDH/04.jpg,1237e5f4b139a85f735a422cf7ec7f224aa92cb9de9bb2777d4b86823940c746,b63ec0c18d1f1f38,850,850
04,AVD-HJDH,AVD-42HJDH,02.jpg,Hisense/images-rebuild/2026-09-29/packets/04_AVD_HJDH/Hisense_images_rebuilt/AVD-HJDH/AVD-42HJDH/02.jpg,833e8140e3d3f9f38a79a5a42f3746185144b4584be1911863268887000347e1,ec39688697c486e7,850,850
04,AVD-HJDH,AVD-42HJDH,06.jpg,Hisense/images-rebuild/2026-09-29/packets/04_AVD_HJDH/Hisense_images_rebuilt/AVD-HJDH/AVD-42HJDH/06.jpg,17e64dcc203bd25c6a0aaa91ab3eb47578e0cae52471a87fafef7f57cdcee703,bee0c11f3ae0e48d,850,850
04,AVD-HJDH,AVD-42HJDH,03.jpg,Hisense/images-rebuild/2026-09-29/packets/04_AVD_HJDH/Hisense_images_rebuilt/AVD-HJDH/AVD-42HJDH/03.jpg,047f09f590a8859329d2f6ee45d98b33439c679d6531065d9b59e365ee218712,e334986b989bcd86,850,850
04,AVD-HJDH,AVD-42HJDH,01.jpg,Hisense/images-rebuild/2026-09-29/packets/04_AVD_HJDH/Hisense_images_rebuilt/AVD-HJDH/AVD-42HJDH/01.jpg,6df5149423b16ee25509883ac640edd3c20f403045a9c0575f0ca0adfa85718b,bee0c11f3ee0c50d,850,850
04,AVD-HJDH,AVD-42HJDH,05.jpg,Hisense/images-rebuild/2026-09-29/packets/04_AVD_HJDH/Hisense_images_rebuilt/AVD-HJDH/AVD-42HJDH/05.jpg,f960f0f1a38f1575ed7f1f0fbf5d7e2078bcf6d599abee4a1cffac442442a07c,bb91c46ec633389c,850,850
04,AVD-HJDH,AVD-42HJDH,04.jpg,Hisense/images-rebuild/2026-09-29/packets/04_AVD_HJDH/Hisense_images_rebuilt/AVD-HJDH/AVD-42HJDH/04.jpg,1237e5f4b139a85f735a422cf7ec7f224aa92cb9de9bb2777d4b86823940c746,b63ec0c18d1f1f38,850,850
04,AVD-HJDH,AVD-12HJDH,02.jpg,Hisense/images-rebuild/2026-09-29/packets/04_AVD_HJDH/Hisense_images_rebuilt/AVD-HJDH/AVD-12HJDH/02.jpg,833e8140e3d3f9f38a79a5a42f3746185144b4584be1911863268887000347e1,ec39688697c486e7,850,850
04,AVD-HJDH,AVD-12HJDH,06.jpg,Hisense/images-rebuild/2026-09-29/packets/04_AVD_HJDH/Hisense_images_rebuilt/AVD-HJDH/AVD-12HJDH/06.jpg,17e64dcc203bd25c6a0aaa91ab3eb47578e0cae52471a87fafef7f57cdcee703,bee0c11f3ae0e48d,850,850
04,AVD-HJDH,AVD-12HJDH,03.jpg,Hisense/images-rebuild/2026-09-29/packets/04_AVD_HJDH/Hisense_images_rebuilt/AVD-HJDH/AVD-12HJDH/03.jpg,047f09f590a8859329d2f6ee45d98b33439c679d6531065d9b59e365ee218712,e334986b989bcd86,850,850
04,AVD-HJDH,AVD-12HJDH,01.jpg,Hisense/images-rebuild/2026-09-29/packets/04_AVD_HJDH/Hisense_images_rebuilt/AVD-HJDH/AVD-12HJDH/01.jpg,6df5149423b16ee25509883ac640edd3c20f403045a9c0575f0ca0adfa85718b,bee0c11f3ee0c50d,850,850
04,AVD-HJDH,AVD-12HJDH,05.jpg,Hisense/images-rebuild/2026-09-29/packets/04_AVD_HJDH/Hisense_images_rebuilt/AVD-HJDH/AVD-12HJDH/05.jpg,f960f0f1a38f1575ed7f1f0fbf5d7e2078bcf6d599abee4a1cffac442442a07c,bb91c46ec633389c,850,850
04,AVD-HJDH,AVD-12HJDH,04.jpg,Hisense/images-rebuild/2026-09-29/packets/04_AVD_HJDH/Hisense_images_rebuilt/AVD-HJDH/AVD-12HJDH/04.jpg,1237e5f4b139a85f735a422cf7ec7f224aa92cb9de9bb2777d4b86823940c746,b63ec0c18d1f1f38,850,850
04,AVD-HJDH,AVD-96HJDH,02.jpg,Hisense/images-rebuild/2026-09-29/packets/04_AVD_HJDH/Hisense_images_rebuilt/AVD-HJDH/AVD-96HJDH/02.jpg,833e8140e3d3f9f38a79a5a42f3746185144b4584be1911863268887000347e1,ec39688697c486e7,850,850
04,AVD-HJDH,AVD-96HJDH,06.jpg,Hisense/images-rebuild/2026-09-29/packets/04_AVD_HJDH/Hisense_images_rebuilt/AVD-HJDH/AVD-96HJDH/06.jpg,17e64dcc203bd25c6a0aaa91ab3eb47578e0cae52471a87fafef7f57cdcee703,bee0c11f3ae0e48d,850,850
04,AVD-HJDH,AVD-96HJDH,03.jpg,Hisense/images-rebuild/2026-09-29/packets/04_AVD_HJDH/Hisense_images_rebuilt/AVD-HJDH/AVD-96HJDH/03.jpg,047f09f590a8859329d2f6ee45d98b33439c679d6531065d9b59e365ee218712,e334986b989bcd86,850,850
04,AVD-HJDH,AVD-96HJDH,01.jpg,Hisense/images-rebuild/2026-09-29/packets/04_AVD_HJDH/Hisense_images_rebuilt/AVD-HJDH/AVD-96HJDH/01.jpg,6df5149423b16ee25509883ac640edd3c20f403045a9c0575f0ca0adfa85718b,bee0c11f3ee0c50d,850,850
04,AVD-HJDH,AVD-96HJDH,05.jpg,Hisense/images-rebuild/2026-09-29/packets/04_AVD_HJDH/Hisense_images_rebuilt/AVD-HJDH/AVD-96HJDH/05.jpg,f960f0f1a38f1575ed7f1f0fbf5d7e2078bcf6d599abee4a1cffac442442a07c,bb91c46ec633389c,850,850
04,AVD-HJDH,AVD-96HJDH,04.jpg,Hisense/images-rebuild/2026-09-29/packets/04_AVD_HJDH/Hisense_images_rebuilt/AVD-HJDH/AVD-96HJDH/04.jpg,1237e5f4b139a85f735a422cf7ec7f224aa92cb9de9bb2777d4b86823940c746,b63ec0c18d1f1f38,850,850
04,AVD-HJDH,AVD-15HJDH,02.jpg,Hisense/images-rebuild/2026-09-29/packets/04_AVD_HJDH/Hisense_images_rebuilt/AVD-HJDH/AVD-15HJDH/02.jpg,833e8140e3d3f9f38a79a5a42f3746185144b4584be1911863268887000347e1,ec39688697c486e7,850,850
04,AVD-HJDH,AVD-15HJDH,06.jpg,Hisense/images-rebuild/2026-09-29/packets/04_AVD_HJDH/Hisense_images_rebuilt/AVD-HJDH/AVD-15HJDH/06.jpg,17e64dcc203bd25c6a0aaa91ab3eb47578e0cae52471a87fafef7f57cdcee703,bee0c11f3ae0e48d,850,850
04,AVD-HJDH,AVD-15HJDH,03.jpg,Hisense/images-rebuild/2026-09-29/packets/04_AVD_HJDH/Hisense_images_rebuilt/AVD-HJDH/AVD-15HJDH/03.jpg,047f09f590a8859329d2f6ee45d98b33439c679d6531065d9b59e365ee218712,e334986b989bcd86,850,850
04,AVD-HJDH,AVD-15HJDH,01.jpg,Hisense/images-rebuild/2026-09-29/packets/04_AVD_HJDH/Hisense_images_rebuilt/AVD-HJDH/AVD-15HJDH/01.jpg,6df5149423b16ee25509883ac640edd3c20f403045a9c0575f0ca0adfa85718b,bee0c11f3ee0c50d,850,850
04,AVD-HJDH,AVD-15HJDH,05.jpg,Hisense/images-rebuild/2026-09-29/packets/04_AVD_HJDH/Hisense_images_rebuilt/AVD-HJDH/AVD-15HJDH/05.jpg,f960f0f1a38f1575ed7f1f0fbf5d7e2078bcf6d599abee4a1cffac442442a07c,bb91c46ec633389c,850,850
04,AVD-HJDH,AVD-15HJDH,04.jpg,Hisense/images-rebuild/2026-09-29/packets/04_AVD_HJDH/Hisense_images_rebuilt/AVD-HJDH/AVD-15HJDH/04.jpg,1237e5f4b139a85f735a422cf7ec7f224aa92cb9de9bb2777d4b86823940c746,b63ec0c18d1f1f38,850,850
04,AVD-HJDH,AVD-38HJDH,02.jpg,Hisense/images-rebuild/2026-09-29/packets/04_AVD_HJDH/Hisense_images_rebuilt/AVD-HJDH/AVD-38HJDH/02.jpg,833e8140e3d3f9f38a79a5a42f3746185144b4584be1911863268887000347e1,ec39688697c486e7,850,850
04,AVD-HJDH,AVD-38HJDH,06.jpg,Hisense/images-rebuild/2026-09-29/packets/04_AVD_HJDH/Hisense_images_rebuilt/AVD-HJDH/AVD-38HJDH/06.jpg,17e64dcc203bd25c6a0aaa91ab3eb47578e0cae52471a87fafef7f57cdcee703,bee0c11f3ae0e48d,850,850
04,AVD-HJDH,AVD-38HJDH,03.jpg,Hisense/images-rebuild/2026-09-29/packets/04_AVD_HJDH/Hisense_images_rebuilt/AVD-HJDH/AVD-38HJDH/03.jpg,047f09f590a8859329d2f6ee45d98b33439c679d6531065d9b59e365ee218712,e334986b989bcd86,850,850
04,AVD-HJDH,AVD-38HJDH,01.jpg,Hisense/images-rebuild/2026-09-29/packets/04_AVD_HJDH/Hisense_images_rebuilt/AVD-HJDH/AVD-38HJDH/01.jpg,6df5149423b16ee25509883ac640edd3c20f403045a9c0575f0ca0adfa85718b,bee0c11f3ee0c50d,850,850
04,AVD-HJDH,AVD-38HJDH,05.jpg,Hisense/images-rebuild/2026-09-29/packets/04_AVD_HJDH/Hisense_images_rebuilt/AVD-HJDH/AVD-38HJDH/05.jpg,f960f0f1a38f1575ed7f1f0fbf5d7e2078bcf6d599abee4a1cffac442442a07c,bb91c46ec633389c,850,850
04,AVD-HJDH,AVD-38HJDH,04.jpg,Hisense/images-rebuild/2026-09-29/packets/04_AVD_HJDH/Hisense_images_rebuilt/AVD-HJDH/AVD-38HJDH/04.jpg,1237e5f4b139a85f735a422cf7ec7f224aa92cb9de9bb2777d4b86823940c746,b63ec0c18d1f1f38,850,850
04,AVD-HJDH,AVD-30HJDH,02.jpg,Hisense/images-rebuild/2026-09-29/packets/04_AVD_HJDH/Hisense_images_rebuilt/AVD-HJDH/AVD-30HJDH/02.jpg,833e8140e3d3f9f38a79a5a42f3746185144b4584be1911863268887000347e1,ec39688697c486e7,850,850
04,AVD-HJDH,AVD-30HJDH,06.jpg,Hisense/images-rebuild/2026-09-29/packets/04_AVD_HJDH/Hisense_images_rebuilt/AVD-HJDH/AVD-30HJDH/06.jpg,17e64dcc203bd25c6a0aaa91ab3eb47578e0cae52471a87fafef7f57cdcee703,bee0c11f3ae0e48d,850,850
04,AVD-HJDH,AVD-30HJDH,03.jpg,Hisense/images-rebuild/2026-09-29/packets/04_AVD_HJDH/Hisense_images_rebuilt/AVD-HJDH/AVD-30HJDH/03.jpg,047f09f590a8859329d2f6ee45d98b33439c679d6531065d9b59e365ee218712,e334986b989bcd86,850,850
04,AVD-HJDH,AVD-30HJDH,01.jpg,Hisense/images-rebuild/2026-09-29/packets/04_AVD_HJDH/Hisense_images_rebuilt/AVD-HJDH/AVD-30HJDH/01.jpg,6df5149423b16ee25509883ac640edd3c20f403045a9c0575f0ca0adfa85718b,bee0c11f3ee0c50d,850,850
04,AVD-HJDH,AVD-30HJDH,05.jpg,Hisense/images-rebuild/2026-09-29/packets/04_AVD_HJDH/Hisense_images_rebuilt/AVD-HJDH/AVD-30HJDH/05.jpg,f960f0f1a38f1575ed7f1f0fbf5d7e2078bcf6d599abee4a1cffac442442a07c,bb91c46ec633389c,850,850
04,AVD-HJDH,AVD-30HJDH,04.jpg,Hisense/images-rebuild/2026-09-29/packets/04_AVD_HJDH/Hisense_images_rebuilt/AVD-HJDH/AVD-30HJDH/04.jpg,1237e5f4b139a85f735a422cf7ec7f224aa92cb9de9bb2777d4b86823940c746,b63ec0c18d1f1f38,850,850
04,AVD-HJDH,AVD-48HJDH,02.jpg,Hisense/images-rebuild/2026-09-29/packets/04_AVD_HJDH/Hisense_images_rebuilt/AVD-HJDH/AVD-48HJDH/02.jpg,833e8140e3d3f9f38a79a5a42f3746185144b4584be1911863268887000347e1,ec39688697c486e7,850,850
04,AVD-HJDH,AVD-48HJDH,06.jpg,Hisense/images-rebuild/2026-09-29/packets/04_AVD_HJDH/Hisense_images_rebuilt/AVD-HJDH/AVD-48HJDH/06.jpg,17e64dcc203bd25c6a0aaa91ab3eb47578e0cae52471a87fafef7f57cdcee703,bee0c11f3ae0e48d,850,850
04,AVD-HJDH,AVD-48HJDH,03.jpg,Hisense/images-rebuild/2026-09-29/packets/04_AVD_HJDH/Hisense_images_rebuilt/AVD-HJDH/AVD-48HJDH/03.jpg,047f09f590a8859329d2f6ee45d98b33439c679d6531065d9b59e365ee218712,e334986b989bcd86,850,850
04,AVD-HJDH,AVD-48HJDH,01.jpg,Hisense/images-rebuild/2026-09-29/packets/04_AVD_HJDH/Hisense_images_rebuilt/AVD-HJDH/AVD-48HJDH/01.jpg,6df5149423b16ee25509883ac640edd3c20f403045a9c0575f0ca0adfa85718b,bee0c11f3ee0c50d,850,850
04,AVD-HJDH,AVD-48HJDH,05.jpg,Hisense/images-rebuild/2026-09-29/packets/04_AVD_HJDH/Hisense_images_rebuilt/AVD-HJDH/AVD-48HJDH/05.jpg,f960f0f1a38f1575ed7f1f0fbf5d7e2078bcf6d599abee4a1cffac442442a07c,bb91c46ec633389c,850,850
04,AVD-HJDH,AVD-48HJDH,04.jpg,Hisense/images-rebuild/2026-09-29/packets/04_AVD_HJDH/Hisense_images_rebuilt/AVD-HJDH/AVD-48HJDH/04.jpg,1237e5f4b139a85f735a422cf7ec7f224aa92cb9de9bb2777d4b86823940c746,b63ec0c18d1f1f38,850,850
09,MACS,MACS-I-F130P2KU,01.jpg,Hisense/images-rebuild/2026-09-29/packets/09_MACS_F_W/Hisense_images_rebuilt/MACS/MACS-I-F130P2KU/01.jpg,2eabc4904c2140379b78962a50b9681b6dd0f72aec33f6f6cd2a503e49e652a0,bec0b56bc815e15a,850,850
09,MACS,MACS-I-W27P2K,02.jpg,Hisense/images-rebuild/2026-09-29/packets/09_MACS_F_W/Hisense_images_rebuilt/MACS/MACS-I-W27P2K/02.jpg,3f1a728e352c8646ddf41376df8bd9fc6f542a79a4dca45fda395159d5527150,bf85c06a2a953f2a,850,850
09,MACS,MACS-I-W27P2K,03.jpg,Hisense/images-rebuild/2026-09-29/packets/09_MACS_F_W/Hisense_images_rebuilt/MACS/MACS-I-W27P2K/03.jpg,9a5156d8119fb6289110b5a0abc5b467672894c704ec1de3085b203b2653519d,bf81c06a2ad13f2e,850,850
09,MACS,MACS-I-W27P2K,01.jpg,Hisense/images-rebuild/2026-09-29/packets/09_MACS_F_W/Hisense_images_rebuilt/MACS/MACS-I-W27P2K/01.jpg,69d4e1d87ae8cfc6ad09c89f00c2d263bdea1c78b784d8f97297a4d09380675f,ea94b56f92c06a96,850,850
09,MACS,MACS-I-W27P2K,05.jpg,Hisense/images-rebuild/2026-09-29/packets/09_MACS_F_W/Hisense_images_rebuilt/MACS/MACS-I-W27P2K/05.jpg,75bab318ca311309b34aad28b41768ac4cea0a5aa161616118a8e806029f6070,f895c56895ce6895,850,850
09,MACS,MACS-I-W27P2K,04.jpg,Hisense/images-rebuild/2026-09-29/packets/09_MACS_F_W/Hisense_images_rebuilt/MACS/MACS-I-W27P2K/04.jpg,c06ba8865fc016e2829754cce0af9a98db155a20b76e5399a9bb613b750966c4,afc0913fc09b3fc0,850,850
09,MACS,MACS-I-F110P2KU,01.jpg,Hisense/images-rebuild/2026-09-29/packets/09_MACS_F_W/Hisense_images_rebuilt/MACS/MACS-I-F110P2KU/01.jpg,2eabc4904c2140379b78962a50b9681b6dd0f72aec33f6f6cd2a503e49e652a0,bec0b56bc815e15a,850,850
09,MACS,MACS-I-F40P2KU,01.jpg,Hisense/images-rebuild/2026-09-29/packets/09_MACS_F_W/Hisense_images_rebuilt/MACS/MACS-I-F40P2KU/01.jpg,2eabc4904c2140379b78962a50b9681b6dd0f72aec33f6f6cd2a503e49e652a0,bec0b56bc815e15a,850,850
09,MACS,MACS-I-W45P2K,02.jpg,Hisense/images-rebuild/2026-09-29/packets/09_MACS_F_W/Hisense_images_rebuilt/MACS/MACS-I-W45P2K/02.jpg,3f1a728e352c8646ddf41376df8bd9fc6f542a79a4dca45fda395159d5527150,bf85c06a2a953f2a,850,850
09,MACS,MACS-I-W45P2K,03.jpg,Hisense/images-rebuild/2026-09-29/packets/09_MACS_F_W/Hisense_images_rebuilt/MACS/MACS-I-W45P2K/03.jpg,9a5156d8119fb6289110b5a0abc5b467672894c704ec1de3085b203b2653519d,bf81c06a2ad13f2e,850,850
09,MACS,MACS-I-W45P2K,01.jpg,Hisense/images-rebuild/2026-09-29/packets/09_MACS_F_W/Hisense_images_rebuilt/MACS/MACS-I-W45P2K/01.jpg,69d4e1d87ae8cfc6ad09c89f00c2d263bdea1c78b784d8f97297a4d09380675f,ea94b56f92c06a96,850,850
09,MACS,MACS-I-W45P2K,05.jpg,Hisense/images-rebuild/2026-09-29/packets/09_MACS_F_W/Hisense_images_rebuilt/MACS/MACS-I-W45P2K/05.jpg,75bab318ca311309b34aad28b41768ac4cea0a5aa161616118a8e806029f6070,f895c56895ce6895,850,850
09,MACS,MACS-I-W45P2K,04.jpg,Hisense/images-rebuild/2026-09-29/packets/09_MACS_F_W/Hisense_images_rebuilt/MACS/MACS-I-W45P2K/04.jpg,c06ba8865fc016e2829754cce0af9a98db155a20b76e5399a9bb613b750966c4,afc0913fc09b3fc0,850,850
09,MACS,MACS-I-F45P2KU,01.jpg,Hisense/images-rebuild/2026-09-29/packets/09_MACS_F_W/Hisense_images_rebuilt/MACS/MACS-I-F45P2KU/01.jpg,2eabc4904c2140379b78962a50b9681b6dd0f72aec33f6f6cd2a503e49e652a0,bec0b56bc815e15a,850,850
09,MACS,MACS-I-F30P2KU,01.jpg,Hisense/images-rebuild/2026-09-29/packets/09_MACS_F_W/Hisense_images_rebuilt/MACS/MACS-I-F30P2KU/01.jpg,2eabc4904c2140379b78962a50b9681b6dd0f72aec33f6f6cd2a503e49e652a0,bec0b56bc815e15a,850,850
09,MACS,MACS-I-W38P2K,02.jpg,Hisense/images-rebuild/2026-09-29/packets/09_MACS_F_W/Hisense_images_rebuilt/MACS/MACS-I-W38P2K/02.jpg,3f1a728e352c8646ddf41376df8bd9fc6f542a79a4dca45fda395159d5527150,bf85c06a2a953f2a,850,850
09,MACS,MACS-I-W38P2K,03.jpg,Hisense/images-rebuild/2026-09-29/packets/09_MACS_F_W/Hisense_images_rebuilt/MACS/MACS-I-W38P2K/03.jpg,9a5156d8119fb6289110b5a0abc5b467672894c704ec1de3085b203b2653519d,bf81c06a2ad13f2e,850,850
09,MACS,MACS-I-W38P2K,01.jpg,Hisense/images-rebuild/2026-09-29/packets/09_MACS_F_W/Hisense_images_rebuilt/MACS/MACS-I-W38P2K/01.jpg,69d4e1d87ae8cfc6ad09c89f00c2d263bdea1c78b784d8f97297a4d09380675f,ea94b56f92c06a96,850,850
09,MACS,MACS-I-W38P2K,05.jpg,Hisense/images-rebuild/2026-09-29/packets/09_MACS_F_W/Hisense_images_rebuilt/MACS/MACS-I-W38P2K/05.jpg,75bab318ca311309b34aad28b41768ac4cea0a5aa161616118a8e806029f6070,f895c56895ce6895,850,850
09,MACS,MACS-I-W38P2K,04.jpg,Hisense/images-rebuild/2026-09-29/packets/09_MACS_F_W/Hisense_images_rebuilt/MACS/MACS-I-W38P2K/04.jpg,c06ba8865fc016e2829754cce0af9a98db155a20b76e5399a9bb613b750966c4,afc0913fc09b3fc0,850,850
09,MACS,MACS-I-F56P2KU,01.jpg,Hisense/images-rebuild/2026-09-29/packets/09_MACS_F_W/Hisense_images_rebuilt/MACS/MACS-I-F56P2KU/01.jpg,2eabc4904c2140379b78962a50b9681b6dd0f72aec33f6f6cd2a503e49e652a0,bec0b56bc815e15a,850,850
09,MACS,MACS-I-F20P2KU,01.jpg,Hisense/images-rebuild/2026-09-29/packets/09_MACS_F_W/Hisense_images_rebuilt/MACS/MACS-I-F20P2KU/01.jpg,2eabc4904c2140379b78962a50b9681b6dd0f72aec33f6f6cd2a503e49e652a0,bec0b56bc815e15a,850,850
09,MACS,MACS-I-W29P2K,02.jpg,Hisense/images-rebuild/2026-09-29/packets/09_MACS_F_W/Hisense_images_rebuilt/MACS/MACS-I-W29P2K/02.jpg,3f1a728e352c8646ddf41376df8bd9fc6f542a79a4dca45fda395159d5527150,bf85c06a2a953f2a,850,850
09,MACS,MACS-I-W29P2K,03.jpg,Hisense/images-rebuild/2026-09-29/packets/09_MACS_F_W/Hisense_images_rebuilt/MACS/MACS-I-W29P2K/03.jpg,9a5156d8119fb6289110b5a0abc5b467672894c704ec1de3085b203b2653519d,bf81c06a2ad13f2e,850,850
09,MACS,MACS-I-W29P2K,01.jpg,Hisense/images-rebuild/2026-09-29/packets/09_MACS_F_W/Hisense_images_rebuilt/MACS/MACS-I-W29P2K/01.jpg,69d4e1d87ae8cfc6ad09c89f00c2d263bdea1c78b784d8f97297a4d09380675f,ea94b56f92c06a96,850,850
09,MACS,MACS-I-W29P2K,05.jpg,Hisense/images-rebuild/2026-09-29/packets/09_MACS_F_W/Hisense_images_rebuilt/MACS/MACS-I-W29P2K/05.jpg,75bab318ca311309b34aad28b41768ac4cea0a5aa161616118a8e806029f6070,f895c56895ce6895,850,850
09,MACS,MACS-I-W29P2K,04.jpg,Hisense/images-rebuild/2026-09-29/packets/09_MACS_F_W/Hisense_images_rebuilt/MACS/MACS-I-W29P2K/04.jpg,c06ba8865fc016e2829754cce0af9a98db155a20b76e5399a9bb613b750966c4,afc0913fc09b3fc0,850,850
09,MACS,MACS-I-F90P2KU,01.jpg,Hisense/images-rebuild/2026-09-29/packets/09_MACS_F_W/Hisense_images_rebuilt/MACS/MACS-I-F90P2KU/01.jpg,2eabc4904c2140379b78962a50b9681b6dd0f72aec33f6f6cd2a503e49e652a0,bec0b56bc815e15a,850,850
09,MACS,MACS-I-W54P2K,02.jpg,Hisense/images-rebuild/2026-09-29/packets/09_MACS_F_W/Hisense_images_rebuilt/MACS/MACS-I-W54P2K/02.jpg,3f1a728e352c8646ddf41376df8bd9fc6f542a79a4dca45fda395159d5527150,bf85c06a2a953f2a,850,850
09,MACS,MACS-I-W54P2K,03.jpg,Hisense/images-rebuild/2026-09-29/packets/09_MACS_F_W/Hisense_images_rebuilt/MACS/MACS-I-W54P2K/03.jpg,9a5156d8119fb6289110b5a0abc5b467672894c704ec1de3085b203b2653519d,bf81c06a2ad13f2e,850,850
09,MACS,MACS-I-W54P2K,01.jpg,Hisense/images-rebuild/2026-09-29/packets/09_MACS_F_W/Hisense_images_rebuilt/MACS/MACS-I-W54P2K/01.jpg,69d4e1d87ae8cfc6ad09c89f00c2d263bdea1c78b784d8f97297a4d09380675f,ea94b56f92c06a96,850,850
09,MACS,MACS-I-W54P2K,05.jpg,Hisense/images-rebuild/2026-09-29/packets/09_MACS_F_W/Hisense_images_rebuilt/MACS/MACS-I-W54P2K/05.jpg,75bab318ca311309b34aad28b41768ac4cea0a5aa161616118a8e806029f6070,f895c56895ce6895,850,850
09,MACS,MACS-I-W54P2K,04.jpg,Hisense/images-rebuild/2026-09-29/packets/09_MACS_F_W/Hisense_images_rebuilt/MACS/MACS-I-W54P2K/04.jpg,c06ba8865fc016e2829754cce0af9a98db155a20b76e5399a9bb613b750966c4,afc0913fc09b3fc0,850,850
09,MACS,MACS-I-F75P2KU,01.jpg,Hisense/images-rebuild/2026-09-29/packets/09_MACS_F_W/Hisense_images_rebuilt/MACS/MACS-I-F75P2KU/01.jpg,2eabc4904c2140379b78962a50b9681b6dd0f72aec33f6f6cd2a503e49e652a0,bec0b56bc815e15a,850,850
05,AVE-HJDDH,AVE-12HJDDH,02.jpg,Hisense/images-rebuild/2026-09-29/packets/05_AVD_HJFH_AVE/Hisense_images_rebuilt/AVE-HJDDH/AVE-12HJDDH/02.jpg,833e8140e3d3f9f38a79a5a42f3746185144b4584be1911863268887000347e1,ec39688697c486e7,850,850
05,AVE-HJDDH,AVE-12HJDDH,10.jpg,Hisense/images-rebuild/2026-09-29/packets/05_AVD_HJFH_AVE/Hisense_images_rebuilt/AVE-HJDDH/AVE-12HJDDH/10.jpg,bd7e048514c9eaaad1834f09c60c5da417d7cf5430b6bc09b4692d165540dad0,bba5c4583ba748f0,850,850
05,AVE-HJDDH,AVE-12HJDDH,08.jpg,Hisense/images-rebuild/2026-09-29/packets/05_AVD_HJFH_AVE/Hisense_images_rebuilt/AVE-HJDDH/AVE-12HJDDH/08.jpg,d2c3c0ea364a0548d909ebb64f67f3908381c4f5b85d544c6eca0c24eef9071e,ef4690996e4e3b12,850,850
05,AVE-HJDDH,AVE-12HJDDH,06.jpg,Hisense/images-rebuild/2026-09-29/packets/05_AVD_HJFH_AVE/Hisense_images_rebuilt/AVE-HJDDH/AVE-12HJDDH/06.jpg,0a54bd6887c68f66092d2e2f352dc99bf038bca7c85a7bdcab18e5cb53c23546,af4bd0b490cb2f2c,850,850
05,AVE-HJDDH,AVE-12HJDDH,03.jpg,Hisense/images-rebuild/2026-09-29/packets/05_AVD_HJFH_AVE/Hisense_images_rebuilt/AVE-HJDDH/AVE-12HJDDH/03.jpg,047f09f590a8859329d2f6ee45d98b33439c679d6531065d9b59e365ee218712,e334986b989bcd86,850,850
05,AVE-HJDDH,AVE-12HJDDH,07.jpg,Hisense/images-rebuild/2026-09-29/packets/05_AVD_HJFH_AVE/Hisense_images_rebuilt/AVE-HJDDH/AVE-12HJDDH/07.jpg,f4656e8c492bc5b78860a8d9b20c952a1c62232cdf76926e00f2f53a4287417e,e26a9c95356b6a8c,850,850
05,AVE-HJDDH,AVE-12HJDDH,11.jpg,Hisense/images-rebuild/2026-09-29/packets/05_AVD_HJFH_AVE/Hisense_images_rebuilt/AVE-HJDDH/AVE-12HJDDH/11.jpg,1ecaafd0640fd08aa783244262aecfc6928d8bb0a2bc769dbbe5713a4cc32bb5,aec4c11b3ae48d1f,850,850
05,AVE-HJDDH,AVE-12HJDDH,01.jpg,Hisense/images-rebuild/2026-09-29/packets/05_AVD_HJFH_AVE/Hisense_images_rebuilt/AVE-HJDDH/AVE-12HJDDH/01.jpg,cf12b8ad103fbb6f0b30f990959c213ed9461a642f9748238321e39b04420870,bfc0c01f3ee0851f,850,850
05,AVE-HJDDH,AVE-12HJDDH,09.jpg,Hisense/images-rebuild/2026-09-29/packets/05_AVD_HJFH_AVE/Hisense_images_rebuilt/AVE-HJDDH/AVE-12HJDDH/09.jpg,15cb0666be581378a93d57492b63bd2a51c1d2de2d74c2294351543c78a288e8,bfc0c01f3ee0851f,850,850
05,AVE-HJDDH,AVE-12HJDDH,05.jpg,Hisense/images-rebuild/2026-09-29/packets/05_AVD_HJFH_AVE/Hisense_images_rebuilt/AVE-HJDDH/AVE-12HJDDH/05.jpg,3dad5fb8e0aef110df51c052e2751a47f45752ac607cd4fd7e0dc6e38527460d,b32c98d1c42c379f,850,850
05,AVE-HJDDH,AVE-12HJDDH,12.jpg,Hisense/images-rebuild/2026-09-29/packets/05_AVD_HJFH_AVE/Hisense_images_rebuilt/AVE-HJDDH/AVE-12HJDDH/12.jpg,d515bf299adec882c430b050c5df7bfde5f398b9bbe7604a5fe24a596345198b,bf90c06e2f91c86e,850,850
05,AVE-HJDDH,AVE-12HJDDH,04.jpg,Hisense/images-rebuild/2026-09-29/packets/05_AVD_HJFH_AVE/Hisense_images_rebuilt/AVE-HJDDH/AVE-12HJDDH/04.jpg,42c4b23912911febf1793e6f9b889a43f7bc4490269465ce11dfb53ade38cfe3,bbc2c43d43c03b3b,850,850
05,AVE-HJDDH,AVE-07HJDDH,02.jpg,Hisense/images-rebuild/2026-09-29/packets/05_AVD_HJFH_AVE/Hisense_images_rebuilt/AVE-HJDDH/AVE-07HJDDH/02.jpg,833e8140e3d3f9f38a79a5a42f3746185144b4584be1911863268887000347e1,ec39688697c486e7,850,850
05,AVE-HJDDH,AVE-07HJDDH,10.jpg,Hisense/images-rebuild/2026-09-29/packets/05_AVD_HJFH_AVE/Hisense_images_rebuilt/AVE-HJDDH/AVE-07HJDDH/10.jpg,bd7e048514c9eaaad1834f09c60c5da417d7cf5430b6bc09b4692d165540dad0,bba5c4583ba748f0,850,850
05,AVE-HJDDH,AVE-07HJDDH,08.jpg,Hisense/images-rebuild/2026-09-29/packets/05_AVD_HJFH_AVE/Hisense_images_rebuilt/AVE-HJDDH/AVE-07HJDDH/08.jpg,d2c3c0ea364a0548d909ebb64f67f3908381c4f5b85d544c6eca0c24eef9071e,ef4690996e4e3b12,850,850
05,AVE-HJDDH,AVE-07HJDDH,06.jpg,Hisense/images-rebuild/2026-09-29/packets/05_AVD_HJFH_AVE/Hisense_images_rebuilt/AVE-HJDDH/AVE-07HJDDH/06.jpg,0a54bd6887c68f66092d2e2f352dc99bf038bca7c85a7bdcab18e5cb53c23546,af4bd0b490cb2f2c,850,850
05,AVE-HJDDH,AVE-07HJDDH,03.jpg,Hisense/images-rebuild/2026-09-29/packets/05_AVD_HJFH_AVE/Hisense_images_rebuilt/AVE-HJDDH/AVE-07HJDDH/03.jpg,047f09f590a8859329d2f6ee45d98b33439c679d6531065d9b59e365ee218712,e334986b989bcd86,850,850
05,AVE-HJDDH,AVE-07HJDDH,07.jpg,Hisense/images-rebuild/2026-09-29/packets/05_AVD_HJFH_AVE/Hisense_images_rebuilt/AVE-HJDDH/AVE-07HJDDH/07.jpg,f4656e8c492bc5b78860a8d9b20c952a1c62232cdf76926e00f2f53a4287417e,e26a9c95356b6a8c,850,850
05,AVE-HJDDH,AVE-07HJDDH,11.jpg,Hisense/images-rebuild/2026-09-29/packets/05_AVD_HJFH_AVE/Hisense_images_rebuilt/AVE-HJDDH/AVE-07HJDDH/11.jpg,1ecaafd0640fd08aa783244262aecfc6928d8bb0a2bc769dbbe5713a4cc32bb5,aec4c11b3ae48d1f,850,850
05,AVE-HJDDH,AVE-07HJDDH,01.jpg,Hisense/images-rebuild/2026-09-29/packets/05_AVD_HJFH_AVE/Hisense_images_rebuilt/AVE-HJDDH/AVE-07HJDDH/01.jpg,cf12b8ad103fbb6f0b30f990959c213ed9461a642f9748238321e39b04420870,bfc0c01f3ee0851f,850,850
05,AVE-HJDDH,AVE-07HJDDH,09.jpg,Hisense/images-rebuild/2026-09-29/packets/05_AVD_HJFH_AVE/Hisense_images_rebuilt/AVE-HJDDH/AVE-07HJDDH/09.jpg,15cb0666be581378a93d57492b63bd2a51c1d2de2d74c2294351543c78a288e8,bfc0c01f3ee0851f,850,850
05,AVE-HJDDH,AVE-07HJDDH,05.jpg,Hisense/images-rebuild/2026-09-29/packets/05_AVD_HJFH_AVE/Hisense_images_rebuilt/AVE-HJDDH/AVE-07HJDDH/05.jpg,3dad5fb8e0aef110df51c052e2751a47f45752ac607cd4fd7e0dc6e38527460d,b32c98d1c42c379f,850,850
05,AVE-HJDDH,AVE-07HJDDH,12.jpg,Hisense/images-rebuild/2026-09-29/packets/05_AVD_HJFH_AVE/Hisense_images_rebuilt/AVE-HJDDH/AVE-07HJDDH/12.jpg,d515bf299adec882c430b050c5df7bfde5f398b9bbe7604a5fe24a596345198b,bf90c06e2f91c86e,850,850
05,AVE-HJDDH,AVE-07HJDDH,04.jpg,Hisense/images-rebuild/2026-09-29/packets/05_AVD_HJFH_AVE/Hisense_images_rebuilt/AVE-HJDDH/AVE-07HJDDH/04.jpg,42c4b23912911febf1793e6f9b889a43f7bc4490269465ce11dfb53ade38cfe3,bbc2c43d43c03b3b,850,850
05,AVE-HJDDH,AVE-19HJDDH,02.jpg,Hisense/images-rebuild/2026-09-29/packets/05_AVD_HJFH_AVE/Hisense_images_rebuilt/AVE-HJDDH/AVE-19HJDDH/02.jpg,833e8140e3d3f9f38a79a5a42f3746185144b4584be1911863268887000347e1,ec39688697c486e7,850,850
05,AVE-HJDDH,AVE-19HJDDH,10.jpg,Hisense/images-rebuild/2026-09-29/packets/05_AVD_HJFH_AVE/Hisense_images_rebuilt/AVE-HJDDH/AVE-19HJDDH/10.jpg,bd7e048514c9eaaad1834f09c60c5da417d7cf5430b6bc09b4692d165540dad0,bba5c4583ba748f0,850,850
05,AVE-HJDDH,AVE-19HJDDH,08.jpg,Hisense/images-rebuild/2026-09-29/packets/05_AVD_HJFH_AVE/Hisense_images_rebuilt/AVE-HJDDH/AVE-19HJDDH/08.jpg,d2c3c0ea364a0548d909ebb64f67f3908381c4f5b85d544c6eca0c24eef9071e,ef4690996e4e3b12,850,850
05,AVE-HJDDH,AVE-19HJDDH,06.jpg,Hisense/images-rebuild/2026-09-29/packets/05_AVD_HJFH_AVE/Hisense_images_rebuilt/AVE-HJDDH/AVE-19HJDDH/06.jpg,0a54bd6887c68f66092d2e2f352dc99bf038bca7c85a7bdcab18e5cb53c23546,af4bd0b490cb2f2c,850,850
05,AVE-HJDDH,AVE-19HJDDH,03.jpg,Hisense/images-rebuild/2026-09-29/packets/05_AVD_HJFH_AVE/Hisense_images_rebuilt/AVE-HJDDH/AVE-19HJDDH/03.jpg,047f09f590a8859329d2f6ee45d98b33439c679d6531065d9b59e365ee218712,e334986b989bcd86,850,850
05,AVE-HJDDH,AVE-19HJDDH,07.jpg,Hisense/images-rebuild/2026-09-29/packets/05_AVD_HJFH_AVE/Hisense_images_rebuilt/AVE-HJDDH/AVE-19HJDDH/07.jpg,f4656e8c492bc5b78860a8d9b20c952a1c62232cdf76926e00f2f53a4287417e,e26a9c95356b6a8c,850,850
05,AVE-HJDDH,AVE-19HJDDH,11.jpg,Hisense/images-rebuild/2026-09-29/packets/05_AVD_HJFH_AVE/Hisense_images_rebuilt/AVE-HJDDH/AVE-19HJDDH/11.jpg,1ecaafd0640fd08aa783244262aecfc6928d8bb0a2bc769dbbe5713a4cc32bb5,aec4c11b3ae48d1f,850,850
05,AVE-HJDDH,AVE-19HJDDH,01.jpg,Hisense/images-rebuild/2026-09-29/packets/05_AVD_HJFH_AVE/Hisense_images_rebuilt/AVE-HJDDH/AVE-19HJDDH/01.jpg,cf12b8ad103fbb6f0b30f990959c213ed9461a642f9748238321e39b04420870,bfc0c01f3ee0851f,850,850
05,AVE-HJDDH,AVE-19HJDDH,09.jpg,Hisense/images-rebuild/2026-09-29/packets/05_AVD_HJFH_AVE/Hisense_images_rebuilt/AVE-HJDDH/AVE-19HJDDH/09.jpg,15cb0666be581378a93d57492b63bd2a51c1d2de2d74c2294351543c78a288e8,bfc0c01f3ee0851f,850,850
05,AVE-HJDDH,AVE-19HJDDH,05.jpg,Hisense/images-rebuild/2026-09-29/packets/05_AVD_HJFH_AVE/Hisense_images_rebuilt/AVE-HJDDH/AVE-19HJDDH/05.jpg,3dad5fb8e0aef110df51c052e2751a47f45752ac607cd4fd7e0dc6e38527460d,b32c98d1c42c379f,850,850
05,AVE-HJDDH,AVE-19HJDDH,12.jpg,Hisense/images-rebuild/2026-09-29/packets/05_AVD_HJFH_AVE/Hisense_images_rebuilt/AVE-HJDDH/AVE-19HJDDH/12.jpg,d515bf299adec882c430b050c5df7bfde5f398b9bbe7604a5fe24a596345198b,bf90c06e2f91c86e,850,850
05,AVE-HJDDH,AVE-19HJDDH,04.jpg,Hisense/images-rebuild/2026-09-29/packets/05_AVD_HJFH_AVE/Hisense_images_rebuilt/AVE-HJDDH/AVE-19HJDDH/04.jpg,42c4b23912911febf1793e6f9b889a43f7bc4490269465ce11dfb53ade38cfe3,bbc2c43d43c03b3b,850,850
05,AVE-HJDDH,AVE-09HJDDH,02.jpg,Hisense/images-rebuild/2026-09-29/packets/05_AVD_HJFH_AVE/Hisense_images_rebuilt/AVE-HJDDH/AVE-09HJDDH/02.jpg,833e8140e3d3f9f38a79a5a42f3746185144b4584be1911863268887000347e1,ec39688697c486e7,850,850
05,AVE-HJDDH,AVE-09HJDDH,10.jpg,Hisense/images-rebuild/2026-09-29/packets/05_AVD_HJFH_AVE/Hisense_images_rebuilt/AVE-HJDDH/AVE-09HJDDH/10.jpg,bd7e048514c9eaaad1834f09c60c5da417d7cf5430b6bc09b4692d165540dad0,bba5c4583ba748f0,850,850
05,AVE-HJDDH,AVE-09HJDDH,08.jpg,Hisense/images-rebuild/2026-09-29/packets/05_AVD_HJFH_AVE/Hisense_images_rebuilt/AVE-HJDDH/AVE-09HJDDH/08.jpg,d2c3c0ea364a0548d909ebb64f67f3908381c4f5b85d544c6eca0c24eef9071e,ef4690996e4e3b12,850,850
05,AVE-HJDDH,AVE-09HJDDH,06.jpg,Hisense/images-rebuild/2026-09-29/packets/05_AVD_HJFH_AVE/Hisense_images_rebuilt/AVE-HJDDH/AVE-09HJDDH/06.jpg,0a54bd6887c68f66092d2e2f352dc99bf038bca7c85a7bdcab18e5cb53c23546,af4bd0b490cb2f2c,850,850
05,AVE-HJDDH,AVE-09HJDDH,03.jpg,Hisense/images-rebuild/2026-09-29/packets/05_AVD_HJFH_AVE/Hisense_images_rebuilt/AVE-HJDDH/AVE-09HJDDH/03.jpg,047f09f590a8859329d2f6ee45d98b33439c679d6531065d9b59e365ee218712,e334986b989bcd86,850,850
05,AVE-HJDDH,AVE-09HJDDH,07.jpg,Hisense/images-rebuild/2026-09-29/packets/05_AVD_HJFH_AVE/Hisense_images_rebuilt/AVE-HJDDH/AVE-09HJDDH/07.jpg,f4656e8c492bc5b78860a8d9b20c952a1c62232cdf76926e00f2f53a4287417e,e26a9c95356b6a8c,850,850
05,AVE-HJDDH,AVE-09HJDDH,11.jpg,Hisense/images-rebuild/2026-09-29/packets/05_AVD_HJFH_AVE/Hisense_images_rebuilt/AVE-HJDDH/AVE-09HJDDH/11.jpg,1ecaafd0640fd08aa783244262aecfc6928d8bb0a2bc769dbbe5713a4cc32bb5,aec4c11b3ae48d1f,850,850
05,AVE-HJDDH,AVE-09HJDDH,01.jpg,Hisense/images-rebuild/2026-09-29/packets/05_AVD_HJFH_AVE/Hisense_images_rebuilt/AVE-HJDDH/AVE-09HJDDH/01.jpg,cf12b8ad103fbb6f0b30f990959c213ed9461a642f9748238321e39b04420870,bfc0c01f3ee0851f,850,850
05,AVE-HJDDH,AVE-09HJDDH,09.jpg,Hisense/images-rebuild/2026-09-29/packets/05_AVD_HJFH_AVE/Hisense_images_rebuilt/AVE-HJDDH/AVE-09HJDDH/09.jpg,15cb0666be581378a93d57492b63bd2a51c1d2de2d74c2294351543c78a288e8,bfc0c01f3ee0851f,850,850
05,AVE-HJDDH,AVE-09HJDDH,05.jpg,Hisense/images-rebuild/2026-09-29/packets/05_AVD_HJFH_AVE/Hisense_images_rebuilt/AVE-HJDDH/AVE-09HJDDH/05.jpg,3dad5fb8e0aef110df51c052e2751a47f45752ac607cd4fd7e0dc6e38527460d,b32c98d1c42c379f,850,850
05,AVE-HJDDH,AVE-09HJDDH,12.jpg,Hisense/images-rebuild/2026-09-29/packets/05_AVD_HJFH_AVE/Hisense_images_rebuilt/AVE-HJDDH/AVE-09HJDDH/12.jpg,d515bf299adec882c430b050c5df7bfde5f398b9bbe7604a5fe24a596345198b,bf90c06e2f91c86e,850,850
05,AVE-HJDDH,AVE-09HJDDH,04.jpg,Hisense/images-rebuild/2026-09-29/packets/05_AVD_HJFH_AVE/Hisense_images_rebuilt/AVE-HJDDH/AVE-09HJDDH/04.jpg,42c4b23912911febf1793e6f9b889a43f7bc4490269465ce11dfb53ade38cfe3,bbc2c43d43c03b3b,850,850
05,AVE-HJDDH,AVE-05HJDDH,02.jpg,Hisense/images-rebuild/2026-09-29/packets/05_AVD_HJFH_AVE/Hisense_images_rebuilt/AVE-HJDDH/AVE-05HJDDH/02.jpg,833e8140e3d3f9f38a79a5a42f3746185144b4584be1911863268887000347e1,ec39688697c486e7,850,850
05,AVE-HJDDH,AVE-05HJDDH,10.jpg,Hisense/images-rebuild/2026-09-29/packets/05_AVD_HJFH_AVE/Hisense_images_rebuilt/AVE-HJDDH/AVE-05HJDDH/10.jpg,bd7e048514c9eaaad1834f09c60c5da417d7cf5430b6bc09b4692d165540dad0,bba5c4583ba748f0,850,850
05,AVE-HJDDH,AVE-05HJDDH,08.jpg,Hisense/images-rebuild/2026-09-29/packets/05_AVD_HJFH_AVE/Hisense_images_rebuilt/AVE-HJDDH/AVE-05HJDDH/08.jpg,d2c3c0ea364a0548d909ebb64f67f3908381c4f5b85d544c6eca0c24eef9071e,ef4690996e4e3b12,850,850
05,AVE-HJDDH,AVE-05HJDDH,06.jpg,Hisense/images-rebuild/2026-09-29/packets/05_AVD_HJFH_AVE/Hisense_images_rebuilt/AVE-HJDDH/AVE-05HJDDH/06.jpg,0a54bd6887c68f66092d2e2f352dc99bf038bca7c85a7bdcab18e5cb53c23546,af4bd0b490cb2f2c,850,850
05,AVE-HJDDH,AVE-05HJDDH,03.jpg,Hisense/images-rebuild/2026-09-29/packets/05_AVD_HJFH_AVE/Hisense_images_rebuilt/AVE-HJDDH/AVE-05HJDDH/03.jpg,047f09f590a8859329d2f6ee45d98b33439c679d6531065d9b59e365ee218712,e334986b989bcd86,850,850
05,AVE-HJDDH,AVE-05HJDDH,07.jpg,Hisense/images-rebuild/2026-09-29/packets/05_AVD_HJFH_AVE/Hisense_images_rebuilt/AVE-HJDDH/AVE-05HJDDH/07.jpg,f4656e8c492bc5b78860a8d9b20c952a1c62232cdf76926e00f2f53a4287417e,e26a9c95356b6a8c,850,850
05,AVE-HJDDH,AVE-05HJDDH,11.jpg,Hisense/images-rebuild/2026-09-29/packets/05_AVD_HJFH_AVE/Hisense_images_rebuilt/AVE-HJDDH/AVE-05HJDDH/11.jpg,1ecaafd0640fd08aa783244262aecfc6928d8bb0a2bc769dbbe5713a4cc32bb5,aec4c11b3ae48d1f,850,850
05,AVE-HJDDH,AVE-05HJDDH,01.jpg,Hisense/images-rebuild/2026-09-29/packets/05_AVD_HJFH_AVE/Hisense_images_rebuilt/AVE-HJDDH/AVE-05HJDDH/01.jpg,cf12b8ad103fbb6f0b30f990959c213ed9461a642f9748238321e39b04420870,bfc0c01f3ee0851f,850,850
05,AVE-HJDDH,AVE-05HJDDH,09.jpg,Hisense/images-rebuild/2026-09-29/packets/05_AVD_HJFH_AVE/Hisense_images_rebuilt/AVE-HJDDH/AVE-05HJDDH/09.jpg,15cb0666be581378a93d57492b63bd2a51c1d2de2d74c2294351543c78a288e8,bfc0c01f3ee0851f,850,850
05,AVE-HJDDH,AVE-05HJDDH,05.jpg,Hisense/images-rebuild/2026-09-29/packets/05_AVD_HJFH_AVE/Hisense_images_rebuilt/AVE-HJDDH/AVE-05HJDDH/05.jpg,3dad5fb8e0aef110df51c052e2751a47f45752ac607cd4fd7e0dc6e38527460d,b32c98d1c42c379f,850,850
05,AVE-HJDDH,AVE-05HJDDH,12.jpg,Hisense/images-rebuild/2026-09-29/packets/05_AVD_HJFH_AVE/Hisense_images_rebuilt/AVE-HJDDH/AVE-05HJDDH/12.jpg,d515bf299adec882c430b050c5df7bfde5f398b9bbe7604a5fe24a596345198b,bf90c06e2f91c86e,850,850
05,AVE-HJDDH,AVE-05HJDDH,04.jpg,Hisense/images-rebuild/2026-09-29/packets/05_AVD_HJFH_AVE/Hisense_images_rebuilt/AVE-HJDDH/AVE-05HJDDH/04.jpg,42c4b23912911febf1793e6f9b889a43f7bc4490269465ce11dfb53ade38cfe3,bbc2c43d43c03b3b,850,850
05,AVE-HJDDH,AVE-24HJDDH,02.jpg,Hisense/images-rebuild/2026-09-29/packets/05_AVD_HJFH_AVE/Hisense_images_rebuilt/AVE-HJDDH/AVE-24HJDDH/02.jpg,833e8140e3d3f9f38a79a5a42f3746185144b4584be1911863268887000347e1,ec39688697c486e7,850,850
05,AVE-HJDDH,AVE-24HJDDH,10.jpg,Hisense/images-rebuild/2026-09-29/packets/05_AVD_HJFH_AVE/Hisense_images_rebuilt/AVE-HJDDH/AVE-24HJDDH/10.jpg,bd7e048514c9eaaad1834f09c60c5da417d7cf5430b6bc09b4692d165540dad0,bba5c4583ba748f0,850,850
05,AVE-HJDDH,AVE-24HJDDH,08.jpg,Hisense/images-rebuild/2026-09-29/packets/05_AVD_HJFH_AVE/Hisense_images_rebuilt/AVE-HJDDH/AVE-24HJDDH/08.jpg,d2c3c0ea364a0548d909ebb64f67f3908381c4f5b85d544c6eca0c24eef9071e,ef4690996e4e3b12,850,850
05,AVE-HJDDH,AVE-24HJDDH,06.jpg,Hisense/images-rebuild/2026-09-29/packets/05_AVD_HJFH_AVE/Hisense_images_rebuilt/AVE-HJDDH/AVE-24HJDDH/06.jpg,0a54bd6887c68f66092d2e2f352dc99bf038bca7c85a7bdcab18e5cb53c23546,af4bd0b490cb2f2c,850,850
05,AVE-HJDDH,AVE-24HJDDH,03.jpg,Hisense/images-rebuild/2026-09-29/packets/05_AVD_HJFH_AVE/Hisense_images_rebuilt/AVE-HJDDH/AVE-24HJDDH/03.jpg,047f09f590a8859329d2f6ee45d98b33439c679d6531065d9b59e365ee218712,e334986b989bcd86,850,850
05,AVE-HJDDH,AVE-24HJDDH,07.jpg,Hisense/images-rebuild/2026-09-29/packets/05_AVD_HJFH_AVE/Hisense_images_rebuilt/AVE-HJDDH/AVE-24HJDDH/07.jpg,f4656e8c492bc5b78860a8d9b20c952a1c62232cdf76926e00f2f53a4287417e,e26a9c95356b6a8c,850,850
05,AVE-HJDDH,AVE-24HJDDH,11.jpg,Hisense/images-rebuild/2026-09-29/packets/05_AVD_HJFH_AVE/Hisense_images_rebuilt/AVE-HJDDH/AVE-24HJDDH/11.jpg,1ecaafd0640fd08aa783244262aecfc6928d8bb0a2bc769dbbe5713a4cc32bb5,aec4c11b3ae48d1f,850,850
05,AVE-HJDDH,AVE-24HJDDH,01.jpg,Hisense/images-rebuild/2026-09-29/packets/05_AVD_HJFH_AVE/Hisense_images_rebuilt/AVE-HJDDH/AVE-24HJDDH/01.jpg,cf12b8ad103fbb6f0b30f990959c213ed9461a642f9748238321e39b04420870,bfc0c01f3ee0851f,850,850
05,AVE-HJDDH,AVE-24HJDDH,09.jpg,Hisense/images-rebuild/2026-09-29/packets/05_AVD_HJFH_AVE/Hisense_images_rebuilt/AVE-HJDDH/AVE-24HJDDH/09.jpg,15cb0666be581378a93d57492b63bd2a51c1d2de2d74c2294351543c78a288e8,bfc0c01f3ee0851f,850,850
05,AVE-HJDDH,AVE-24HJDDH,05.jpg,Hisense/images-rebuild/2026-09-29/packets/05_AVD_HJFH_AVE/Hisense_images_rebuilt/AVE-HJDDH/AVE-24HJDDH/05.jpg,3dad5fb8e0aef110df51c052e2751a47f45752ac607cd4fd7e0dc6e38527460d,b32c98d1c42c379f,850,850
05,AVE-HJDDH,AVE-24HJDDH,12.jpg,Hisense/images-rebuild/2026-09-29/packets/05_AVD_HJFH_AVE/Hisense_images_rebuilt/AVE-HJDDH/AVE-24HJDDH/12.jpg,d515bf299adec882c430b050c5df7bfde5f398b9bbe7604a5fe24a596345198b,bf90c06e2f91c86e,850,850
05,AVE-HJDDH,AVE-24HJDDH,04.jpg,Hisense/images-rebuild/2026-09-29/packets/05_AVD_HJFH_AVE/Hisense_images_rebuilt/AVE-HJDDH/AVE-24HJDDH/04.jpg,42c4b23912911febf1793e6f9b889a43f7bc4490269465ce11dfb53ade38cfe3,bbc2c43d43c03b3b,850,850
05,AVE-HJDDH,AVE-15HJDDH,02.jpg,Hisense/images-rebuild/2026-09-29/packets/05_AVD_HJFH_AVE/Hisense_images_rebuilt/AVE-HJDDH/AVE-15HJDDH/02.jpg,833e8140e3d3f9f38a79a5a42f3746185144b4584be1911863268887000347e1,ec39688697c486e7,850,850
05,AVE-HJDDH,AVE-15HJDDH,10.jpg,Hisense/images-rebuild/2026-09-29/packets/05_AVD_HJFH_AVE/Hisense_images_rebuilt/AVE-HJDDH/AVE-15HJDDH/10.jpg,bd7e048514c9eaaad1834f09c60c5da417d7cf5430b6bc09b4692d165540dad0,bba5c4583ba748f0,850,850
05,AVE-HJDDH,AVE-15HJDDH,08.jpg,Hisense/images-rebuild/2026-09-29/packets/05_AVD_HJFH_AVE/Hisense_images_rebuilt/AVE-HJDDH/AVE-15HJDDH/08.jpg,d2c3c0ea364a0548d909ebb64f67f3908381c4f5b85d544c6eca0c24eef9071e,ef4690996e4e3b12,850,850
05,AVE-HJDDH,AVE-15HJDDH,06.jpg,Hisense/images-rebuild/2026-09-29/packets/05_AVD_HJFH_AVE/Hisense_images_rebuilt/AVE-HJDDH/AVE-15HJDDH/06.jpg,0a54bd6887c68f66092d2e2f352dc99bf038bca7c85a7bdcab18e5cb53c23546,af4bd0b490cb2f2c,850,850
05,AVE-HJDDH,AVE-15HJDDH,03.jpg,Hisense/images-rebuild/2026-09-29/packets/05_AVD_HJFH_AVE/Hisense_images_rebuilt/AVE-HJDDH/AVE-15HJDDH/03.jpg,047f09f590a8859329d2f6ee45d98b33439c679d6531065d9b59e365ee218712,e334986b989bcd86,850,850
05,AVE-HJDDH,AVE-15HJDDH,07.jpg,Hisense/images-rebuild/2026-09-29/packets/05_AVD_HJFH_AVE/Hisense_images_rebuilt/AVE-HJDDH/AVE-15HJDDH/07.jpg,f4656e8c492bc5b78860a8d9b20c952a1c62232cdf76926e00f2f53a4287417e,e26a9c95356b6a8c,850,850
05,AVE-HJDDH,AVE-15HJDDH,11.jpg,Hisense/images-rebuild/2026-09-29/packets/05_AVD_HJFH_AVE/Hisense_images_rebuilt/AVE-HJDDH/AVE-15HJDDH/11.jpg,1ecaafd0640fd08aa783244262aecfc6928d8bb0a2bc769dbbe5713a4cc32bb5,aec4c11b3ae48d1f,850,850
05,AVE-HJDDH,AVE-15HJDDH,01.jpg,Hisense/images-rebuild/2026-09-29/packets/05_AVD_HJFH_AVE/Hisense_images_rebuilt/AVE-HJDDH/AVE-15HJDDH/01.jpg,cf12b8ad103fbb6f0b30f990959c213ed9461a642f9748238321e39b04420870,bfc0c01f3ee0851f,850,850
05,AVE-HJDDH,AVE-15HJDDH,09.jpg,Hisense/images-rebuild/2026-09-29/packets/05_AVD_HJFH_AVE/Hisense_images_rebuilt/AVE-HJDDH/AVE-15HJDDH/09.jpg,15cb0666be581378a93d57492b63bd2a51c1d2de2d74c2294351543c78a288e8,bfc0c01f3ee0851f,850,850
05,AVE-HJDDH,AVE-15HJDDH,05.jpg,Hisense/images-rebuild/2026-09-29/packets/05_AVD_HJFH_AVE/Hisense_images_rebuilt/AVE-HJDDH/AVE-15HJDDH/05.jpg,3dad5fb8e0aef110df51c052e2751a47f45752ac607cd4fd7e0dc6e38527460d,b32c98d1c42c379f,850,850
05,AVE-HJDDH,AVE-15HJDDH,12.jpg,Hisense/images-rebuild/2026-09-29/packets/05_AVD_HJFH_AVE/Hisense_images_rebuilt/AVE-HJDDH/AVE-15HJDDH/12.jpg,d515bf299adec882c430b050c5df7bfde5f398b9bbe7604a5fe24a596345198b,bf90c06e2f91c86e,850,850
05,AVE-HJDDH,AVE-15HJDDH,04.jpg,Hisense/images-rebuild/2026-09-29/packets/05_AVD_HJFH_AVE/Hisense_images_rebuilt/AVE-HJDDH/AVE-15HJDDH/04.jpg,42c4b23912911febf1793e6f9b889a43f7bc4490269465ce11dfb53ade38cfe3,bbc2c43d43c03b3b,850,850
05,AVD-HJFH,AVD-12HJFH,02.jpg,Hisense/images-rebuild/2026-09-29/packets/05_AVD_HJFH_AVE/Hisense_images_rebuilt/AVD-HJFH/AVD-12HJFH/02.jpg,047f09f590a8859329d2f6ee45d98b33439c679d6531065d9b59e365ee218712,e334986b989bcd86,850,850
05,AVD-HJFH,AVD-12HJFH,06.jpg,Hisense/images-rebuild/2026-09-29/packets/05_AVD_HJFH_AVE/Hisense_images_rebuilt/AVD-HJFH/AVD-12HJFH/06.jpg,130da847ad4fa3319d6c3bd4f17f64f7e22e5d423451a06ec2e2d1170d7efc60,bb85c06a62853f7a,850,850
05,AVD-HJFH,AVD-12HJFH,03.jpg,Hisense/images-rebuild/2026-09-29/packets/05_AVD_HJFH_AVE/Hisense_images_rebuilt/AVD-HJFH/AVD-12HJFH/03.jpg,23ad4a40ab2241de5aea6c5fe9d6039fca0f2d738b023f4d5cf60f9b2e3abdc4,bce4c31b3ce4c41d,850,850
05,AVD-HJFH,AVD-12HJFH,07.jpg,Hisense/images-rebuild/2026-09-29/packets/05_AVD_HJFH_AVE/Hisense_images_rebuilt/AVD-HJFH/AVD-12HJFH/07.jpg,747f32a8d9b91ab0e3729446cd2269a3608511e990b9cf2112d01e16a7717f83,fb84843a7bc42d9a,850,850
05,AVD-HJFH,AVD-12HJFH,01.jpg,Hisense/images-rebuild/2026-09-29/packets/05_AVD_HJFH_AVE/Hisense_images_rebuilt/AVD-HJFH/AVD-12HJFH/01.jpg,833e8140e3d3f9f38a79a5a42f3746185144b4584be1911863268887000347e1,ec39688697c486e7,850,850
05,AVD-HJFH,AVD-12HJFH,05.jpg,Hisense/images-rebuild/2026-09-29/packets/05_AVD_HJFH_AVE/Hisense_images_rebuilt/AVD-HJFH/AVD-12HJFH/05.jpg,fe34581a336a21723511d53ce963448dff58d7fae094641a360c5fd8f0a4228d,e334996b90dbcc86,850,850
05,AVD-HJFH,AVD-12HJFH,04.jpg,Hisense/images-rebuild/2026-09-29/packets/05_AVD_HJFH_AVE/Hisense_images_rebuilt/AVD-HJFH/AVD-12HJFH/04.jpg,a0077ec8a7d8984c58e3754ca14961e6fa2b23c5e66a1d6cc516cfdf47817b53,bee0c11f3ae0c58d,850,850
05,AVD-HJFH,AVD-15HJFH,02.jpg,Hisense/images-rebuild/2026-09-29/packets/05_AVD_HJFH_AVE/Hisense_images_rebuilt/AVD-HJFH/AVD-15HJFH/02.jpg,047f09f590a8859329d2f6ee45d98b33439c679d6531065d9b59e365ee218712,e334986b989bcd86,850,850
05,AVD-HJFH,AVD-15HJFH,06.jpg,Hisense/images-rebuild/2026-09-29/packets/05_AVD_HJFH_AVE/Hisense_images_rebuilt/AVD-HJFH/AVD-15HJFH/06.jpg,130da847ad4fa3319d6c3bd4f17f64f7e22e5d423451a06ec2e2d1170d7efc60,bb85c06a62853f7a,850,850
05,AVD-HJFH,AVD-15HJFH,03.jpg,Hisense/images-rebuild/2026-09-29/packets/05_AVD_HJFH_AVE/Hisense_images_rebuilt/AVD-HJFH/AVD-15HJFH/03.jpg,23ad4a40ab2241de5aea6c5fe9d6039fca0f2d738b023f4d5cf60f9b2e3abdc4,bce4c31b3ce4c41d,850,850
05,AVD-HJFH,AVD-15HJFH,07.jpg,Hisense/images-rebuild/2026-09-29/packets/05_AVD_HJFH_AVE/Hisense_images_rebuilt/AVD-HJFH/AVD-15HJFH/07.jpg,747f32a8d9b91ab0e3729446cd2269a3608511e990b9cf2112d01e16a7717f83,fb84843a7bc42d9a,850,850
05,AVD-HJFH,AVD-15HJFH,01.jpg,Hisense/images-rebuild/2026-09-29/packets/05_AVD_HJFH_AVE/Hisense_images_rebuilt/AVD-HJFH/AVD-15HJFH/01.jpg,833e8140e3d3f9f38a79a5a42f3746185144b4584be1911863268887000347e1,ec39688697c486e7,850,850
05,AVD-HJFH,AVD-15HJFH,05.jpg,Hisense/images-rebuild/2026-09-29/packets/05_AVD_HJFH_AVE/Hisense_images_rebuilt/AVD-HJFH/AVD-15HJFH/05.jpg,fe34581a336a21723511d53ce963448dff58d7fae094641a360c5fd8f0a4228d,e334996b90dbcc86,850,850
05,AVD-HJFH,AVD-15HJFH,04.jpg,Hisense/images-rebuild/2026-09-29/packets/05_AVD_HJFH_AVE/Hisense_images_rebuilt/AVD-HJFH/AVD-15HJFH/04.jpg,a0077ec8a7d8984c58e3754ca14961e6fa2b23c5e66a1d6cc516cfdf47817b53,bee0c11f3ae0c58d,850,850
05,AVD-HJFH,AVD-07HJFH,02.jpg,Hisense/images-rebuild/2026-09-29/packets/05_AVD_HJFH_AVE/Hisense_images_rebuilt/AVD-HJFH/AVD-07HJFH/02.jpg,047f09f590a8859329d2f6ee45d98b33439c679d6531065d9b59e365ee218712,e334986b989bcd86,850,850
05,AVD-HJFH,AVD-07HJFH,06.jpg,Hisense/images-rebuild/2026-09-29/packets/05_AVD_HJFH_AVE/Hisense_images_rebuilt/AVD-HJFH/AVD-07HJFH/06.jpg,130da847ad4fa3319d6c3bd4f17f64f7e22e5d423451a06ec2e2d1170d7efc60,bb85c06a62853f7a,850,850
05,AVD-HJFH,AVD-07HJFH,03.jpg,Hisense/images-rebuild/2026-09-29/packets/05_AVD_HJFH_AVE/Hisense_images_rebuilt/AVD-HJFH/AVD-07HJFH/03.jpg,23ad4a40ab2241de5aea6c5fe9d6039fca0f2d738b023f4d5cf60f9b2e3abdc4,bce4c31b3ce4c41d,850,850
05,AVD-HJFH,AVD-07HJFH,07.jpg,Hisense/images-rebuild/2026-09-29/packets/05_AVD_HJFH_AVE/Hisense_images_rebuilt/AVD-HJFH/AVD-07HJFH/07.jpg,747f32a8d9b91ab0e3729446cd2269a3608511e990b9cf2112d01e16a7717f83,fb84843a7bc42d9a,850,850
05,AVD-HJFH,AVD-07HJFH,01.jpg,Hisense/images-rebuild/2026-09-29/packets/05_AVD_HJFH_AVE/Hisense_images_rebuilt/AVD-HJFH/AVD-07HJFH/01.jpg,833e8140e3d3f9f38a79a5a42f3746185144b4584be1911863268887000347e1,ec39688697c486e7,850,850
05,AVD-HJFH,AVD-07HJFH,05.jpg,Hisense/images-rebuild/2026-09-29/packets/05_AVD_HJFH_AVE/Hisense_images_rebuilt/AVD-HJFH/AVD-07HJFH/05.jpg,fe34581a336a21723511d53ce963448dff58d7fae094641a360c5fd8f0a4228d,e334996b90dbcc86,850,850
05,AVD-HJFH,AVD-07HJFH,04.jpg,Hisense/images-rebuild/2026-09-29/packets/05_AVD_HJFH_AVE/Hisense_images_rebuilt/AVD-HJFH/AVD-07HJFH/04.jpg,a0077ec8a7d8984c58e3754ca14961e6fa2b23c5e66a1d6cc516cfdf47817b53,bee0c11f3ae0c58d,850,850
05,AVD-HJFH,AVD-09HJFH,02.jpg,Hisense/images-rebuild/2026-09-29/packets/05_AVD_HJFH_AVE/Hisense_images_rebuilt/AVD-HJFH/AVD-09HJFH/02.jpg,047f09f590a8859329d2f6ee45d98b33439c679d6531065d9b59e365ee218712,e334986b989bcd86,850,850
05,AVD-HJFH,AVD-09HJFH,06.jpg,Hisense/images-rebuild/2026-09-29/packets/05_AVD_HJFH_AVE/Hisense_images_rebuilt/AVD-HJFH/AVD-09HJFH/06.jpg,130da847ad4fa3319d6c3bd4f17f64f7e22e5d423451a06ec2e2d1170d7efc60,bb85c06a62853f7a,850,850
05,AVD-HJFH,AVD-09HJFH,03.jpg,Hisense/images-rebuild/2026-09-29/packets/05_AVD_HJFH_AVE/Hisense_images_rebuilt/AVD-HJFH/AVD-09HJFH/03.jpg,23ad4a40ab2241de5aea6c5fe9d6039fca0f2d738b023f4d5cf60f9b2e3abdc4,bce4c31b3ce4c41d,850,850
05,AVD-HJFH,AVD-09HJFH,07.jpg,Hisense/images-rebuild/2026-09-29/packets/05_AVD_HJFH_AVE/Hisense_images_rebuilt/AVD-HJFH/AVD-09HJFH/07.jpg,747f32a8d9b91ab0e3729446cd2269a3608511e990b9cf2112d01e16a7717f83,fb84843a7bc42d9a,850,850
05,AVD-HJFH,AVD-09HJFH,01.jpg,Hisense/images-rebuild/2026-09-29/packets/05_AVD_HJFH_AVE/Hisense_images_rebuilt/AVD-HJFH/AVD-09HJFH/01.jpg,833e8140e3d3f9f38a79a5a42f3746185144b4584be1911863268887000347e1,ec39688697c486e7,850,850
05,AVD-HJFH,AVD-09HJFH,05.jpg,Hisense/images-rebuild/2026-09-29/packets/05_AVD_HJFH_AVE/Hisense_images_rebuilt/AVD-HJFH/AVD-09HJFH/05.jpg,fe34581a336a21723511d53ce963448dff58d7fae094641a360c5fd8f0a4228d,e334996b90dbcc86,850,850
05,AVD-HJFH,AVD-09HJFH,04.jpg,Hisense/images-rebuild/2026-09-29/packets/05_AVD_HJFH_AVE/Hisense_images_rebuilt/AVD-HJFH/AVD-09HJFH/04.jpg,a0077ec8a7d8984c58e3754ca14961e6fa2b23c5e66a1d6cc516cfdf47817b53,bee0c11f3ae0c58d,850,850
05,AVD-HJFH,AVD-48HJFH,02.jpg,Hisense/images-rebuild/2026-09-29/packets/05_AVD_HJFH_AVE/Hisense_images_rebuilt/AVD-HJFH/AVD-48HJFH/02.jpg,047f09f590a8859329d2f6ee45d98b33439c679d6531065d9b59e365ee218712,e334986b989bcd86,850,850
05,AVD-HJFH,AVD-48HJFH,06.jpg,Hisense/images-rebuild/2026-09-29/packets/05_AVD_HJFH_AVE/Hisense_images_rebuilt/AVD-HJFH/AVD-48HJFH/06.jpg,130da847ad4fa3319d6c3bd4f17f64f7e22e5d423451a06ec2e2d1170d7efc60,bb85c06a62853f7a,850,850
05,AVD-HJFH,AVD-48HJFH,03.jpg,Hisense/images-rebuild/2026-09-29/packets/05_AVD_HJFH_AVE/Hisense_images_rebuilt/AVD-HJFH/AVD-48HJFH/03.jpg,23ad4a40ab2241de5aea6c5fe9d6039fca0f2d738b023f4d5cf60f9b2e3abdc4,bce4c31b3ce4c41d,850,850
05,AVD-HJFH,AVD-48HJFH,07.jpg,Hisense/images-rebuild/2026-09-29/packets/05_AVD_HJFH_AVE/Hisense_images_rebuilt/AVD-HJFH/AVD-48HJFH/07.jpg,747f32a8d9b91ab0e3729446cd2269a3608511e990b9cf2112d01e16a7717f83,fb84843a7bc42d9a,850,850
05,AVD-HJFH,AVD-48HJFH,01.jpg,Hisense/images-rebuild/2026-09-29/packets/05_AVD_HJFH_AVE/Hisense_images_rebuilt/AVD-HJFH/AVD-48HJFH/01.jpg,833e8140e3d3f9f38a79a5a42f3746185144b4584be1911863268887000347e1,ec39688697c486e7,850,850
05,AVD-HJFH,AVD-48HJFH,05.jpg,Hisense/images-rebuild/2026-09-29/packets/05_AVD_HJFH_AVE/Hisense_images_rebuilt/AVD-HJFH/AVD-48HJFH/05.jpg,fe34581a336a21723511d53ce963448dff58d7fae094641a360c5fd8f0a4228d,e334996b90dbcc86,850,850
05,AVD-HJFH,AVD-48HJFH,04.jpg,Hisense/images-rebuild/2026-09-29/packets/05_AVD_HJFH_AVE/Hisense_images_rebuilt/AVD-HJFH/AVD-48HJFH/04.jpg,a0077ec8a7d8984c58e3754ca14961e6fa2b23c5e66a1d6cc516cfdf47817b53,bee0c11f3ae0c58d,850,850
05,AVD-HJFH,AVD-76HJFH,02.jpg,Hisense/images-rebuild/2026-09-29/packets/05_AVD_HJFH_AVE/Hisense_images_rebuilt/AVD-HJFH/AVD-76HJFH/02.jpg,047f09f590a8859329d2f6ee45d98b33439c679d6531065d9b59e365ee218712,e334986b989bcd86,850,850
05,AVD-HJFH,AVD-76HJFH,06.jpg,Hisense/images-rebuild/2026-09-29/packets/05_AVD_HJFH_AVE/Hisense_images_rebuilt/AVD-HJFH/AVD-76HJFH/06.jpg,130da847ad4fa3319d6c3bd4f17f64f7e22e5d423451a06ec2e2d1170d7efc60,bb85c06a62853f7a,850,850
05,AVD-HJFH,AVD-76HJFH,03.jpg,Hisense/images-rebuild/2026-09-29/packets/05_AVD_HJFH_AVE/Hisense_images_rebuilt/AVD-HJFH/AVD-76HJFH/03.jpg,23ad4a40ab2241de5aea6c5fe9d6039fca0f2d738b023f4d5cf60f9b2e3abdc4,bce4c31b3ce4c41d,850,850
05,AVD-HJFH,AVD-76HJFH,07.jpg,Hisense/images-rebuild/2026-09-29/packets/05_AVD_HJFH_AVE/Hisense_images_rebuilt/AVD-HJFH/AVD-76HJFH/07.jpg,747f32a8d9b91ab0e3729446cd2269a3608511e990b9cf2112d01e16a7717f83,fb84843a7bc42d9a,850,850
05,AVD-HJFH,AVD-76HJFH,01.jpg,Hisense/images-rebuild/2026-09-29/packets/05_AVD_HJFH_AVE/Hisense_images_rebuilt/AVD-HJFH/AVD-76HJFH/01.jpg,833e8140e3d3f9f38a79a5a42f3746185144b4584be1911863268887000347e1,ec39688697c486e7,850,850
05,AVD-HJFH,AVD-76HJFH,05.jpg,Hisense/images-rebuild/2026-09-29/packets/05_AVD_HJFH_AVE/Hisense_images_rebuilt/AVD-HJFH/AVD-76HJFH/05.jpg,fe34581a336a21723511d53ce963448dff58d7fae094641a360c5fd8f0a4228d,e334996b90dbcc86,850,850
05,AVD-HJFH,AVD-76HJFH,04.jpg,Hisense/images-rebuild/2026-09-29/packets/05_AVD_HJFH_AVE/Hisense_images_rebuilt/AVD-HJFH/AVD-76HJFH/04.jpg,a0077ec8a7d8984c58e3754ca14961e6fa2b23c5e66a1d6cc516cfdf47817b53,bee0c11f3ae0c58d,850,850
05,AVD-HJFH,AVD-96HJFH,02.jpg,Hisense/images-rebuild/2026-09-29/packets/05_AVD_HJFH_AVE/Hisense_images_rebuilt/AVD-HJFH/AVD-96HJFH/02.jpg,047f09f590a8859329d2f6ee45d98b33439c679d6531065d9b59e365ee218712,e334986b989bcd86,850,850
05,AVD-HJFH,AVD-96HJFH,06.jpg,Hisense/images-rebuild/2026-09-29/packets/05_AVD_HJFH_AVE/Hisense_images_rebuilt/AVD-HJFH/AVD-96HJFH/06.jpg,130da847ad4fa3319d6c3bd4f17f64f7e22e5d423451a06ec2e2d1170d7efc60,bb85c06a62853f7a,850,850
05,AVD-HJFH,AVD-96HJFH,03.jpg,Hisense/images-rebuild/2026-09-29/packets/05_AVD_HJFH_AVE/Hisense_images_rebuilt/AVD-HJFH/AVD-96HJFH/03.jpg,23ad4a40ab2241de5aea6c5fe9d6039fca0f2d738b023f4d5cf60f9b2e3abdc4,bce4c31b3ce4c41d,850,850
05,AVD-HJFH,AVD-96HJFH,07.jpg,Hisense/images-rebuild/2026-09-29/packets/05_AVD_HJFH_AVE/Hisense_images_rebuilt/AVD-HJFH/AVD-96HJFH/07.jpg,747f32a8d9b91ab0e3729446cd2269a3608511e990b9cf2112d01e16a7717f83,fb84843a7bc42d9a,850,850
05,AVD-HJFH,AVD-96HJFH,01.jpg,Hisense/images-rebuild/2026-09-29/packets/05_AVD_HJFH_AVE/Hisense_images_rebuilt/AVD-HJFH/AVD-96HJFH/01.jpg,833e8140e3d3f9f38a79a5a42f3746185144b4584be1911863268887000347e1,ec39688697c486e7,850,850
05,AVD-HJFH,AVD-96HJFH,05.jpg,Hisense/images-rebuild/2026-09-29/packets/05_AVD_HJFH_AVE/Hisense_images_rebuilt/AVD-HJFH/AVD-96HJFH/05.jpg,fe34581a336a21723511d53ce963448dff58d7fae094641a360c5fd8f0a4228d,e334996b90dbcc86,850,850
05,AVD-HJFH,AVD-96HJFH,04.jpg,Hisense/images-rebuild/2026-09-29/packets/05_AVD_HJFH_AVE/Hisense_images_rebuilt/AVD-HJFH/AVD-96HJFH/04.jpg,a0077ec8a7d8984c58e3754ca14961e6fa2b23c5e66a1d6cc516cfdf47817b53,bee0c11f3ae0c58d,850,850
05,AVD-HJFH,AVD-54HJFH,02.jpg,Hisense/images-rebuild/2026-09-29/packets/05_AVD_HJFH_AVE/Hisense_images_rebuilt/AVD-HJFH/AVD-54HJFH/02.jpg,047f09f590a8859329d2f6ee45d98b33439c679d6531065d9b59e365ee218712,e334986b989bcd86,850,850
05,AVD-HJFH,AVD-54HJFH,06.jpg,Hisense/images-rebuild/2026-09-29/packets/05_AVD_HJFH_AVE/Hisense_images_rebuilt/AVD-HJFH/AVD-54HJFH/06.jpg,130da847ad4fa3319d6c3bd4f17f64f7e22e5d423451a06ec2e2d1170d7efc60,bb85c06a62853f7a,850,850
05,AVD-HJFH,AVD-54HJFH,03.jpg,Hisense/images-rebuild/2026-09-29/packets/05_AVD_HJFH_AVE/Hisense_images_rebuilt/AVD-HJFH/AVD-54HJFH/03.jpg,23ad4a40ab2241de5aea6c5fe9d6039fca0f2d738b023f4d5cf60f9b2e3abdc4,bce4c31b3ce4c41d,850,850
05,AVD-HJFH,AVD-54HJFH,07.jpg,Hisense/images-rebuild/2026-09-29/packets/05_AVD_HJFH_AVE/Hisense_images_rebuilt/AVD-HJFH/AVD-54HJFH/07.jpg,747f32a8d9b91ab0e3729446cd2269a3608511e990b9cf2112d01e16a7717f83,fb84843a7bc42d9a,850,850
05,AVD-HJFH,AVD-54HJFH,01.jpg,Hisense/images-rebuild/2026-09-29/packets/05_AVD_HJFH_AVE/Hisense_images_rebuilt/AVD-HJFH/AVD-54HJFH/01.jpg,833e8140e3d3f9f38a79a5a42f3746185144b4584be1911863268887000347e1,ec39688697c486e7,850,850
05,AVD-HJFH,AVD-54HJFH,05.jpg,Hisense/images-rebuild/2026-09-29/packets/05_AVD_HJFH_AVE/Hisense_images_rebuilt/AVD-HJFH/AVD-54HJFH/05.jpg,fe34581a336a21723511d53ce963448dff58d7fae094641a360c5fd8f0a4228d,e334996b90dbcc86,850,850
05,AVD-HJFH,AVD-54HJFH,04.jpg,Hisense/images-rebuild/2026-09-29/packets/05_AVD_HJFH_AVE/Hisense_images_rebuilt/AVD-HJFH/AVD-54HJFH/04.jpg,a0077ec8a7d8984c58e3754ca14961e6fa2b23c5e66a1d6cc516cfdf47817b53,bee0c11f3ae0c58d,850,850
05,AVD-HJFH,AVD-19HJFH,02.jpg,Hisense/images-rebuild/2026-09-29/packets/05_AVD_HJFH_AVE/Hisense_images_rebuilt/AVD-HJFH/AVD-19HJFH/02.jpg,047f09f590a8859329d2f6ee45d98b33439c679d6531065d9b59e365ee218712,e334986b989bcd86,850,850
05,AVD-HJFH,AVD-19HJFH,06.jpg,Hisense/images-rebuild/2026-09-29/packets/05_AVD_HJFH_AVE/Hisense_images_rebuilt/AVD-HJFH/AVD-19HJFH/06.jpg,130da847ad4fa3319d6c3bd4f17f64f7e22e5d423451a06ec2e2d1170d7efc60,bb85c06a62853f7a,850,850
05,AVD-HJFH,AVD-19HJFH,03.jpg,Hisense/images-rebuild/2026-09-29/packets/05_AVD_HJFH_AVE/Hisense_images_rebuilt/AVD-HJFH/AVD-19HJFH/03.jpg,23ad4a40ab2241de5aea6c5fe9d6039fca0f2d738b023f4d5cf60f9b2e3abdc4,bce4c31b3ce4c41d,850,850
05,AVD-HJFH,AVD-19HJFH,07.jpg,Hisense/images-rebuild/2026-09-29/packets/05_AVD_HJFH_AVE/Hisense_images_rebuilt/AVD-HJFH/AVD-19HJFH/07.jpg,747f32a8d9b91ab0e3729446cd2269a3608511e990b9cf2112d01e16a7717f83,fb84843a7bc42d9a,850,850
05,AVD-HJFH,AVD-19HJFH,01.jpg,Hisense/images-rebuild/2026-09-29/packets/05_AVD_HJFH_AVE/Hisense_images_rebuilt/AVD-HJFH/AVD-19HJFH/01.jpg,833e8140e3d3f9f38a79a5a42f3746185144b4584be1911863268887000347e1,ec39688697c486e7,850,850
05,AVD-HJFH,AVD-19HJFH,05.jpg,Hisense/images-rebuild/2026-09-29/packets/05_AVD_HJFH_AVE/Hisense_images_rebuilt/AVD-HJFH/AVD-19HJFH/05.jpg,fe34581a336a21723511d53ce963448dff58d7fae094641a360c5fd8f0a4228d,e334996b90dbcc86,850,850
05,AVD-HJFH,AVD-19HJFH,04.jpg,Hisense/images-rebuild/2026-09-29/packets/05_AVD_HJFH_AVE/Hisense_images_rebuilt/AVD-HJFH/AVD-19HJFH/04.jpg,a0077ec8a7d8984c58e3754ca14961e6fa2b23c5e66a1d6cc516cfdf47817b53,bee0c11f3ae0c58d,850,850
05,AVD-HJFH,AVD-24HJFH1,02.jpg,Hisense/images-rebuild/2026-09-29/packets/05_AVD_HJFH_AVE/Hisense_images_rebuilt/AVD-HJFH/AVD-24HJFH1/02.jpg,047f09f590a8859329d2f6ee45d98b33439c679d6531065d9b59e365ee218712,e334986b989bcd86,850,850
05,AVD-HJFH,AVD-24HJFH1,06.jpg,Hisense/images-rebuild/2026-09-29/packets/05_AVD_HJFH_AVE/Hisense_images_rebuilt/AVD-HJFH/AVD-24HJFH1/06.jpg,130da847ad4fa3319d6c3bd4f17f64f7e22e5d423451a06ec2e2d1170d7efc60,bb85c06a62853f7a,850,850
05,AVD-HJFH,AVD-24HJFH1,03.jpg,Hisense/images-rebuild/2026-09-29/packets/05_AVD_HJFH_AVE/Hisense_images_rebuilt/AVD-HJFH/AVD-24HJFH1/03.jpg,23ad4a40ab2241de5aea6c5fe9d6039fca0f2d738b023f4d5cf60f9b2e3abdc4,bce4c31b3ce4c41d,850,850
05,AVD-HJFH,AVD-24HJFH1,07.jpg,Hisense/images-rebuild/2026-09-29/packets/05_AVD_HJFH_AVE/Hisense_images_rebuilt/AVD-HJFH/AVD-24HJFH1/07.jpg,747f32a8d9b91ab0e3729446cd2269a3608511e990b9cf2112d01e16a7717f83,fb84843a7bc42d9a,850,850
05,AVD-HJFH,AVD-24HJFH1,01.jpg,Hisense/images-rebuild/2026-09-29/packets/05_AVD_HJFH_AVE/Hisense_images_rebuilt/AVD-HJFH/AVD-24HJFH1/01.jpg,833e8140e3d3f9f38a79a5a42f3746185144b4584be1911863268887000347e1,ec39688697c486e7,850,850
05,AVD-HJFH,AVD-24HJFH1,05.jpg,Hisense/images-rebuild/2026-09-29/packets/05_AVD_HJFH_AVE/Hisense_images_rebuilt/AVD-HJFH/AVD-24HJFH1/05.jpg,fe34581a336a21723511d53ce963448dff58d7fae094641a360c5fd8f0a4228d,e334996b90dbcc86,850,850
05,AVD-HJFH,AVD-24HJFH1,04.jpg,Hisense/images-rebuild/2026-09-29/packets/05_AVD_HJFH_AVE/Hisense_images_rebuilt/AVD-HJFH/AVD-24HJFH1/04.jpg,a0077ec8a7d8984c58e3754ca14961e6fa2b23c5e66a1d6cc516cfdf47817b53,bee0c11f3ae0c58d,850,850
05,AVD-HJFH,AVD-38HJFH,02.jpg,Hisense/images-rebuild/2026-09-29/packets/05_AVD_HJFH_AVE/Hisense_images_rebuilt/AVD-HJFH/AVD-38HJFH/02.jpg,047f09f590a8859329d2f6ee45d98b33439c679d6531065d9b59e365ee218712,e334986b989bcd86,850,850
05,AVD-HJFH,AVD-38HJFH,06.jpg,Hisense/images-rebuild/2026-09-29/packets/05_AVD_HJFH_AVE/Hisense_images_rebuilt/AVD-HJFH/AVD-38HJFH/06.jpg,130da847ad4fa3319d6c3bd4f17f64f7e22e5d423451a06ec2e2d1170d7efc60,bb85c06a62853f7a,850,850
05,AVD-HJFH,AVD-38HJFH,03.jpg,Hisense/images-rebuild/2026-09-29/packets/05_AVD_HJFH_AVE/Hisense_images_rebuilt/AVD-HJFH/AVD-38HJFH/03.jpg,23ad4a40ab2241de5aea6c5fe9d6039fca0f2d738b023f4d5cf60f9b2e3abdc4,bce4c31b3ce4c41d,850,850
05,AVD-HJFH,AVD-38HJFH,07.jpg,Hisense/images-rebuild/2026-09-29/packets/05_AVD_HJFH_AVE/Hisense_images_rebuilt/AVD-HJFH/AVD-38HJFH/07.jpg,747f32a8d9b91ab0e3729446cd2269a3608511e990b9cf2112d01e16a7717f83,fb84843a7bc42d9a,850,850
05,AVD-HJFH,AVD-38HJFH,01.jpg,Hisense/images-rebuild/2026-09-29/packets/05_AVD_HJFH_AVE/Hisense_images_rebuilt/AVD-HJFH/AVD-38HJFH/01.jpg,833e8140e3d3f9f38a79a5a42f3746185144b4584be1911863268887000347e1,ec39688697c486e7,850,850
05,AVD-HJFH,AVD-38HJFH,05.jpg,Hisense/images-rebuild/2026-09-29/packets/05_AVD_HJFH_AVE/Hisense_images_rebuilt/AVD-HJFH/AVD-38HJFH/05.jpg,fe34581a336a21723511d53ce963448dff58d7fae094641a360c5fd8f0a4228d,e334996b90dbcc86,850,850
05,AVD-HJFH,AVD-38HJFH,04.jpg,Hisense/images-rebuild/2026-09-29/packets/05_AVD_HJFH_AVE/Hisense_images_rebuilt/AVD-HJFH/AVD-38HJFH/04.jpg,a0077ec8a7d8984c58e3754ca14961e6fa2b23c5e66a1d6cc516cfdf47817b53,bee0c11f3ae0c58d,850,850
05,AVD-HJFH,AVD-30HJFH,02.jpg,Hisense/images-rebuild/2026-09-29/packets/05_AVD_HJFH_AVE/Hisense_images_rebuilt/AVD-HJFH/AVD-30HJFH/02.jpg,047f09f590a8859329d2f6ee45d98b33439c679d6531065d9b59e365ee218712,e334986b989bcd86,850,850
05,AVD-HJFH,AVD-30HJFH,06.jpg,Hisense/images-rebuild/2026-09-29/packets/05_AVD_HJFH_AVE/Hisense_images_rebuilt/AVD-HJFH/AVD-30HJFH/06.jpg,130da847ad4fa3319d6c3bd4f17f64f7e22e5d423451a06ec2e2d1170d7efc60,bb85c06a62853f7a,850,850
05,AVD-HJFH,AVD-30HJFH,03.jpg,Hisense/images-rebuild/2026-09-29/packets/05_AVD_HJFH_AVE/Hisense_images_rebuilt/AVD-HJFH/AVD-30HJFH/03.jpg,23ad4a40ab2241de5aea6c5fe9d6039fca0f2d738b023f4d5cf60f9b2e3abdc4,bce4c31b3ce4c41d,850,850
05,AVD-HJFH,AVD-30HJFH,07.jpg,Hisense/images-rebuild/2026-09-29/packets/05_AVD_HJFH_AVE/Hisense_images_rebuilt/AVD-HJFH/AVD-30HJFH/07.jpg,747f32a8d9b91ab0e3729446cd2269a3608511e990b9cf2112d01e16a7717f83,fb84843a7bc42d9a,850,850
05,AVD-HJFH,AVD-30HJFH,01.jpg,Hisense/images-rebuild/2026-09-29/packets/05_AVD_HJFH_AVE/Hisense_images_rebuilt/AVD-HJFH/AVD-30HJFH/01.jpg,833e8140e3d3f9f38a79a5a42f3746185144b4584be1911863268887000347e1,ec39688697c486e7,850,850
05,AVD-HJFH,AVD-30HJFH,05.jpg,Hisense/images-rebuild/2026-09-29/packets/05_AVD_HJFH_AVE/Hisense_images_rebuilt/AVD-HJFH/AVD-30HJFH/05.jpg,fe34581a336a21723511d53ce963448dff58d7fae094641a360c5fd8f0a4228d,e334996b90dbcc86,850,850
05,AVD-HJFH,AVD-30HJFH,04.jpg,Hisense/images-rebuild/2026-09-29/packets/05_AVD_HJFH_AVE/Hisense_images_rebuilt/AVD-HJFH/AVD-30HJFH/04.jpg,a0077ec8a7d8984c58e3754ca14961e6fa2b23c5e66a1d6cc516cfdf47817b53,bee0c11f3ae0c58d,850,850
14,UNIVERSO,MCU-75K,01.jpg,Hisense/images-rebuild/2026-09-29/packets/14_HEAVY_UNIVERSO/Hisense_images_rebuilt/UNIVERSO/MCU-75K/01.jpg,2eb5ad3c19d434cc2193e419ccbed2c405e7dffb69fa98d372fe04588b78ff45,bf9ac0613e9e2598,850,850
14,UNIVERSO,MCU-93K,01.jpg,Hisense/images-rebuild/2026-09-29/packets/14_HEAVY_UNIVERSO/Hisense_images_rebuilt/UNIVERSO/MCU-93K/01.jpg,2eb5ad3c19d434cc2193e419ccbed2c405e7dffb69fa98d372fe04588b78ff45,bf9ac0613e9e2598,850,850
14,UNIVERSO,MCU-117K,01.jpg,Hisense/images-rebuild/2026-09-29/packets/14_HEAVY_UNIVERSO/Hisense_images_rebuilt/UNIVERSO/MCU-117K/01.jpg,2eb5ad3c19d434cc2193e419ccbed2c405e7dffb69fa98d372fe04588b78ff45,bf9ac0613e9e2598,850,850
14,UNIVERSO,MCU-43K,01.jpg,Hisense/images-rebuild/2026-09-29/packets/14_HEAVY_UNIVERSO/Hisense_images_rebuilt/UNIVERSO/MCU-43K/01.jpg,2eb5ad3c19d434cc2193e419ccbed2c405e7dffb69fa98d372fe04588b78ff45,bf9ac0613e9e2598,850,850
14,UNIVERSO,MCU-29K,01.jpg,Hisense/images-rebuild/2026-09-29/packets/14_HEAVY_UNIVERSO/Hisense_images_rebuilt/UNIVERSO/MCU-29K/01.jpg,2eb5ad3c19d434cc2193e419ccbed2c405e7dffb69fa98d372fe04588b78ff45,bf9ac0613e9e2598,850,850
14,UNIVERSO,MCU-63K,01.jpg,Hisense/images-rebuild/2026-09-29/packets/14_HEAVY_UNIVERSO/Hisense_images_rebuilt/UNIVERSO/MCU-63K/01.jpg,2eb5ad3c19d434cc2193e419ccbed2c405e7dffb69fa98d372fe04588b78ff45,bf9ac0613e9e2598,850,850
14,UNIVERSO,MCU-35K,01.jpg,Hisense/images-rebuild/2026-09-29/packets/14_HEAVY_UNIVERSO/Hisense_images_rebuilt/UNIVERSO/MCU-35K/01.jpg,2eb5ad3c19d434cc2193e419ccbed2c405e7dffb69fa98d372fe04588b78ff45,bf9ac0613e9e2598,850,850
14,UNIVERSO,MCU-23K,01.jpg,Hisense/images-rebuild/2026-09-29/packets/14_HEAVY_UNIVERSO/Hisense_images_rebuilt/UNIVERSO/MCU-23K/01.jpg,2eb5ad3c19d434cc2193e419ccbed2c405e7dffb69fa98d372fe04588b78ff45,bf9ac0613e9e2598,850,850
14,HEAVY EU DC INVERTER,AUW-12U4RS8,02.jpg,Hisense/images-rebuild/2026-09-29/packets/14_HEAVY_UNIVERSO/Hisense_images_rebuilt/HEAVY EU DC INVERTER/AUW-12U4RS8/02.jpg,833e8140e3d3f9f38a79a5a42f3746185144b4584be1911863268887000347e1,ec39688697c486e7,850,850
14,HEAVY EU DC INVERTER,AUW-12U4RS8,08.jpg,Hisense/images-rebuild/2026-09-29/packets/14_HEAVY_UNIVERSO/Hisense_images_rebuilt/HEAVY EU DC INVERTER/AUW-12U4RS8/08.jpg,4c68532ea2ccefb99c501d96fcef37c920ab21a7c65f7e739f4ee4239020be1b,abe9d0162fe8c01f,850,850
14,HEAVY EU DC INVERTER,AUW-12U4RS8,06.jpg,Hisense/images-rebuild/2026-09-29/packets/14_HEAVY_UNIVERSO/Hisense_images_rebuilt/HEAVY EU DC INVERTER/AUW-12U4RS8/06.jpg,d9944b1e429fd8d14c2517dcc2318c2f569cf48b630cfce951053a3e6702462f,beb1c1368cc9332b,850,850
14,HEAVY EU DC INVERTER,AUW-12U4RS8,03.jpg,Hisense/images-rebuild/2026-09-29/packets/14_HEAVY_UNIVERSO/Hisense_images_rebuilt/HEAVY EU DC INVERTER/AUW-12U4RS8/03.jpg,047f09f590a8859329d2f6ee45d98b33439c679d6531065d9b59e365ee218712,e334986b989bcd86,850,850
14,HEAVY EU DC INVERTER,AUW-12U4RS8,07.jpg,Hisense/images-rebuild/2026-09-29/packets/14_HEAVY_UNIVERSO/Hisense_images_rebuilt/HEAVY EU DC INVERTER/AUW-12U4RS8/07.jpg,323c7d9843565937e2e11b770a5bc7353a024f66965f3a34bcbe6af51be381eb,b853c5b3c1a68e95,850,850
14,HEAVY EU DC INVERTER,AUW-12U4RS8,01.jpg,Hisense/images-rebuild/2026-09-29/packets/14_HEAVY_UNIVERSO/Hisense_images_rebuilt/HEAVY EU DC INVERTER/AUW-12U4RS8/01.jpg,6f6608fde1e7ccc741f80f1a9308cd3871e79af39098ecadda3e0d3624b24d8e,ef7790d80f64e013,850,850
14,HEAVY EU DC INVERTER,AUW-12U4RS8,05.jpg,Hisense/images-rebuild/2026-09-29/packets/14_HEAVY_UNIVERSO/Hisense_images_rebuilt/HEAVY EU DC INVERTER/AUW-12U4RS8/05.jpg,0cfd02ffdc777ea0f1f8eb8b720efaabbbe660ace041027fd3966fa30a7a1e5a,be91c1768649333d,850,850
14,HEAVY EU DC INVERTER,AUW-12U4RS8,04.jpg,Hisense/images-rebuild/2026-09-29/packets/14_HEAVY_UNIVERSO/Hisense_images_rebuilt/HEAVY EU DC INVERTER/AUW-12U4RS8/04.jpg,b4b5974faf7d95b55334671b2c4eda92687e71fa4ca58cb12cfd90ae76284e54,ef77d0d80f646013,850,850
14,HEAVY EU DC INVERTER,AUW-09U4RS8,02.jpg,Hisense/images-rebuild/2026-09-29/packets/14_HEAVY_UNIVERSO/Hisense_images_rebuilt/HEAVY EU DC INVERTER/AUW-09U4RS8/02.jpg,833e8140e3d3f9f38a79a5a42f3746185144b4584be1911863268887000347e1,ec39688697c486e7,850,850
14,HEAVY EU DC INVERTER,AUW-09U4RS8,08.jpg,Hisense/images-rebuild/2026-09-29/packets/14_HEAVY_UNIVERSO/Hisense_images_rebuilt/HEAVY EU DC INVERTER/AUW-09U4RS8/08.jpg,4c68532ea2ccefb99c501d96fcef37c920ab21a7c65f7e739f4ee4239020be1b,abe9d0162fe8c01f,850,850
14,HEAVY EU DC INVERTER,AUW-09U4RS8,06.jpg,Hisense/images-rebuild/2026-09-29/packets/14_HEAVY_UNIVERSO/Hisense_images_rebuilt/HEAVY EU DC INVERTER/AUW-09U4RS8/06.jpg,d9944b1e429fd8d14c2517dcc2318c2f569cf48b630cfce951053a3e6702462f,beb1c1368cc9332b,850,850
14,HEAVY EU DC INVERTER,AUW-09U4RS8,03.jpg,Hisense/images-rebuild/2026-09-29/packets/14_HEAVY_UNIVERSO/Hisense_images_rebuilt/HEAVY EU DC INVERTER/AUW-09U4RS8/03.jpg,047f09f590a8859329d2f6ee45d98b33439c679d6531065d9b59e365ee218712,e334986b989bcd86,850,850
14,HEAVY EU DC INVERTER,AUW-09U4RS8,07.jpg,Hisense/images-rebuild/2026-09-29/packets/14_HEAVY_UNIVERSO/Hisense_images_rebuilt/HEAVY EU DC INVERTER/AUW-09U4RS8/07.jpg,323c7d9843565937e2e11b770a5bc7353a024f66965f3a34bcbe6af51be381eb,b853c5b3c1a68e95,850,850
14,HEAVY EU DC INVERTER,AUW-09U4RS8,01.jpg,Hisense/images-rebuild/2026-09-29/packets/14_HEAVY_UNIVERSO/Hisense_images_rebuilt/HEAVY EU DC INVERTER/AUW-09U4RS8/01.jpg,6f6608fde1e7ccc741f80f1a9308cd3871e79af39098ecadda3e0d3624b24d8e,ef7790d80f64e013,850,850
14,HEAVY EU DC INVERTER,AUW-09U4RS8,05.jpg,Hisense/images-rebuild/2026-09-29/packets/14_HEAVY_UNIVERSO/Hisense_images_rebuilt/HEAVY EU DC INVERTER/AUW-09U4RS8/05.jpg,0cfd02ffdc777ea0f1f8eb8b720efaabbbe660ace041027fd3966fa30a7a1e5a,be91c1768649333d,850,850
14,HEAVY EU DC INVERTER,AUW-09U4RS8,04.jpg,Hisense/images-rebuild/2026-09-29/packets/14_HEAVY_UNIVERSO/Hisense_images_rebuilt/HEAVY EU DC INVERTER/AUW-09U4RS8/04.jpg,b4b5974faf7d95b55334671b2c4eda92687e71fa4ca58cb12cfd90ae76284e54,ef77d0d80f646013,850,850
14,HEAVY EU DC INVERTER,AUW-85U6RZ8,02.jpg,Hisense/images-rebuild/2026-09-29/packets/14_HEAVY_UNIVERSO/Hisense_images_rebuilt/HEAVY EU DC INVERTER/AUW-85U6RZ8/02.jpg,833e8140e3d3f9f38a79a5a42f3746185144b4584be1911863268887000347e1,ec39688697c486e7,850,850
14,HEAVY EU DC INVERTER,AUW-85U6RZ8,10.jpg,Hisense/images-rebuild/2026-09-29/packets/14_HEAVY_UNIVERSO/Hisense_images_rebuilt/HEAVY EU DC INVERTER/AUW-85U6RZ8/10.jpg,d9944b1e429fd8d14c2517dcc2318c2f569cf48b630cfce951053a3e6702462f,beb1c1368cc9332b,850,850
14,HEAVY EU DC INVERTER,AUW-85U6RZ8,08.jpg,Hisense/images-rebuild/2026-09-29/packets/14_HEAVY_UNIVERSO/Hisense_images_rebuilt/HEAVY EU DC INVERTER/AUW-85U6RZ8/08.jpg,4d2ed79f62808a4b54f9de5615b2dfa29e617b2be36dbed6c01e4c26b9eef5a3,b0c3cf90c7869ec9,850,850
14,HEAVY EU DC INVERTER,AUW-85U6RZ8,06.jpg,Hisense/images-rebuild/2026-09-29/packets/14_HEAVY_UNIVERSO/Hisense_images_rebuilt/HEAVY EU DC INVERTER/AUW-85U6RZ8/06.jpg,b4b5974faf7d95b55334671b2c4eda92687e71fa4ca58cb12cfd90ae76284e54,ef77d0d80f646013,850,850
14,HEAVY EU DC INVERTER,AUW-85U6RZ8,03.jpg,Hisense/images-rebuild/2026-09-29/packets/14_HEAVY_UNIVERSO/Hisense_images_rebuilt/HEAVY EU DC INVERTER/AUW-85U6RZ8/03.jpg,047f09f590a8859329d2f6ee45d98b33439c679d6531065d9b59e365ee218712,e334986b989bcd86,850,850
14,HEAVY EU DC INVERTER,AUW-85U6RZ8,07.jpg,Hisense/images-rebuild/2026-09-29/packets/14_HEAVY_UNIVERSO/Hisense_images_rebuilt/HEAVY EU DC INVERTER/AUW-85U6RZ8/07.jpg,472d78614a86150724ee4b5646f13fd6fccaedcb4199cb0e1743b703e17b1018,b043cf90cf869ec9,850,850
14,HEAVY EU DC INVERTER,AUW-85U6RZ8,11.jpg,Hisense/images-rebuild/2026-09-29/packets/14_HEAVY_UNIVERSO/Hisense_images_rebuilt/HEAVY EU DC INVERTER/AUW-85U6RZ8/11.jpg,323c7d9843565937e2e11b770a5bc7353a024f66965f3a34bcbe6af51be381eb,b853c5b3c1a68e95,850,850
14,HEAVY EU DC INVERTER,AUW-85U6RZ8,01.jpg,Hisense/images-rebuild/2026-09-29/packets/14_HEAVY_UNIVERSO/Hisense_images_rebuilt/HEAVY EU DC INVERTER/AUW-85U6RZ8/01.jpg,6f6608fde1e7ccc741f80f1a9308cd3871e79af39098ecadda3e0d3624b24d8e,ef7790d80f64e013,850,850
14,HEAVY EU DC INVERTER,AUW-85U6RZ8,09.jpg,Hisense/images-rebuild/2026-09-29/packets/14_HEAVY_UNIVERSO/Hisense_images_rebuilt/HEAVY EU DC INVERTER/AUW-85U6RZ8/09.jpg,04449bcd6c0036a98e82774674b8e3d6aa734c0bce7587cdfd0ecf2394894bc5,abe9d0162fe0c11f,850,850
14,HEAVY EU DC INVERTER,AUW-85U6RZ8,05.jpg,Hisense/images-rebuild/2026-09-29/packets/14_HEAVY_UNIVERSO/Hisense_images_rebuilt/HEAVY EU DC INVERTER/AUW-85U6RZ8/05.jpg,dec01677e9f3ede0e553e1fd653799934e99a575030db93ff7b92f6dd065f3e9,ec31c32cdbc79318,850,850
14,HEAVY EU DC INVERTER,AUW-85U6RZ8,12.jpg,Hisense/images-rebuild/2026-09-29/packets/14_HEAVY_UNIVERSO/Hisense_images_rebuilt/HEAVY EU DC INVERTER/AUW-85U6RZ8/12.jpg,a9e6832f4825b77609b7cb4e8b8081ca349051c81594e7c4c8e363e43c9bffdc,efc890372ec8d133,850,850
14,HEAVY EU DC INVERTER,AUW-85U6RZ8,04.jpg,Hisense/images-rebuild/2026-09-29/packets/14_HEAVY_UNIVERSO/Hisense_images_rebuilt/HEAVY EU DC INVERTER/AUW-85U6RZ8/04.jpg,740166066a8e58eb72a9817c37031ef523eff341ec53292b2dae04c4a38361a5,e9699696b427c139,850,850
14,HEAVY EU DC INVERTER,AUW-36U4RK7,02.jpg,Hisense/images-rebuild/2026-09-29/packets/14_HEAVY_UNIVERSO/Hisense_images_rebuilt/HEAVY EU DC INVERTER/AUW-36U4RK7/02.jpg,833e8140e3d3f9f38a79a5a42f3746185144b4584be1911863268887000347e1,ec39688697c486e7,850,850
14,HEAVY EU DC INVERTER,AUW-36U4RK7,08.jpg,Hisense/images-rebuild/2026-09-29/packets/14_HEAVY_UNIVERSO/Hisense_images_rebuilt/HEAVY EU DC INVERTER/AUW-36U4RK7/08.jpg,4c68532ea2ccefb99c501d96fcef37c920ab21a7c65f7e739f4ee4239020be1b,abe9d0162fe8c01f,850,850
14,HEAVY EU DC INVERTER,AUW-36U4RK7,06.jpg,Hisense/images-rebuild/2026-09-29/packets/14_HEAVY_UNIVERSO/Hisense_images_rebuilt/HEAVY EU DC INVERTER/AUW-36U4RK7/06.jpg,d9944b1e429fd8d14c2517dcc2318c2f569cf48b630cfce951053a3e6702462f,beb1c1368cc9332b,850,850
14,HEAVY EU DC INVERTER,AUW-36U4RK7,03.jpg,Hisense/images-rebuild/2026-09-29/packets/14_HEAVY_UNIVERSO/Hisense_images_rebuilt/HEAVY EU DC INVERTER/AUW-36U4RK7/03.jpg,047f09f590a8859329d2f6ee45d98b33439c679d6531065d9b59e365ee218712,e334986b989bcd86,850,850
14,HEAVY EU DC INVERTER,AUW-36U4RK7,07.jpg,Hisense/images-rebuild/2026-09-29/packets/14_HEAVY_UNIVERSO/Hisense_images_rebuilt/HEAVY EU DC INVERTER/AUW-36U4RK7/07.jpg,323c7d9843565937e2e11b770a5bc7353a024f66965f3a34bcbe6af51be381eb,b853c5b3c1a68e95,850,850
14,HEAVY EU DC INVERTER,AUW-36U4RK7,01.jpg,Hisense/images-rebuild/2026-09-29/packets/14_HEAVY_UNIVERSO/Hisense_images_rebuilt/HEAVY EU DC INVERTER/AUW-36U4RK7/01.jpg,6f6608fde1e7ccc741f80f1a9308cd3871e79af39098ecadda3e0d3624b24d8e,ef7790d80f64e013,850,850
14,HEAVY EU DC INVERTER,AUW-36U4RK7,05.jpg,Hisense/images-rebuild/2026-09-29/packets/14_HEAVY_UNIVERSO/Hisense_images_rebuilt/HEAVY EU DC INVERTER/AUW-36U4RK7/05.jpg,0cfd02ffdc777ea0f1f8eb8b720efaabbbe660ace041027fd3966fa30a7a1e5a,be91c1768649333d,850,850
14,HEAVY EU DC INVERTER,AUW-36U4RK7,04.jpg,Hisense/images-rebuild/2026-09-29/packets/14_HEAVY_UNIVERSO/Hisense_images_rebuilt/HEAVY EU DC INVERTER/AUW-36U4RK7/04.jpg,b4b5974faf7d95b55334671b2c4eda92687e71fa4ca58cb12cfd90ae76284e54,ef77d0d80f646013,850,850
14,HEAVY EU DC INVERTER,AUW-48U6RN8,02.jpg,Hisense/images-rebuild/2026-09-29/packets/14_HEAVY_UNIVERSO/Hisense_images_rebuilt/HEAVY EU DC INVERTER/AUW-48U6RN8/02.jpg,833e8140e3d3f9f38a79a5a42f3746185144b4584be1911863268887000347e1,ec39688697c486e7,850,850
14,HEAVY EU DC INVERTER,AUW-48U6RN8,08.jpg,Hisense/images-rebuild/2026-09-29/packets/14_HEAVY_UNIVERSO/Hisense_images_rebuilt/HEAVY EU DC INVERTER/AUW-48U6RN8/08.jpg,4c68532ea2ccefb99c501d96fcef37c920ab21a7c65f7e739f4ee4239020be1b,abe9d0162fe8c01f,850,850
14,HEAVY EU DC INVERTER,AUW-48U6RN8,06.jpg,Hisense/images-rebuild/2026-09-29/packets/14_HEAVY_UNIVERSO/Hisense_images_rebuilt/HEAVY EU DC INVERTER/AUW-48U6RN8/06.jpg,d9944b1e429fd8d14c2517dcc2318c2f569cf48b630cfce951053a3e6702462f,beb1c1368cc9332b,850,850
14,HEAVY EU DC INVERTER,AUW-48U6RN8,03.jpg,Hisense/images-rebuild/2026-09-29/packets/14_HEAVY_UNIVERSO/Hisense_images_rebuilt/HEAVY EU DC INVERTER/AUW-48U6RN8/03.jpg,047f09f590a8859329d2f6ee45d98b33439c679d6531065d9b59e365ee218712,e334986b989bcd86,850,850
14,HEAVY EU DC INVERTER,AUW-48U6RN8,07.jpg,Hisense/images-rebuild/2026-09-29/packets/14_HEAVY_UNIVERSO/Hisense_images_rebuilt/HEAVY EU DC INVERTER/AUW-48U6RN8/07.jpg,323c7d9843565937e2e11b770a5bc7353a024f66965f3a34bcbe6af51be381eb,b853c5b3c1a68e95,850,850
14,HEAVY EU DC INVERTER,AUW-48U6RN8,01.jpg,Hisense/images-rebuild/2026-09-29/packets/14_HEAVY_UNIVERSO/Hisense_images_rebuilt/HEAVY EU DC INVERTER/AUW-48U6RN8/01.jpg,6f6608fde1e7ccc741f80f1a9308cd3871e79af39098ecadda3e0d3624b24d8e,ef7790d80f64e013,850,850
14,HEAVY EU DC INVERTER,AUW-48U6RN8,05.jpg,Hisense/images-rebuild/2026-09-29/packets/14_HEAVY_UNIVERSO/Hisense_images_rebuilt/HEAVY EU DC INVERTER/AUW-48U6RN8/05.jpg,0cfd02ffdc777ea0f1f8eb8b720efaabbbe660ace041027fd3966fa30a7a1e5a,be91c1768649333d,850,850
14,HEAVY EU DC INVERTER,AUW-48U6RN8,04.jpg,Hisense/images-rebuild/2026-09-29/packets/14_HEAVY_UNIVERSO/Hisense_images_rebuilt/HEAVY EU DC INVERTER/AUW-48U6RN8/04.jpg,b4b5974faf7d95b55334671b2c4eda92687e71fa4ca58cb12cfd90ae76284e54,ef77d0d80f646013,850,850
14,HEAVY EU DC INVERTER,AUW-18U4RS7,02.jpg,Hisense/images-rebuild/2026-09-29/packets/14_HEAVY_UNIVERSO/Hisense_images_rebuilt/HEAVY EU DC INVERTER/AUW-18U4RS7/02.jpg,833e8140e3d3f9f38a79a5a42f3746185144b4584be1911863268887000347e1,ec39688697c486e7,850,850
14,HEAVY EU DC INVERTER,AUW-18U4RS7,08.jpg,Hisense/images-rebuild/2026-09-29/packets/14_HEAVY_UNIVERSO/Hisense_images_rebuilt/HEAVY EU DC INVERTER/AUW-18U4RS7/08.jpg,4c68532ea2ccefb99c501d96fcef37c920ab21a7c65f7e739f4ee4239020be1b,abe9d0162fe8c01f,850,850
14,HEAVY EU DC INVERTER,AUW-18U4RS7,06.jpg,Hisense/images-rebuild/2026-09-29/packets/14_HEAVY_UNIVERSO/Hisense_images_rebuilt/HEAVY EU DC INVERTER/AUW-18U4RS7/06.jpg,d9944b1e429fd8d14c2517dcc2318c2f569cf48b630cfce951053a3e6702462f,beb1c1368cc9332b,850,850
14,HEAVY EU DC INVERTER,AUW-18U4RS7,03.jpg,Hisense/images-rebuild/2026-09-29/packets/14_HEAVY_UNIVERSO/Hisense_images_rebuilt/HEAVY EU DC INVERTER/AUW-18U4RS7/03.jpg,047f09f590a8859329d2f6ee45d98b33439c679d6531065d9b59e365ee218712,e334986b989bcd86,850,850
14,HEAVY EU DC INVERTER,AUW-18U4RS7,07.jpg,Hisense/images-rebuild/2026-09-29/packets/14_HEAVY_UNIVERSO/Hisense_images_rebuilt/HEAVY EU DC INVERTER/AUW-18U4RS7/07.jpg,323c7d9843565937e2e11b770a5bc7353a024f66965f3a34bcbe6af51be381eb,b853c5b3c1a68e95,850,850
14,HEAVY EU DC INVERTER,AUW-18U4RS7,01.jpg,Hisense/images-rebuild/2026-09-29/packets/14_HEAVY_UNIVERSO/Hisense_images_rebuilt/HEAVY EU DC INVERTER/AUW-18U4RS7/01.jpg,6f6608fde1e7ccc741f80f1a9308cd3871e79af39098ecadda3e0d3624b24d8e,ef7790d80f64e013,850,850
14,HEAVY EU DC INVERTER,AUW-18U4RS7,05.jpg,Hisense/images-rebuild/2026-09-29/packets/14_HEAVY_UNIVERSO/Hisense_images_rebuilt/HEAVY EU DC INVERTER/AUW-18U4RS7/05.jpg,0cfd02ffdc777ea0f1f8eb8b720efaabbbe660ace041027fd3966fa30a7a1e5a,be91c1768649333d,850,850
14,HEAVY EU DC INVERTER,AUW-18U4RS7,04.jpg,Hisense/images-rebuild/2026-09-29/packets/14_HEAVY_UNIVERSO/Hisense_images_rebuilt/HEAVY EU DC INVERTER/AUW-18U4RS7/04.jpg,b4b5974faf7d95b55334671b2c4eda92687e71fa4ca58cb12cfd90ae76284e54,ef77d0d80f646013,850,850
14,HEAVY EU DC INVERTER,AUW-24U4RJ7,02.jpg,Hisense/images-rebuild/2026-09-29/packets/14_HEAVY_UNIVERSO/Hisense_images_rebuilt/HEAVY EU DC INVERTER/AUW-24U4RJ7/02.jpg,833e8140e3d3f9f38a79a5a42f3746185144b4584be1911863268887000347e1,ec39688697c486e7,850,850
14,HEAVY EU DC INVERTER,AUW-24U4RJ7,08.jpg,Hisense/images-rebuild/2026-09-29/packets/14_HEAVY_UNIVERSO/Hisense_images_rebuilt/HEAVY EU DC INVERTER/AUW-24U4RJ7/08.jpg,4c68532ea2ccefb99c501d96fcef37c920ab21a7c65f7e739f4ee4239020be1b,abe9d0162fe8c01f,850,850
14,HEAVY EU DC INVERTER,AUW-24U4RJ7,06.jpg,Hisense/images-rebuild/2026-09-29/packets/14_HEAVY_UNIVERSO/Hisense_images_rebuilt/HEAVY EU DC INVERTER/AUW-24U4RJ7/06.jpg,d9944b1e429fd8d14c2517dcc2318c2f569cf48b630cfce951053a3e6702462f,beb1c1368cc9332b,850,850
14,HEAVY EU DC INVERTER,AUW-24U4RJ7,03.jpg,Hisense/images-rebuild/2026-09-29/packets/14_HEAVY_UNIVERSO/Hisense_images_rebuilt/HEAVY EU DC INVERTER/AUW-24U4RJ7/03.jpg,047f09f590a8859329d2f6ee45d98b33439c679d6531065d9b59e365ee218712,e334986b989bcd86,850,850
14,HEAVY EU DC INVERTER,AUW-24U4RJ7,07.jpg,Hisense/images-rebuild/2026-09-29/packets/14_HEAVY_UNIVERSO/Hisense_images_rebuilt/HEAVY EU DC INVERTER/AUW-24U4RJ7/07.jpg,323c7d9843565937e2e11b770a5bc7353a024f66965f3a34bcbe6af51be381eb,b853c5b3c1a68e95,850,850
14,HEAVY EU DC INVERTER,AUW-24U4RJ7,01.jpg,Hisense/images-rebuild/2026-09-29/packets/14_HEAVY_UNIVERSO/Hisense_images_rebuilt/HEAVY EU DC INVERTER/AUW-24U4RJ7/01.jpg,6f6608fde1e7ccc741f80f1a9308cd3871e79af39098ecadda3e0d3624b24d8e,ef7790d80f64e013,850,850
14,HEAVY EU DC INVERTER,AUW-24U4RJ7,05.jpg,Hisense/images-rebuild/2026-09-29/packets/14_HEAVY_UNIVERSO/Hisense_images_rebuilt/HEAVY EU DC INVERTER/AUW-24U4RJ7/05.jpg,0cfd02ffdc777ea0f1f8eb8b720efaabbbe660ace041027fd3966fa30a7a1e5a,be91c1768649333d,850,850
14,HEAVY EU DC INVERTER,AUW-24U4RJ7,04.jpg,Hisense/images-rebuild/2026-09-29/packets/14_HEAVY_UNIVERSO/Hisense_images_rebuilt/HEAVY EU DC INVERTER/AUW-24U4RJ7/04.jpg,b4b5974faf7d95b55334671b2c4eda92687e71fa4ca58cb12cfd90ae76284e54,ef77d0d80f646013,850,850
14,HEAVY EU DC INVERTER,AUW-60U6RW8,02.jpg,Hisense/images-rebuild/2026-09-29/packets/14_HEAVY_UNIVERSO/Hisense_images_rebuilt/HEAVY EU DC INVERTER/AUW-60U6RW8/02.jpg,833e8140e3d3f9f38a79a5a42f3746185144b4584be1911863268887000347e1,ec39688697c486e7,850,850
14,HEAVY EU DC INVERTER,AUW-60U6RW8,08.jpg,Hisense/images-rebuild/2026-09-29/packets/14_HEAVY_UNIVERSO/Hisense_images_rebuilt/HEAVY EU DC INVERTER/AUW-60U6RW8/08.jpg,4c68532ea2ccefb99c501d96fcef37c920ab21a7c65f7e739f4ee4239020be1b,abe9d0162fe8c01f,850,850
14,HEAVY EU DC INVERTER,AUW-60U6RW8,06.jpg,Hisense/images-rebuild/2026-09-29/packets/14_HEAVY_UNIVERSO/Hisense_images_rebuilt/HEAVY EU DC INVERTER/AUW-60U6RW8/06.jpg,d9944b1e429fd8d14c2517dcc2318c2f569cf48b630cfce951053a3e6702462f,beb1c1368cc9332b,850,850
14,HEAVY EU DC INVERTER,AUW-60U6RW8,03.jpg,Hisense/images-rebuild/2026-09-29/packets/14_HEAVY_UNIVERSO/Hisense_images_rebuilt/HEAVY EU DC INVERTER/AUW-60U6RW8/03.jpg,047f09f590a8859329d2f6ee45d98b33439c679d6531065d9b59e365ee218712,e334986b989bcd86,850,850
14,HEAVY EU DC INVERTER,AUW-60U6RW8,07.jpg,Hisense/images-rebuild/2026-09-29/packets/14_HEAVY_UNIVERSO/Hisense_images_rebuilt/HEAVY EU DC INVERTER/AUW-60U6RW8/07.jpg,323c7d9843565937e2e11b770a5bc7353a024f66965f3a34bcbe6af51be381eb,b853c5b3c1a68e95,850,850
14,HEAVY EU DC INVERTER,AUW-60U6RW8,01.jpg,Hisense/images-rebuild/2026-09-29/packets/14_HEAVY_UNIVERSO/Hisense_images_rebuilt/HEAVY EU DC INVERTER/AUW-60U6RW8/01.jpg,6f6608fde1e7ccc741f80f1a9308cd3871e79af39098ecadda3e0d3624b24d8e,ef7790d80f64e013,850,850
14,HEAVY EU DC INVERTER,AUW-60U6RW8,05.jpg,Hisense/images-rebuild/2026-09-29/packets/14_HEAVY_UNIVERSO/Hisense_images_rebuilt/HEAVY EU DC INVERTER/AUW-60U6RW8/05.jpg,0cfd02ffdc777ea0f1f8eb8b720efaabbbe660ace041027fd3966fa30a7a1e5a,be91c1768649333d,850,850
14,HEAVY EU DC INVERTER,AUW-60U6RW8,04.jpg,Hisense/images-rebuild/2026-09-29/packets/14_HEAVY_UNIVERSO/Hisense_images_rebuilt/HEAVY EU DC INVERTER/AUW-60U6RW8/04.jpg,b4b5974faf7d95b55334671b2c4eda92687e71fa4ca58cb12cfd90ae76284e54,ef77d0d80f646013,850,850
11,MACS,MACS-I-PD76P2K,01.jpg,Hisense/images-rebuild/2026-09-29/packets/11_MACS_D_B/Hisense_images_rebuilt/MACS/MACS-I-PD76P2K/01.jpg,b30f7fbbcbb4f461450628231b9ed75a44b794d4c5cdf47bb445dadc23ca8ee5,fb62849d6b621eb0,850,850
11,MACS,MACS-I-D56P2KU,01.jpg,Hisense/images-rebuild/2026-09-29/packets/11_MACS_D_B/Hisense_images_rebuilt/MACS/MACS-I-D56P2KU/01.jpg,b5a171e4e88aa7f17dfec850389f8779a95ba467c4e6f940cade520e75006178,bec2c13d6ace9521,850,850
11,MACS,MACS-I-PD91P2K,01.jpg,Hisense/images-rebuild/2026-09-29/packets/11_MACS_D_B/Hisense_images_rebuilt/MACS/MACS-I-PD91P2K/01.jpg,85ba1565aa1f62ee2f1084db9ca60dec8a7fbb27482ddd1af123b1b2ca7612ef,fb62849d6b621eb0,850,850
11,MACS,MACS-I-D30P2KU,01.jpg,Hisense/images-rebuild/2026-09-29/packets/11_MACS_D_B/Hisense_images_rebuilt/MACS/MACS-I-D30P2KU/01.jpg,b5a171e4e88aa7f17dfec850389f8779a95ba467c4e6f940cade520e75006178,bec2c13d6ace9521,850,850
11,MACS,MACS-I-D100P2KU,01.jpg,Hisense/images-rebuild/2026-09-29/packets/11_MACS_D_B/Hisense_images_rebuilt/MACS/MACS-I-D100P2KU/01.jpg,b5a171e4e88aa7f17dfec850389f8779a95ba467c4e6f940cade520e75006178,bec2c13d6ace9521,850,850
11,MACS,MACS-I-D80P2KU,01.jpg,Hisense/images-rebuild/2026-09-29/packets/11_MACS_D_B/Hisense_images_rebuilt/MACS/MACS-I-D80P2KU/01.jpg,b5a171e4e88aa7f17dfec850389f8779a95ba467c4e6f940cade520e75006178,bec2c13d6ace9521,850,850
11,MACS,MACS-I-ED56P2K,01.jpg,Hisense/images-rebuild/2026-09-29/packets/11_MACS_D_B/Hisense_images_rebuilt/MACS/MACS-I-ED56P2K/01.jpg,7ef7ea6a5fdc429853dd4c25f8cc2a5dcb7586d89270ee41488db85919938b57,bec2c13d6ace9521,850,850
11,MACS,MACS-I-ED46P2K,01.jpg,Hisense/images-rebuild/2026-09-29/packets/11_MACS_D_B/Hisense_images_rebuilt/MACS/MACS-I-ED46P2K/01.jpg,7ef7ea6a5fdc429853dd4c25f8cc2a5dcb7586d89270ee41488db85919938b57,bec2c13d6ace9521,850,850
11,MACS,MACS-I-ED41P2K,01.jpg,Hisense/images-rebuild/2026-09-29/packets/11_MACS_D_B/Hisense_images_rebuilt/MACS/MACS-I-ED41P2K/01.jpg,7ef7ea6a5fdc429853dd4c25f8cc2a5dcb7586d89270ee41488db85919938b57,bec2c13d6ace9521,850,850
11,MACS,MACS-I-D45P2KU,01.jpg,Hisense/images-rebuild/2026-09-29/packets/11_MACS_D_B/Hisense_images_rebuilt/MACS/MACS-I-D45P2KU/01.jpg,b5a171e4e88aa7f17dfec850389f8779a95ba467c4e6f940cade520e75006178,bec2c13d6ace9521,850,850
11,MACS,MACS-I-PD220P2K,01.jpg,Hisense/images-rebuild/2026-09-29/packets/11_MACS_D_B/Hisense_images_rebuilt/MACS/MACS-I-PD220P2K/01.jpg,b30f7fbbcbb4f461450628231b9ed75a44b794d4c5cdf47bb445dadc23ca8ee5,fb62849d6b621eb0,850,850
11,MACS,MACS-I-ED31P2K,01.jpg,Hisense/images-rebuild/2026-09-29/packets/11_MACS_D_B/Hisense_images_rebuilt/MACS/MACS-I-ED31P2K/01.jpg,7ef7ea6a5fdc429853dd4c25f8cc2a5dcb7586d89270ee41488db85919938b57,bec2c13d6ace9521,850,850
11,MACS,MACS-I-D40P2KU,01.jpg,Hisense/images-rebuild/2026-09-29/packets/11_MACS_D_B/Hisense_images_rebuilt/MACS/MACS-I-D40P2KU/01.jpg,b5a171e4e88aa7f17dfec850389f8779a95ba467c4e6f940cade520e75006178,bec2c13d6ace9521,850,850
11,MACS,MACS-I-PD136P2K,01.jpg,Hisense/images-rebuild/2026-09-29/packets/11_MACS_D_B/Hisense_images_rebuilt/MACS/MACS-I-PD136P2K/01.jpg,b30f7fbbcbb4f461450628231b9ed75a44b794d4c5cdf47bb445dadc23ca8ee5,fb62849d6b621eb0,850,850
11,MACS,MACS-I-ED131P2K,01.jpg,Hisense/images-rebuild/2026-09-29/packets/11_MACS_D_B/Hisense_images_rebuilt/MACS/MACS-I-ED131P2K/01.jpg,7ef7ea6a5fdc429853dd4c25f8cc2a5dcb7586d89270ee41488db85919938b57,bec2c13d6ace9521,850,850
11,MACS,MACS-I-ED111P2K,01.jpg,Hisense/images-rebuild/2026-09-29/packets/11_MACS_D_B/Hisense_images_rebuilt/MACS/MACS-I-ED111P2K/01.jpg,7ef7ea6a5fdc429853dd4c25f8cc2a5dcb7586d89270ee41488db85919938b57,bec2c13d6ace9521,850,850
11,MACS,MACS-I-ED96P2K,01.jpg,Hisense/images-rebuild/2026-09-29/packets/11_MACS_D_B/Hisense_images_rebuilt/MACS/MACS-I-ED96P2K/01.jpg,7ef7ea6a5fdc429853dd4c25f8cc2a5dcb7586d89270ee41488db85919938b57,bec2c13d6ace9521,850,850
11,MACS,MACS-I-ED21P2K,01.jpg,Hisense/images-rebuild/2026-09-29/packets/11_MACS_D_B/Hisense_images_rebuilt/MACS/MACS-I-ED21P2K/01.jpg,7ef7ea6a5fdc429853dd4c25f8cc2a5dcb7586d89270ee41488db85919938b57,bec2c13d6ace9521,850,850
11,MACS,MACS-I-PD61P2K,01.jpg,Hisense/images-rebuild/2026-09-29/packets/11_MACS_D_B/Hisense_images_rebuilt/MACS/MACS-I-PD61P2K/01.jpg,b30f7fbbcbb4f461450628231b9ed75a44b794d4c5cdf47bb445dadc23ca8ee5,fb62849d6b621eb0,850,850
11,MACS,MACS-I-ED81P2K,01.jpg,Hisense/images-rebuild/2026-09-29/packets/11_MACS_D_B/Hisense_images_rebuilt/MACS/MACS-I-ED81P2K/01.jpg,7ef7ea6a5fdc429853dd4c25f8cc2a5dcb7586d89270ee41488db85919938b57,bec2c13d6ace9521,850,850
11,MACS,MACS-I-D120P2KU,01.jpg,Hisense/images-rebuild/2026-09-29/packets/11_MACS_D_B/Hisense_images_rebuilt/MACS/MACS-I-D120P2KU/01.jpg,b5a171e4e88aa7f17dfec850389f8779a95ba467c4e6f940cade520e75006178,bec2c13d6ace9521,850,850
11,MACS,MACS-I-D140P2KU,01.jpg,Hisense/images-rebuild/2026-09-29/packets/11_MACS_D_B/Hisense_images_rebuilt/MACS/MACS-I-D140P2KU/01.jpg,b5a171e4e88aa7f17dfec850389f8779a95ba467c4e6f940cade520e75006178,bec2c13d6ace9521,850,850
11,MACS,MACS-I-PD116P2K,01.jpg,Hisense/images-rebuild/2026-09-29/packets/11_MACS_D_B/Hisense_images_rebuilt/MACS/MACS-I-PD116P2K/01.jpg,b30f7fbbcbb4f461450628231b9ed75a44b794d4c5cdf47bb445dadc23ca8ee5,fb62849d6b621eb0,850,850
10,MACS,MACS-I-VD56P2K,01.jpg,Hisense/images-rebuild/2026-09-29/packets/10_MACS_D_A/Hisense_images_rebuilt/MACS/MACS-I-VD56P2K/01.jpg,385ea6a28a6f7ebb4a4ce5231d04c2c369e0c0b638ca3cf11b35dfac6f6439b4,bf6ac0969d81176a,850,850
10,MACS,MACS-I-D140P4K,01.jpg,Hisense/images-rebuild/2026-09-29/packets/10_MACS_D_A/Hisense_images_rebuilt/MACS/MACS-I-D140P4K/01.jpg,b5a171e4e88aa7f17dfec850389f8779a95ba467c4e6f940cade520e75006178,bec2c13d6ace9521,850,850
10,MACS,MACS-I-VD40P2K,01.jpg,Hisense/images-rebuild/2026-09-29/packets/10_MACS_D_A/Hisense_images_rebuilt/MACS/MACS-I-VD40P2K/01.jpg,385ea6a28a6f7ebb4a4ce5231d04c2c369e0c0b638ca3cf11b35dfac6f6439b4,bf6ac0969d81176a,850,850
10,MACS,MACS-I-VD120P4K,01.jpg,Hisense/images-rebuild/2026-09-29/packets/10_MACS_D_A/Hisense_images_rebuilt/MACS/MACS-I-VD120P4K/01.jpg,d2d1c8374f57c1ce94835e14692d798beb43ed716766fc6beabd79904d95ac53,bf6ac0969d81176a,850,850
10,MACS,MACS-I-VD30P4K,01.jpg,Hisense/images-rebuild/2026-09-29/packets/10_MACS_D_A/Hisense_images_rebuilt/MACS/MACS-I-VD30P4K/01.jpg,d2d1c8374f57c1ce94835e14692d798beb43ed716766fc6beabd79904d95ac53,bf6ac0969d81176a,850,850
10,MACS,MACS-I-VD40P4K,01.jpg,Hisense/images-rebuild/2026-09-29/packets/10_MACS_D_A/Hisense_images_rebuilt/MACS/MACS-I-VD40P4K/01.jpg,d2d1c8374f57c1ce94835e14692d798beb43ed716766fc6beabd79904d95ac53,bf6ac0969d81176a,850,850
10,MACS,MACS-I-D120P4K,01.jpg,Hisense/images-rebuild/2026-09-29/packets/10_MACS_D_A/Hisense_images_rebuilt/MACS/MACS-I-D120P4K/01.jpg,b5a171e4e88aa7f17dfec850389f8779a95ba467c4e6f940cade520e75006178,bec2c13d6ace9521,850,850
10,MACS,MACS-I-VD140P4K,01.jpg,Hisense/images-rebuild/2026-09-29/packets/10_MACS_D_A/Hisense_images_rebuilt/MACS/MACS-I-VD140P4K/01.jpg,d2d1c8374f57c1ce94835e14692d798beb43ed716766fc6beabd79904d95ac53,bf6ac0969d81176a,850,850
10,MACS,MACS-I-VD56P4K,01.jpg,Hisense/images-rebuild/2026-09-29/packets/10_MACS_D_A/Hisense_images_rebuilt/MACS/MACS-I-VD56P4K/01.jpg,d2d1c8374f57c1ce94835e14692d798beb43ed716766fc6beabd79904d95ac53,bf6ac0969d81176a,850,850
10,MACS,MACS-I-VD100P2K,01.jpg,Hisense/images-rebuild/2026-09-29/packets/10_MACS_D_A/Hisense_images_rebuilt/MACS/MACS-I-VD100P2K/01.jpg,385ea6a28a6f7ebb4a4ce5231d04c2c369e0c0b638ca3cf11b35dfac6f6439b4,bf6ac0969d81176a,850,850
10,MACS,MACS-I-D100P4K,01.jpg,Hisense/images-rebuild/2026-09-29/packets/10_MACS_D_A/Hisense_images_rebuilt/MACS/MACS-I-D100P4K/01.jpg,b5a171e4e88aa7f17dfec850389f8779a95ba467c4e6f940cade520e75006178,bec2c13d6ace9521,850,850
10,MACS,MACS-I-VD20P4K,01.jpg,Hisense/images-rebuild/2026-09-29/packets/10_MACS_D_A/Hisense_images_rebuilt/MACS/MACS-I-VD20P4K/01.jpg,d2d1c8374f57c1ce94835e14692d798beb43ed716766fc6beabd79904d95ac53,bf6ac0969d81176a,850,850
10,MACS,MACS-I-VD120P2K,01.jpg,Hisense/images-rebuild/2026-09-29/packets/10_MACS_D_A/Hisense_images_rebuilt/MACS/MACS-I-VD120P2K/01.jpg,385ea6a28a6f7ebb4a4ce5231d04c2c369e0c0b638ca3cf11b35dfac6f6439b4,bf6ac0969d81176a,850,850
10,MACS,MACS-I-VD100P4K,01.jpg,Hisense/images-rebuild/2026-09-29/packets/10_MACS_D_A/Hisense_images_rebuilt/MACS/MACS-I-VD100P4K/01.jpg,d2d1c8374f57c1ce94835e14692d798beb43ed716766fc6beabd79904d95ac53,bf6ac0969d81176a,850,850
10,MACS,MACS-I-VD140P2K,01.jpg,Hisense/images-rebuild/2026-09-29/packets/10_MACS_D_A/Hisense_images_rebuilt/MACS/MACS-I-VD140P2K/01.jpg,385ea6a28a6f7ebb4a4ce5231d04c2c369e0c0b638ca3cf11b35dfac6f6439b4,bf6ac0969d81176a,850,850
10,MACS,MACS-I-VD80P2K,01.jpg,Hisense/images-rebuild/2026-09-29/packets/10_MACS_D_A/Hisense_images_rebuilt/MACS/MACS-I-VD80P2K/01.jpg,385ea6a28a6f7ebb4a4ce5231d04c2c369e0c0b638ca3cf11b35dfac6f6439b4,bf6ac0969d81176a,850,850
10,MACS,MACS-I-D20P2KU,01.jpg,Hisense/images-rebuild/2026-09-29/packets/10_MACS_D_A/Hisense_images_rebuilt/MACS/MACS-I-D20P2KU/01.jpg,b5a171e4e88aa7f17dfec850389f8779a95ba467c4e6f940cade520e75006178,bec2c13d6ace9521,850,850
10,MACS,MACS-I-D80P4K,01.jpg,Hisense/images-rebuild/2026-09-29/packets/10_MACS_D_A/Hisense_images_rebuilt/MACS/MACS-I-D80P4K/01.jpg,b5a171e4e88aa7f17dfec850389f8779a95ba467c4e6f940cade520e75006178,bec2c13d6ace9521,850,850
10,MACS,MACS-I-VD20P2K,01.jpg,Hisense/images-rebuild/2026-09-29/packets/10_MACS_D_A/Hisense_images_rebuilt/MACS/MACS-I-VD20P2K/01.jpg,385ea6a28a6f7ebb4a4ce5231d04c2c369e0c0b638ca3cf11b35dfac6f6439b4,bf6ac0969d81176a,850,850
10,MACS,MACS-I-VD30P2K,01.jpg,Hisense/images-rebuild/2026-09-29/packets/10_MACS_D_A/Hisense_images_rebuilt/MACS/MACS-I-VD30P2K/01.jpg,385ea6a28a6f7ebb4a4ce5231d04c2c369e0c0b638ca3cf11b35dfac6f6439b4,bf6ac0969d81176a,850,850
10,MACS,MACS-I-VD80P4K,01.jpg,Hisense/images-rebuild/2026-09-29/packets/10_MACS_D_A/Hisense_images_rebuilt/MACS/MACS-I-VD80P4K/01.jpg,d2d1c8374f57c1ce94835e14692d798beb43ed716766fc6beabd79904d95ac53,bf6ac0969d81176a,850,850
10,MACS,MACS-I-VD45P2K,01.jpg,Hisense/images-rebuild/2026-09-29/packets/10_MACS_D_A/Hisense_images_rebuilt/MACS/MACS-I-VD45P2K/01.jpg,385ea6a28a6f7ebb4a4ce5231d04c2c369e0c0b638ca3cf11b35dfac6f6439b4,bf6ac0969d81176a,850,850
10,MACS,MACS-I-VD45P4K,01.jpg,Hisense/images-rebuild/2026-09-29/packets/10_MACS_D_A/Hisense_images_rebuilt/MACS/MACS-I-VD45P4K/01.jpg,d2d1c8374f57c1ce94835e14692d798beb43ed716766fc6beabd79904d95ac53,bf6ac0969d81176a,850,850
02,AVBC-HJDBA,AVBC-12HJDBA,02.jpg,Hisense/images-rebuild/2026-09-29/packets/02_AVBC/Hisense_images_rebuilt/AVBC-HJDBA/AVBC-12HJDBA/02.jpg,e364127d2cfd89a31ff627a7cf5c167e6fceb432904ba630c9bee99ccabd2332,b091c76f3c907363,850,850
02,AVBC-HJDBA,AVBC-12HJDBA,06.jpg,Hisense/images-rebuild/2026-09-29/packets/02_AVBC/Hisense_images_rebuilt/AVBC-HJDBA/AVBC-12HJDBA/06.jpg,a66c6c491142784b2c1777047d07ecc83f07ac9d57c0c832aefab88575348343,ba32c5cf0dbc3063,850,850
02,AVBC-HJDBA,AVBC-12HJDBA,03.jpg,Hisense/images-rebuild/2026-09-29/packets/02_AVBC/Hisense_images_rebuilt/AVBC-HJDBA/AVBC-12HJDBA/03.jpg,833e8140e3d3f9f38a79a5a42f3746185144b4584be1911863268887000347e1,ec39688697c486e7,850,850
02,AVBC-HJDBA,AVBC-12HJDBA,07.jpg,Hisense/images-rebuild/2026-09-29/packets/02_AVBC/Hisense_images_rebuilt/AVBC-HJDBA/AVBC-12HJDBA/07.jpg,5345f033dd57ab6cd8ae63623bfea002ca4f56e8d34af188a6a92bca7567df32,ea8c947a6885b75a,850,850
02,AVBC-HJDBA,AVBC-12HJDBA,01.jpg,Hisense/images-rebuild/2026-09-29/packets/02_AVBC/Hisense_images_rebuilt/AVBC-HJDBA/AVBC-12HJDBA/01.jpg,3e70ace41e79a848150952a45b49049bcb9fdc23b2ba526999b52aa0a815b1c8,e0299fa667c938c9,850,850
02,AVBC-HJDBA,AVBC-12HJDBA,05.jpg,Hisense/images-rebuild/2026-09-29/packets/02_AVBC/Hisense_images_rebuilt/AVBC-HJDBA/AVBC-12HJDBA/05.jpg,e60864881b79444f973f10af884c9387fff91afc2328f5cfc00459178dbb47d0,b7b6c04b4f9c3063,850,850
02,AVBC-HJDBA,AVBC-12HJDBA,04.jpg,Hisense/images-rebuild/2026-09-29/packets/02_AVBC/Hisense_images_rebuilt/AVBC-HJDBA/AVBC-12HJDBA/04.jpg,047f09f590a8859329d2f6ee45d98b33439c679d6531065d9b59e365ee218712,e334986b989bcd86,850,850
02,AVBC-HJDBA,AVBC-24HJDBA,02.jpg,Hisense/images-rebuild/2026-09-29/packets/02_AVBC/Hisense_images_rebuilt/AVBC-HJDBA/AVBC-24HJDBA/02.jpg,e364127d2cfd89a31ff627a7cf5c167e6fceb432904ba630c9bee99ccabd2332,b091c76f3c907363,850,850
02,AVBC-HJDBA,AVBC-24HJDBA,08.jpg,Hisense/images-rebuild/2026-09-29/packets/02_AVBC/Hisense_images_rebuilt/AVBC-HJDBA/AVBC-24HJDBA/08.jpg,130da847ad4fa3319d6c3bd4f17f64f7e22e5d423451a06ec2e2d1170d7efc60,bb85c06a62853f7a,850,850
02,AVBC-HJDBA,AVBC-24HJDBA,06.jpg,Hisense/images-rebuild/2026-09-29/packets/02_AVBC/Hisense_images_rebuilt/AVBC-HJDBA/AVBC-24HJDBA/06.jpg,a66c6c491142784b2c1777047d07ecc83f07ac9d57c0c832aefab88575348343,ba32c5cf0dbc3063,850,850
02,AVBC-HJDBA,AVBC-24HJDBA,03.jpg,Hisense/images-rebuild/2026-09-29/packets/02_AVBC/Hisense_images_rebuilt/AVBC-HJDBA/AVBC-24HJDBA/03.jpg,833e8140e3d3f9f38a79a5a42f3746185144b4584be1911863268887000347e1,ec39688697c486e7,850,850
02,AVBC-HJDBA,AVBC-24HJDBA,07.jpg,Hisense/images-rebuild/2026-09-29/packets/02_AVBC/Hisense_images_rebuilt/AVBC-HJDBA/AVBC-24HJDBA/07.jpg,5345f033dd57ab6cd8ae63623bfea002ca4f56e8d34af188a6a92bca7567df32,ea8c947a6885b75a,850,850
02,AVBC-HJDBA,AVBC-24HJDBA,01.jpg,Hisense/images-rebuild/2026-09-29/packets/02_AVBC/Hisense_images_rebuilt/AVBC-HJDBA/AVBC-24HJDBA/01.jpg,3e70ace41e79a848150952a45b49049bcb9fdc23b2ba526999b52aa0a815b1c8,e0299fa667c938c9,850,850
02,AVBC-HJDBA,AVBC-24HJDBA,09.jpg,Hisense/images-rebuild/2026-09-29/packets/02_AVBC/Hisense_images_rebuilt/AVBC-HJDBA/AVBC-24HJDBA/09.jpg,747f32a8d9b91ab0e3729446cd2269a3608511e990b9cf2112d01e16a7717f83,fb84843a7bc42d9a,850,850
02,AVBC-HJDBA,AVBC-24HJDBA,05.jpg,Hisense/images-rebuild/2026-09-29/packets/02_AVBC/Hisense_images_rebuilt/AVBC-HJDBA/AVBC-24HJDBA/05.jpg,e60864881b79444f973f10af884c9387fff91afc2328f5cfc00459178dbb47d0,b7b6c04b4f9c3063,850,850
02,AVBC-HJDBA,AVBC-24HJDBA,04.jpg,Hisense/images-rebuild/2026-09-29/packets/02_AVBC/Hisense_images_rebuilt/AVBC-HJDBA/AVBC-24HJDBA/04.jpg,047f09f590a8859329d2f6ee45d98b33439c679d6531065d9b59e365ee218712,e334986b989bcd86,850,850
02,AVBC-HJDBA,AVBC-19HJDBA,02.jpg,Hisense/images-rebuild/2026-09-29/packets/02_AVBC/Hisense_images_rebuilt/AVBC-HJDBA/AVBC-19HJDBA/02.jpg,e364127d2cfd89a31ff627a7cf5c167e6fceb432904ba630c9bee99ccabd2332,b091c76f3c907363,850,850
02,AVBC-HJDBA,AVBC-19HJDBA,08.jpg,Hisense/images-rebuild/2026-09-29/packets/02_AVBC/Hisense_images_rebuilt/AVBC-HJDBA/AVBC-19HJDBA/08.jpg,130da847ad4fa3319d6c3bd4f17f64f7e22e5d423451a06ec2e2d1170d7efc60,bb85c06a62853f7a,850,850
02,AVBC-HJDBA,AVBC-19HJDBA,06.jpg,Hisense/images-rebuild/2026-09-29/packets/02_AVBC/Hisense_images_rebuilt/AVBC-HJDBA/AVBC-19HJDBA/06.jpg,a66c6c491142784b2c1777047d07ecc83f07ac9d57c0c832aefab88575348343,ba32c5cf0dbc3063,850,850
02,AVBC-HJDBA,AVBC-19HJDBA,03.jpg,Hisense/images-rebuild/2026-09-29/packets/02_AVBC/Hisense_images_rebuilt/AVBC-HJDBA/AVBC-19HJDBA/03.jpg,833e8140e3d3f9f38a79a5a42f3746185144b4584be1911863268887000347e1,ec39688697c486e7,850,850
02,AVBC-HJDBA,AVBC-19HJDBA,07.jpg,Hisense/images-rebuild/2026-09-29/packets/02_AVBC/Hisense_images_rebuilt/AVBC-HJDBA/AVBC-19HJDBA/07.jpg,5345f033dd57ab6cd8ae63623bfea002ca4f56e8d34af188a6a92bca7567df32,ea8c947a6885b75a,850,850
02,AVBC-HJDBA,AVBC-19HJDBA,01.jpg,Hisense/images-rebuild/2026-09-29/packets/02_AVBC/Hisense_images_rebuilt/AVBC-HJDBA/AVBC-19HJDBA/01.jpg,3e70ace41e79a848150952a45b49049bcb9fdc23b2ba526999b52aa0a815b1c8,e0299fa667c938c9,850,850
02,AVBC-HJDBA,AVBC-19HJDBA,09.jpg,Hisense/images-rebuild/2026-09-29/packets/02_AVBC/Hisense_images_rebuilt/AVBC-HJDBA/AVBC-19HJDBA/09.jpg,747f32a8d9b91ab0e3729446cd2269a3608511e990b9cf2112d01e16a7717f83,fb84843a7bc42d9a,850,850
02,AVBC-HJDBA,AVBC-19HJDBA,05.jpg,Hisense/images-rebuild/2026-09-29/packets/02_AVBC/Hisense_images_rebuilt/AVBC-HJDBA/AVBC-19HJDBA/05.jpg,e60864881b79444f973f10af884c9387fff91afc2328f5cfc00459178dbb47d0,b7b6c04b4f9c3063,850,850
02,AVBC-HJDBA,AVBC-19HJDBA,04.jpg,Hisense/images-rebuild/2026-09-29/packets/02_AVBC/Hisense_images_rebuilt/AVBC-HJDBA/AVBC-19HJDBA/04.jpg,047f09f590a8859329d2f6ee45d98b33439c679d6531065d9b59e365ee218712,e334986b989bcd86,850,850
02,AVBC-HJDBA,AVBC-30HJDBA,02.jpg,Hisense/images-rebuild/2026-09-29/packets/02_AVBC/Hisense_images_rebuilt/AVBC-HJDBA/AVBC-30HJDBA/02.jpg,e364127d2cfd89a31ff627a7cf5c167e6fceb432904ba630c9bee99ccabd2332,b091c76f3c907363,850,850
02,AVBC-HJDBA,AVBC-30HJDBA,08.jpg,Hisense/images-rebuild/2026-09-29/packets/02_AVBC/Hisense_images_rebuilt/AVBC-HJDBA/AVBC-30HJDBA/08.jpg,130da847ad4fa3319d6c3bd4f17f64f7e22e5d423451a06ec2e2d1170d7efc60,bb85c06a62853f7a,850,850
02,AVBC-HJDBA,AVBC-30HJDBA,06.jpg,Hisense/images-rebuild/2026-09-29/packets/02_AVBC/Hisense_images_rebuilt/AVBC-HJDBA/AVBC-30HJDBA/06.jpg,a66c6c491142784b2c1777047d07ecc83f07ac9d57c0c832aefab88575348343,ba32c5cf0dbc3063,850,850
02,AVBC-HJDBA,AVBC-30HJDBA,03.jpg,Hisense/images-rebuild/2026-09-29/packets/02_AVBC/Hisense_images_rebuilt/AVBC-HJDBA/AVBC-30HJDBA/03.jpg,833e8140e3d3f9f38a79a5a42f3746185144b4584be1911863268887000347e1,ec39688697c486e7,850,850
02,AVBC-HJDBA,AVBC-30HJDBA,07.jpg,Hisense/images-rebuild/2026-09-29/packets/02_AVBC/Hisense_images_rebuilt/AVBC-HJDBA/AVBC-30HJDBA/07.jpg,5345f033dd57ab6cd8ae63623bfea002ca4f56e8d34af188a6a92bca7567df32,ea8c947a6885b75a,850,850
02,AVBC-HJDBA,AVBC-30HJDBA,01.jpg,Hisense/images-rebuild/2026-09-29/packets/02_AVBC/Hisense_images_rebuilt/AVBC-HJDBA/AVBC-30HJDBA/01.jpg,3e70ace41e79a848150952a45b49049bcb9fdc23b2ba526999b52aa0a815b1c8,e0299fa667c938c9,850,850
02,AVBC-HJDBA,AVBC-30HJDBA,09.jpg,Hisense/images-rebuild/2026-09-29/packets/02_AVBC/Hisense_images_rebuilt/AVBC-HJDBA/AVBC-30HJDBA/09.jpg,747f32a8d9b91ab0e3729446cd2269a3608511e990b9cf2112d01e16a7717f83,fb84843a7bc42d9a,850,850
02,AVBC-HJDBA,AVBC-30HJDBA,05.jpg,Hisense/images-rebuild/2026-09-29/packets/02_AVBC/Hisense_images_rebuilt/AVBC-HJDBA/AVBC-30HJDBA/05.jpg,e60864881b79444f973f10af884c9387fff91afc2328f5cfc00459178dbb47d0,b7b6c04b4f9c3063,850,850
02,AVBC-HJDBA,AVBC-30HJDBA,04.jpg,Hisense/images-rebuild/2026-09-29/packets/02_AVBC/Hisense_images_rebuilt/AVBC-HJDBA/AVBC-30HJDBA/04.jpg,047f09f590a8859329d2f6ee45d98b33439c679d6531065d9b59e365ee218712,e334986b989bcd86,850,850
02,AVBC-HJDBA,AVBC-27HJDBA,02.jpg,Hisense/images-rebuild/2026-09-29/packets/02_AVBC/Hisense_images_rebuilt/AVBC-HJDBA/AVBC-27HJDBA/02.jpg,e364127d2cfd89a31ff627a7cf5c167e6fceb432904ba630c9bee99ccabd2332,b091c76f3c907363,850,850
02,AVBC-HJDBA,AVBC-27HJDBA,06.jpg,Hisense/images-rebuild/2026-09-29/packets/02_AVBC/Hisense_images_rebuilt/AVBC-HJDBA/AVBC-27HJDBA/06.jpg,a66c6c491142784b2c1777047d07ecc83f07ac9d57c0c832aefab88575348343,ba32c5cf0dbc3063,850,850
02,AVBC-HJDBA,AVBC-27HJDBA,03.jpg,Hisense/images-rebuild/2026-09-29/packets/02_AVBC/Hisense_images_rebuilt/AVBC-HJDBA/AVBC-27HJDBA/03.jpg,833e8140e3d3f9f38a79a5a42f3746185144b4584be1911863268887000347e1,ec39688697c486e7,850,850
02,AVBC-HJDBA,AVBC-27HJDBA,07.jpg,Hisense/images-rebuild/2026-09-29/packets/02_AVBC/Hisense_images_rebuilt/AVBC-HJDBA/AVBC-27HJDBA/07.jpg,5345f033dd57ab6cd8ae63623bfea002ca4f56e8d34af188a6a92bca7567df32,ea8c947a6885b75a,850,850
02,AVBC-HJDBA,AVBC-27HJDBA,01.jpg,Hisense/images-rebuild/2026-09-29/packets/02_AVBC/Hisense_images_rebuilt/AVBC-HJDBA/AVBC-27HJDBA/01.jpg,3e70ace41e79a848150952a45b49049bcb9fdc23b2ba526999b52aa0a815b1c8,e0299fa667c938c9,850,850
02,AVBC-HJDBA,AVBC-27HJDBA,05.jpg,Hisense/images-rebuild/2026-09-29/packets/02_AVBC/Hisense_images_rebuilt/AVBC-HJDBA/AVBC-27HJDBA/05.jpg,e60864881b79444f973f10af884c9387fff91afc2328f5cfc00459178dbb47d0,b7b6c04b4f9c3063,850,850
02,AVBC-HJDBA,AVBC-27HJDBA,04.jpg,Hisense/images-rebuild/2026-09-29/packets/02_AVBC/Hisense_images_rebuilt/AVBC-HJDBA/AVBC-27HJDBA/04.jpg,047f09f590a8859329d2f6ee45d98b33439c679d6531065d9b59e365ee218712,e334986b989bcd86,850,850
02,AVBC-HJDBA,AVBC-15HJDBA,02.jpg,Hisense/images-rebuild/2026-09-29/packets/02_AVBC/Hisense_images_rebuilt/AVBC-HJDBA/AVBC-15HJDBA/02.jpg,e364127d2cfd89a31ff627a7cf5c167e6fceb432904ba630c9bee99ccabd2332,b091c76f3c907363,850,850
02,AVBC-HJDBA,AVBC-15HJDBA,08.jpg,Hisense/images-rebuild/2026-09-29/packets/02_AVBC/Hisense_images_rebuilt/AVBC-HJDBA/AVBC-15HJDBA/08.jpg,130da847ad4fa3319d6c3bd4f17f64f7e22e5d423451a06ec2e2d1170d7efc60,bb85c06a62853f7a,850,850
02,AVBC-HJDBA,AVBC-15HJDBA,06.jpg,Hisense/images-rebuild/2026-09-29/packets/02_AVBC/Hisense_images_rebuilt/AVBC-HJDBA/AVBC-15HJDBA/06.jpg,a66c6c491142784b2c1777047d07ecc83f07ac9d57c0c832aefab88575348343,ba32c5cf0dbc3063,850,850
02,AVBC-HJDBA,AVBC-15HJDBA,03.jpg,Hisense/images-rebuild/2026-09-29/packets/02_AVBC/Hisense_images_rebuilt/AVBC-HJDBA/AVBC-15HJDBA/03.jpg,833e8140e3d3f9f38a79a5a42f3746185144b4584be1911863268887000347e1,ec39688697c486e7,850,850
02,AVBC-HJDBA,AVBC-15HJDBA,07.jpg,Hisense/images-rebuild/2026-09-29/packets/02_AVBC/Hisense_images_rebuilt/AVBC-HJDBA/AVBC-15HJDBA/07.jpg,5345f033dd57ab6cd8ae63623bfea002ca4f56e8d34af188a6a92bca7567df32,ea8c947a6885b75a,850,850
02,AVBC-HJDBA,AVBC-15HJDBA,01.jpg,Hisense/images-rebuild/2026-09-29/packets/02_AVBC/Hisense_images_rebuilt/AVBC-HJDBA/AVBC-15HJDBA/01.jpg,3e70ace41e79a848150952a45b49049bcb9fdc23b2ba526999b52aa0a815b1c8,e0299fa667c938c9,850,850
02,AVBC-HJDBA,AVBC-15HJDBA,09.jpg,Hisense/images-rebuild/2026-09-29/packets/02_AVBC/Hisense_images_rebuilt/AVBC-HJDBA/AVBC-15HJDBA/09.jpg,747f32a8d9b91ab0e3729446cd2269a3608511e990b9cf2112d01e16a7717f83,fb84843a7bc42d9a,850,850
02,AVBC-HJDBA,AVBC-15HJDBA,05.jpg,Hisense/images-rebuild/2026-09-29/packets/02_AVBC/Hisense_images_rebuilt/AVBC-HJDBA/AVBC-15HJDBA/05.jpg,e60864881b79444f973f10af884c9387fff91afc2328f5cfc00459178dbb47d0,b7b6c04b4f9c3063,850,850
02,AVBC-HJDBA,AVBC-15HJDBA,04.jpg,Hisense/images-rebuild/2026-09-29/packets/02_AVBC/Hisense_images_rebuilt/AVBC-HJDBA/AVBC-15HJDBA/04.jpg,047f09f590a8859329d2f6ee45d98b33439c679d6531065d9b59e365ee218712,e334986b989bcd86,850,850
02,AVBC-HJDBA,AVBC-54HJDBA,02.jpg,Hisense/images-rebuild/2026-09-29/packets/02_AVBC/Hisense_images_rebuilt/AVBC-HJDBA/AVBC-54HJDBA/02.jpg,e364127d2cfd89a31ff627a7cf5c167e6fceb432904ba630c9bee99ccabd2332,b091c76f3c907363,850,850
02,AVBC-HJDBA,AVBC-54HJDBA,06.jpg,Hisense/images-rebuild/2026-09-29/packets/02_AVBC/Hisense_images_rebuilt/AVBC-HJDBA/AVBC-54HJDBA/06.jpg,a66c6c491142784b2c1777047d07ecc83f07ac9d57c0c832aefab88575348343,ba32c5cf0dbc3063,850,850
02,AVBC-HJDBA,AVBC-54HJDBA,03.jpg,Hisense/images-rebuild/2026-09-29/packets/02_AVBC/Hisense_images_rebuilt/AVBC-HJDBA/AVBC-54HJDBA/03.jpg,833e8140e3d3f9f38a79a5a42f3746185144b4584be1911863268887000347e1,ec39688697c486e7,850,850
02,AVBC-HJDBA,AVBC-54HJDBA,07.jpg,Hisense/images-rebuild/2026-09-29/packets/02_AVBC/Hisense_images_rebuilt/AVBC-HJDBA/AVBC-54HJDBA/07.jpg,5345f033dd57ab6cd8ae63623bfea002ca4f56e8d34af188a6a92bca7567df32,ea8c947a6885b75a,850,850
02,AVBC-HJDBA,AVBC-54HJDBA,01.jpg,Hisense/images-rebuild/2026-09-29/packets/02_AVBC/Hisense_images_rebuilt/AVBC-HJDBA/AVBC-54HJDBA/01.jpg,3e70ace41e79a848150952a45b49049bcb9fdc23b2ba526999b52aa0a815b1c8,e0299fa667c938c9,850,850
02,AVBC-HJDBA,AVBC-54HJDBA,05.jpg,Hisense/images-rebuild/2026-09-29/packets/02_AVBC/Hisense_images_rebuilt/AVBC-HJDBA/AVBC-54HJDBA/05.jpg,e60864881b79444f973f10af884c9387fff91afc2328f5cfc00459178dbb47d0,b7b6c04b4f9c3063,850,850
02,AVBC-HJDBA,AVBC-54HJDBA,04.jpg,Hisense/images-rebuild/2026-09-29/packets/02_AVBC/Hisense_images_rebuilt/AVBC-HJDBA/AVBC-54HJDBA/04.jpg,047f09f590a8859329d2f6ee45d98b33439c679d6531065d9b59e365ee218712,e334986b989bcd86,850,850
02,AVBC-HJDBA,AVBC-48HJDBA,02.jpg,Hisense/images-rebuild/2026-09-29/packets/02_AVBC/Hisense_images_rebuilt/AVBC-HJDBA/AVBC-48HJDBA/02.jpg,e364127d2cfd89a31ff627a7cf5c167e6fceb432904ba630c9bee99ccabd2332,b091c76f3c907363,850,850
02,AVBC-HJDBA,AVBC-48HJDBA,08.jpg,Hisense/images-rebuild/2026-09-29/packets/02_AVBC/Hisense_images_rebuilt/AVBC-HJDBA/AVBC-48HJDBA/08.jpg,130da847ad4fa3319d6c3bd4f17f64f7e22e5d423451a06ec2e2d1170d7efc60,bb85c06a62853f7a,850,850
02,AVBC-HJDBA,AVBC-48HJDBA,06.jpg,Hisense/images-rebuild/2026-09-29/packets/02_AVBC/Hisense_images_rebuilt/AVBC-HJDBA/AVBC-48HJDBA/06.jpg,a66c6c491142784b2c1777047d07ecc83f07ac9d57c0c832aefab88575348343,ba32c5cf0dbc3063,850,850
02,AVBC-HJDBA,AVBC-48HJDBA,03.jpg,Hisense/images-rebuild/2026-09-29/packets/02_AVBC/Hisense_images_rebuilt/AVBC-HJDBA/AVBC-48HJDBA/03.jpg,833e8140e3d3f9f38a79a5a42f3746185144b4584be1911863268887000347e1,ec39688697c486e7,850,850
02,AVBC-HJDBA,AVBC-48HJDBA,07.jpg,Hisense/images-rebuild/2026-09-29/packets/02_AVBC/Hisense_images_rebuilt/AVBC-HJDBA/AVBC-48HJDBA/07.jpg,5345f033dd57ab6cd8ae63623bfea002ca4f56e8d34af188a6a92bca7567df32,ea8c947a6885b75a,850,850
02,AVBC-HJDBA,AVBC-48HJDBA,01.jpg,Hisense/images-rebuild/2026-09-29/packets/02_AVBC/Hisense_images_rebuilt/AVBC-HJDBA/AVBC-48HJDBA/01.jpg,3e70ace41e79a848150952a45b49049bcb9fdc23b2ba526999b52aa0a815b1c8,e0299fa667c938c9,850,850
02,AVBC-HJDBA,AVBC-48HJDBA,09.jpg,Hisense/images-rebuild/2026-09-29/packets/02_AVBC/Hisense_images_rebuilt/AVBC-HJDBA/AVBC-48HJDBA/09.jpg,747f32a8d9b91ab0e3729446cd2269a3608511e990b9cf2112d01e16a7717f83,fb84843a7bc42d9a,850,850
02,AVBC-HJDBA,AVBC-48HJDBA,05.jpg,Hisense/images-rebuild/2026-09-29/packets/02_AVBC/Hisense_images_rebuilt/AVBC-HJDBA/AVBC-48HJDBA/05.jpg,e60864881b79444f973f10af884c9387fff91afc2328f5cfc00459178dbb47d0,b7b6c04b4f9c3063,850,850
02,AVBC-HJDBA,AVBC-48HJDBA,04.jpg,Hisense/images-rebuild/2026-09-29/packets/02_AVBC/Hisense_images_rebuilt/AVBC-HJDBA/AVBC-48HJDBA/04.jpg,047f09f590a8859329d2f6ee45d98b33439c679d6531065d9b59e365ee218712,e334986b989bcd86,850,850
02,AVBC-HJDBA,AVBC-22HJDBA,02.jpg,Hisense/images-rebuild/2026-09-29/packets/02_AVBC/Hisense_images_rebuilt/AVBC-HJDBA/AVBC-22HJDBA/02.jpg,e364127d2cfd89a31ff627a7cf5c167e6fceb432904ba630c9bee99ccabd2332,b091c76f3c907363,850,850
02,AVBC-HJDBA,AVBC-22HJDBA,06.jpg,Hisense/images-rebuild/2026-09-29/packets/02_AVBC/Hisense_images_rebuilt/AVBC-HJDBA/AVBC-22HJDBA/06.jpg,a66c6c491142784b2c1777047d07ecc83f07ac9d57c0c832aefab88575348343,ba32c5cf0dbc3063,850,850
02,AVBC-HJDBA,AVBC-22HJDBA,03.jpg,Hisense/images-rebuild/2026-09-29/packets/02_AVBC/Hisense_images_rebuilt/AVBC-HJDBA/AVBC-22HJDBA/03.jpg,833e8140e3d3f9f38a79a5a42f3746185144b4584be1911863268887000347e1,ec39688697c486e7,850,850
02,AVBC-HJDBA,AVBC-22HJDBA,07.jpg,Hisense/images-rebuild/2026-09-29/packets/02_AVBC/Hisense_images_rebuilt/AVBC-HJDBA/AVBC-22HJDBA/07.jpg,5345f033dd57ab6cd8ae63623bfea002ca4f56e8d34af188a6a92bca7567df32,ea8c947a6885b75a,850,850
02,AVBC-HJDBA,AVBC-22HJDBA,01.jpg,Hisense/images-rebuild/2026-09-29/packets/02_AVBC/Hisense_images_rebuilt/AVBC-HJDBA/AVBC-22HJDBA/01.jpg,3e70ace41e79a848150952a45b49049bcb9fdc23b2ba526999b52aa0a815b1c8,e0299fa667c938c9,850,850
02,AVBC-HJDBA,AVBC-22HJDBA,05.jpg,Hisense/images-rebuild/2026-09-29/packets/02_AVBC/Hisense_images_rebuilt/AVBC-HJDBA/AVBC-22HJDBA/05.jpg,e60864881b79444f973f10af884c9387fff91afc2328f5cfc00459178dbb47d0,b7b6c04b4f9c3063,850,850
02,AVBC-HJDBA,AVBC-22HJDBA,04.jpg,Hisense/images-rebuild/2026-09-29/packets/02_AVBC/Hisense_images_rebuilt/AVBC-HJDBA/AVBC-22HJDBA/04.jpg,047f09f590a8859329d2f6ee45d98b33439c679d6531065d9b59e365ee218712,e334986b989bcd86,850,850
02,AVBC-HJDBA,AVBC-38HJDBA,02.jpg,Hisense/images-rebuild/2026-09-29/packets/02_AVBC/Hisense_images_rebuilt/AVBC-HJDBA/AVBC-38HJDBA/02.jpg,e364127d2cfd89a31ff627a7cf5c167e6fceb432904ba630c9bee99ccabd2332,b091c76f3c907363,850,850
02,AVBC-HJDBA,AVBC-38HJDBA,08.jpg,Hisense/images-rebuild/2026-09-29/packets/02_AVBC/Hisense_images_rebuilt/AVBC-HJDBA/AVBC-38HJDBA/08.jpg,130da847ad4fa3319d6c3bd4f17f64f7e22e5d423451a06ec2e2d1170d7efc60,bb85c06a62853f7a,850,850
02,AVBC-HJDBA,AVBC-38HJDBA,06.jpg,Hisense/images-rebuild/2026-09-29/packets/02_AVBC/Hisense_images_rebuilt/AVBC-HJDBA/AVBC-38HJDBA/06.jpg,a66c6c491142784b2c1777047d07ecc83f07ac9d57c0c832aefab88575348343,ba32c5cf0dbc3063,850,850
02,AVBC-HJDBA,AVBC-38HJDBA,03.jpg,Hisense/images-rebuild/2026-09-29/packets/02_AVBC/Hisense_images_rebuilt/AVBC-HJDBA/AVBC-38HJDBA/03.jpg,833e8140e3d3f9f38a79a5a42f3746185144b4584be1911863268887000347e1,ec39688697c486e7,850,850
02,AVBC-HJDBA,AVBC-38HJDBA,07.jpg,Hisense/images-rebuild/2026-09-29/packets/02_AVBC/Hisense_images_rebuilt/AVBC-HJDBA/AVBC-38HJDBA/07.jpg,5345f033dd57ab6cd8ae63623bfea002ca4f56e8d34af188a6a92bca7567df32,ea8c947a6885b75a,850,850
02,AVBC-HJDBA,AVBC-38HJDBA,01.jpg,Hisense/images-rebuild/2026-09-29/packets/02_AVBC/Hisense_images_rebuilt/AVBC-HJDBA/AVBC-38HJDBA/01.jpg,3e70ace41e79a848150952a45b49049bcb9fdc23b2ba526999b52aa0a815b1c8,e0299fa667c938c9,850,850
02,AVBC-HJDBA,AVBC-38HJDBA,09.jpg,Hisense/images-rebuild/2026-09-29/packets/02_AVBC/Hisense_images_rebuilt/AVBC-HJDBA/AVBC-38HJDBA/09.jpg,747f32a8d9b91ab0e3729446cd2269a3608511e990b9cf2112d01e16a7717f83,fb84843a7bc42d9a,850,850
02,AVBC-HJDBA,AVBC-38HJDBA,05.jpg,Hisense/images-rebuild/2026-09-29/packets/02_AVBC/Hisense_images_rebuilt/AVBC-HJDBA/AVBC-38HJDBA/05.jpg,e60864881b79444f973f10af884c9387fff91afc2328f5cfc00459178dbb47d0,b7b6c04b4f9c3063,850,850
02,AVBC-HJDBA,AVBC-38HJDBA,04.jpg,Hisense/images-rebuild/2026-09-29/packets/02_AVBC/Hisense_images_rebuilt/AVBC-HJDBA/AVBC-38HJDBA/04.jpg,047f09f590a8859329d2f6ee45d98b33439c679d6531065d9b59e365ee218712,e334986b989bcd86,850,850
02,AVBC-HJDBA,AVBC-09HJDBA,02.jpg,Hisense/images-rebuild/2026-09-29/packets/02_AVBC/Hisense_images_rebuilt/AVBC-HJDBA/AVBC-09HJDBA/02.jpg,e364127d2cfd89a31ff627a7cf5c167e6fceb432904ba630c9bee99ccabd2332,b091c76f3c907363,850,850
02,AVBC-HJDBA,AVBC-09HJDBA,08.jpg,Hisense/images-rebuild/2026-09-29/packets/02_AVBC/Hisense_images_rebuilt/AVBC-HJDBA/AVBC-09HJDBA/08.jpg,130da847ad4fa3319d6c3bd4f17f64f7e22e5d423451a06ec2e2d1170d7efc60,bb85c06a62853f7a,850,850
02,AVBC-HJDBA,AVBC-09HJDBA,06.jpg,Hisense/images-rebuild/2026-09-29/packets/02_AVBC/Hisense_images_rebuilt/AVBC-HJDBA/AVBC-09HJDBA/06.jpg,a66c6c491142784b2c1777047d07ecc83f07ac9d57c0c832aefab88575348343,ba32c5cf0dbc3063,850,850
02,AVBC-HJDBA,AVBC-09HJDBA,03.jpg,Hisense/images-rebuild/2026-09-29/packets/02_AVBC/Hisense_images_rebuilt/AVBC-HJDBA/AVBC-09HJDBA/03.jpg,833e8140e3d3f9f38a79a5a42f3746185144b4584be1911863268887000347e1,ec39688697c486e7,850,850
02,AVBC-HJDBA,AVBC-09HJDBA,07.jpg,Hisense/images-rebuild/2026-09-29/packets/02_AVBC/Hisense_images_rebuilt/AVBC-HJDBA/AVBC-09HJDBA/07.jpg,5345f033dd57ab6cd8ae63623bfea002ca4f56e8d34af188a6a92bca7567df32,ea8c947a6885b75a,850,850
02,AVBC-HJDBA,AVBC-09HJDBA,01.jpg,Hisense/images-rebuild/2026-09-29/packets/02_AVBC/Hisense_images_rebuilt/AVBC-HJDBA/AVBC-09HJDBA/01.jpg,3e70ace41e79a848150952a45b49049bcb9fdc23b2ba526999b52aa0a815b1c8,e0299fa667c938c9,850,850
02,AVBC-HJDBA,AVBC-09HJDBA,09.jpg,Hisense/images-rebuild/2026-09-29/packets/02_AVBC/Hisense_images_rebuilt/AVBC-HJDBA/AVBC-09HJDBA/09.jpg,747f32a8d9b91ab0e3729446cd2269a3608511e990b9cf2112d01e16a7717f83,fb84843a7bc42d9a,850,850
02,AVBC-HJDBA,AVBC-09HJDBA,05.jpg,Hisense/images-rebuild/2026-09-29/packets/02_AVBC/Hisense_images_rebuilt/AVBC-HJDBA/AVBC-09HJDBA/05.jpg,e60864881b79444f973f10af884c9387fff91afc2328f5cfc00459178dbb47d0,b7b6c04b4f9c3063,850,850
02,AVBC-HJDBA,AVBC-09HJDBA,04.jpg,Hisense/images-rebuild/2026-09-29/packets/02_AVBC/Hisense_images_rebuilt/AVBC-HJDBA/AVBC-09HJDBA/04.jpg,047f09f590a8859329d2f6ee45d98b33439c679d6531065d9b59e365ee218712,e334986b989bcd86,850,850
02,AVBC-HJFKA,AVBC-48HJFKA,02.jpg,Hisense/images-rebuild/2026-09-29/packets/02_AVBC/Hisense_images_rebuilt/AVBC-HJFKA/AVBC-48HJFKA/02.jpg,833e8140e3d3f9f38a79a5a42f3746185144b4584be1911863268887000347e1,ec39688697c486e7,850,850
02,AVBC-HJFKA,AVBC-48HJFKA,06.jpg,Hisense/images-rebuild/2026-09-29/packets/02_AVBC/Hisense_images_rebuilt/AVBC-HJFKA/AVBC-48HJFKA/06.jpg,6e970bc49d87158f961e15974a0b71659f4b80fa618429aa8e14c33dbb4184bd,b320999bce8e99cc,850,850
02,AVBC-HJFKA,AVBC-48HJFKA,03.jpg,Hisense/images-rebuild/2026-09-29/packets/02_AVBC/Hisense_images_rebuilt/AVBC-HJFKA/AVBC-48HJFKA/03.jpg,047f09f590a8859329d2f6ee45d98b33439c679d6531065d9b59e365ee218712,e334986b989bcd86,850,850
02,AVBC-HJFKA,AVBC-48HJFKA,07.jpg,Hisense/images-rebuild/2026-09-29/packets/02_AVBC/Hisense_images_rebuilt/AVBC-HJFKA/AVBC-48HJFKA/07.jpg,69f1ae8cb15bb161f0f4d6ba95917acd86f5533ceca08e7df31d8030c0512fab,bc38c2c71f3c70c3,850,850
02,AVBC-HJFKA,AVBC-48HJFKA,01.jpg,Hisense/images-rebuild/2026-09-29/packets/02_AVBC/Hisense_images_rebuilt/AVBC-HJFKA/AVBC-48HJFKA/01.jpg,6b411daf5e6cbc532d77e77ef3a64ed3ab084643fd9341329e7d5168869f2115,e461996cce9a8ec6,850,850
02,AVBC-HJFKA,AVBC-48HJFKA,05.jpg,Hisense/images-rebuild/2026-09-29/packets/02_AVBC/Hisense_images_rebuilt/AVBC-HJFKA/AVBC-48HJFKA/05.jpg,f7c46329f596f7d9a4a97a6555411092dc65a42f27cbb1fda37674c535927ac2,bc38c2c71f3c70c3,850,850
02,AVBC-HJFKA,AVBC-48HJFKA,04.jpg,Hisense/images-rebuild/2026-09-29/packets/02_AVBC/Hisense_images_rebuilt/AVBC-HJFKA/AVBC-48HJFKA/04.jpg,530e8ac813411c83f07dc9dee8ac52041e49038d3a8021302455ea23650f7862,fa60c19fbc30a11f,850,850
02,AVBC-HJFKA,AVBC-19HJFKA,02.jpg,Hisense/images-rebuild/2026-09-29/packets/02_AVBC/Hisense_images_rebuilt/AVBC-HJFKA/AVBC-19HJFKA/02.jpg,833e8140e3d3f9f38a79a5a42f3746185144b4584be1911863268887000347e1,ec39688697c486e7,850,850
02,AVBC-HJFKA,AVBC-19HJFKA,06.jpg,Hisense/images-rebuild/2026-09-29/packets/02_AVBC/Hisense_images_rebuilt/AVBC-HJFKA/AVBC-19HJFKA/06.jpg,6e970bc49d87158f961e15974a0b71659f4b80fa618429aa8e14c33dbb4184bd,b320999bce8e99cc,850,850
02,AVBC-HJFKA,AVBC-19HJFKA,03.jpg,Hisense/images-rebuild/2026-09-29/packets/02_AVBC/Hisense_images_rebuilt/AVBC-HJFKA/AVBC-19HJFKA/03.jpg,047f09f590a8859329d2f6ee45d98b33439c679d6531065d9b59e365ee218712,e334986b989bcd86,850,850
02,AVBC-HJFKA,AVBC-19HJFKA,07.jpg,Hisense/images-rebuild/2026-09-29/packets/02_AVBC/Hisense_images_rebuilt/AVBC-HJFKA/AVBC-19HJFKA/07.jpg,69f1ae8cb15bb161f0f4d6ba95917acd86f5533ceca08e7df31d8030c0512fab,bc38c2c71f3c70c3,850,850
02,AVBC-HJFKA,AVBC-19HJFKA,01.jpg,Hisense/images-rebuild/2026-09-29/packets/02_AVBC/Hisense_images_rebuilt/AVBC-HJFKA/AVBC-19HJFKA/01.jpg,6b411daf5e6cbc532d77e77ef3a64ed3ab084643fd9341329e7d5168869f2115,e461996cce9a8ec6,850,850
02,AVBC-HJFKA,AVBC-19HJFKA,05.jpg,Hisense/images-rebuild/2026-09-29/packets/02_AVBC/Hisense_images_rebuilt/AVBC-HJFKA/AVBC-19HJFKA/05.jpg,f7c46329f596f7d9a4a97a6555411092dc65a42f27cbb1fda37674c535927ac2,bc38c2c71f3c70c3,850,850
02,AVBC-HJFKA,AVBC-19HJFKA,04.jpg,Hisense/images-rebuild/2026-09-29/packets/02_AVBC/Hisense_images_rebuilt/AVBC-HJFKA/AVBC-19HJFKA/04.jpg,530e8ac813411c83f07dc9dee8ac52041e49038d3a8021302455ea23650f7862,fa60c19fbc30a11f,850,850
02,AVBC-HJFKA,AVBC-24HJFKA,02.jpg,Hisense/images-rebuild/2026-09-29/packets/02_AVBC/Hisense_images_rebuilt/AVBC-HJFKA/AVBC-24HJFKA/02.jpg,833e8140e3d3f9f38a79a5a42f3746185144b4584be1911863268887000347e1,ec39688697c486e7,850,850
02,AVBC-HJFKA,AVBC-24HJFKA,06.jpg,Hisense/images-rebuild/2026-09-29/packets/02_AVBC/Hisense_images_rebuilt/AVBC-HJFKA/AVBC-24HJFKA/06.jpg,6e970bc49d87158f961e15974a0b71659f4b80fa618429aa8e14c33dbb4184bd,b320999bce8e99cc,850,850
02,AVBC-HJFKA,AVBC-24HJFKA,03.jpg,Hisense/images-rebuild/2026-09-29/packets/02_AVBC/Hisense_images_rebuilt/AVBC-HJFKA/AVBC-24HJFKA/03.jpg,047f09f590a8859329d2f6ee45d98b33439c679d6531065d9b59e365ee218712,e334986b989bcd86,850,850
02,AVBC-HJFKA,AVBC-24HJFKA,07.jpg,Hisense/images-rebuild/2026-09-29/packets/02_AVBC/Hisense_images_rebuilt/AVBC-HJFKA/AVBC-24HJFKA/07.jpg,69f1ae8cb15bb161f0f4d6ba95917acd86f5533ceca08e7df31d8030c0512fab,bc38c2c71f3c70c3,850,850
02,AVBC-HJFKA,AVBC-24HJFKA,01.jpg,Hisense/images-rebuild/2026-09-29/packets/02_AVBC/Hisense_images_rebuilt/AVBC-HJFKA/AVBC-24HJFKA/01.jpg,6b411daf5e6cbc532d77e77ef3a64ed3ab084643fd9341329e7d5168869f2115,e461996cce9a8ec6,850,850
02,AVBC-HJFKA,AVBC-24HJFKA,05.jpg,Hisense/images-rebuild/2026-09-29/packets/02_AVBC/Hisense_images_rebuilt/AVBC-HJFKA/AVBC-24HJFKA/05.jpg,f7c46329f596f7d9a4a97a6555411092dc65a42f27cbb1fda37674c535927ac2,bc38c2c71f3c70c3,850,850
02,AVBC-HJFKA,AVBC-24HJFKA,04.jpg,Hisense/images-rebuild/2026-09-29/packets/02_AVBC/Hisense_images_rebuilt/AVBC-HJFKA/AVBC-24HJFKA/04.jpg,530e8ac813411c83f07dc9dee8ac52041e49038d3a8021302455ea23650f7862,fa60c19fbc30a11f,850,850
02,AVBC-HJFKA,AVBC-38HJFKA,02.jpg,Hisense/images-rebuild/2026-09-29/packets/02_AVBC/Hisense_images_rebuilt/AVBC-HJFKA/AVBC-38HJFKA/02.jpg,833e8140e3d3f9f38a79a5a42f3746185144b4584be1911863268887000347e1,ec39688697c486e7,850,850
02,AVBC-HJFKA,AVBC-38HJFKA,06.jpg,Hisense/images-rebuild/2026-09-29/packets/02_AVBC/Hisense_images_rebuilt/AVBC-HJFKA/AVBC-38HJFKA/06.jpg,6e970bc49d87158f961e15974a0b71659f4b80fa618429aa8e14c33dbb4184bd,b320999bce8e99cc,850,850
02,AVBC-HJFKA,AVBC-38HJFKA,03.jpg,Hisense/images-rebuild/2026-09-29/packets/02_AVBC/Hisense_images_rebuilt/AVBC-HJFKA/AVBC-38HJFKA/03.jpg,047f09f590a8859329d2f6ee45d98b33439c679d6531065d9b59e365ee218712,e334986b989bcd86,850,850
02,AVBC-HJFKA,AVBC-38HJFKA,07.jpg,Hisense/images-rebuild/2026-09-29/packets/02_AVBC/Hisense_images_rebuilt/AVBC-HJFKA/AVBC-38HJFKA/07.jpg,69f1ae8cb15bb161f0f4d6ba95917acd86f5533ceca08e7df31d8030c0512fab,bc38c2c71f3c70c3,850,850
02,AVBC-HJFKA,AVBC-38HJFKA,01.jpg,Hisense/images-rebuild/2026-09-29/packets/02_AVBC/Hisense_images_rebuilt/AVBC-HJFKA/AVBC-38HJFKA/01.jpg,6b411daf5e6cbc532d77e77ef3a64ed3ab084643fd9341329e7d5168869f2115,e461996cce9a8ec6,850,850
02,AVBC-HJFKA,AVBC-38HJFKA,05.jpg,Hisense/images-rebuild/2026-09-29/packets/02_AVBC/Hisense_images_rebuilt/AVBC-HJFKA/AVBC-38HJFKA/05.jpg,f7c46329f596f7d9a4a97a6555411092dc65a42f27cbb1fda37674c535927ac2,bc38c2c71f3c70c3,850,850
02,AVBC-HJFKA,AVBC-38HJFKA,04.jpg,Hisense/images-rebuild/2026-09-29/packets/02_AVBC/Hisense_images_rebuilt/AVBC-HJFKA/AVBC-38HJFKA/04.jpg,530e8ac813411c83f07dc9dee8ac52041e49038d3a8021302455ea23650f7862,fa60c19fbc30a11f,850,850
02,AVBC-HJFKA,AVBC-30HJFKA,02.jpg,Hisense/images-rebuild/2026-09-29/packets/02_AVBC/Hisense_images_rebuilt/AVBC-HJFKA/AVBC-30HJFKA/02.jpg,833e8140e3d3f9f38a79a5a42f3746185144b4584be1911863268887000347e1,ec39688697c486e7,850,850
02,AVBC-HJFKA,AVBC-30HJFKA,06.jpg,Hisense/images-rebuild/2026-09-29/packets/02_AVBC/Hisense_images_rebuilt/AVBC-HJFKA/AVBC-30HJFKA/06.jpg,6e970bc49d87158f961e15974a0b71659f4b80fa618429aa8e14c33dbb4184bd,b320999bce8e99cc,850,850
02,AVBC-HJFKA,AVBC-30HJFKA,03.jpg,Hisense/images-rebuild/2026-09-29/packets/02_AVBC/Hisense_images_rebuilt/AVBC-HJFKA/AVBC-30HJFKA/03.jpg,047f09f590a8859329d2f6ee45d98b33439c679d6531065d9b59e365ee218712,e334986b989bcd86,850,850
02,AVBC-HJFKA,AVBC-30HJFKA,07.jpg,Hisense/images-rebuild/2026-09-29/packets/02_AVBC/Hisense_images_rebuilt/AVBC-HJFKA/AVBC-30HJFKA/07.jpg,69f1ae8cb15bb161f0f4d6ba95917acd86f5533ceca08e7df31d8030c0512fab,bc38c2c71f3c70c3,850,850
02,AVBC-HJFKA,AVBC-30HJFKA,01.jpg,Hisense/images-rebuild/2026-09-29/packets/02_AVBC/Hisense_images_rebuilt/AVBC-HJFKA/AVBC-30HJFKA/01.jpg,6b411daf5e6cbc532d77e77ef3a64ed3ab084643fd9341329e7d5168869f2115,e461996cce9a8ec6,850,850
02,AVBC-HJFKA,AVBC-30HJFKA,05.jpg,Hisense/images-rebuild/2026-09-29/packets/02_AVBC/Hisense_images_rebuilt/AVBC-HJFKA/AVBC-30HJFKA/05.jpg,f7c46329f596f7d9a4a97a6555411092dc65a42f27cbb1fda37674c535927ac2,bc38c2c71f3c70c3,850,850
02,AVBC-HJFKA,AVBC-30HJFKA,04.jpg,Hisense/images-rebuild/2026-09-29/packets/02_AVBC/Hisense_images_rebuilt/AVBC-HJFKA/AVBC-30HJFKA/04.jpg,530e8ac813411c83f07dc9dee8ac52041e49038d3a8021302455ea23650f7862,fa60c19fbc30a11f,850,850
02,AVBC-HJFKA,AVBC-54HJFKA,02.jpg,Hisense/images-rebuild/2026-09-29/packets/02_AVBC/Hisense_images_rebuilt/AVBC-HJFKA/AVBC-54HJFKA/02.jpg,833e8140e3d3f9f38a79a5a42f3746185144b4584be1911863268887000347e1,ec39688697c486e7,850,850
02,AVBC-HJFKA,AVBC-54HJFKA,06.jpg,Hisense/images-rebuild/2026-09-29/packets/02_AVBC/Hisense_images_rebuilt/AVBC-HJFKA/AVBC-54HJFKA/06.jpg,6e970bc49d87158f961e15974a0b71659f4b80fa618429aa8e14c33dbb4184bd,b320999bce8e99cc,850,850
02,AVBC-HJFKA,AVBC-54HJFKA,03.jpg,Hisense/images-rebuild/2026-09-29/packets/02_AVBC/Hisense_images_rebuilt/AVBC-HJFKA/AVBC-54HJFKA/03.jpg,047f09f590a8859329d2f6ee45d98b33439c679d6531065d9b59e365ee218712,e334986b989bcd86,850,850
02,AVBC-HJFKA,AVBC-54HJFKA,07.jpg,Hisense/images-rebuild/2026-09-29/packets/02_AVBC/Hisense_images_rebuilt/AVBC-HJFKA/AVBC-54HJFKA/07.jpg,69f1ae8cb15bb161f0f4d6ba95917acd86f5533ceca08e7df31d8030c0512fab,bc38c2c71f3c70c3,850,850
02,AVBC-HJFKA,AVBC-54HJFKA,01.jpg,Hisense/images-rebuild/2026-09-29/packets/02_AVBC/Hisense_images_rebuilt/AVBC-HJFKA/AVBC-54HJFKA/01.jpg,6b411daf5e6cbc532d77e77ef3a64ed3ab084643fd9341329e7d5168869f2115,e461996cce9a8ec6,850,850
02,AVBC-HJFKA,AVBC-54HJFKA,05.jpg,Hisense/images-rebuild/2026-09-29/packets/02_AVBC/Hisense_images_rebuilt/AVBC-HJFKA/AVBC-54HJFKA/05.jpg,f7c46329f596f7d9a4a97a6555411092dc65a42f27cbb1fda37674c535927ac2,bc38c2c71f3c70c3,850,850
02,AVBC-HJFKA,AVBC-54HJFKA,04.jpg,Hisense/images-rebuild/2026-09-29/packets/02_AVBC/Hisense_images_rebuilt/AVBC-HJFKA/AVBC-54HJFKA/04.jpg,530e8ac813411c83f07dc9dee8ac52041e49038d3a8021302455ea23650f7862,fa60c19fbc30a11f,850,850
13,ZKPU-mini,ZKPU-mini 60-30,01.jpg,Hisense/images-rebuild/2026-09-29/packets/13_ZKPU/Hisense_images_rebuilt/ZKPU-mini/ZKPU-mini 60-30/01.jpg,9c814ebd384a432ede3fc845cb7c236d722fcd78efbbb78b69a3531ab75a8802,be34c1cb66b46962,850,850
13,ZKPU-mini,ZKPU-mini 100-50,01.jpg,Hisense/images-rebuild/2026-09-29/packets/13_ZKPU/Hisense_images_rebuilt/ZKPU-mini/ZKPU-mini 100-50/01.jpg,9c814ebd384a432ede3fc845cb7c236d722fcd78efbbb78b69a3531ab75a8802,be34c1cb66b46962,850,850
13,ZKPU-mini,ZKPU-mini 80-50,01.jpg,Hisense/images-rebuild/2026-09-29/packets/13_ZKPU/Hisense_images_rebuilt/ZKPU-mini/ZKPU-mini 80-50/01.jpg,9c814ebd384a432ede3fc845cb7c236d722fcd78efbbb78b69a3531ab75a8802,be34c1cb66b46962,850,850
13,ZKPU-mini,ZKPU-mini 50-30,01.jpg,Hisense/images-rebuild/2026-09-29/packets/13_ZKPU/Hisense_images_rebuilt/ZKPU-mini/ZKPU-mini 50-30/01.jpg,9c814ebd384a432ede3fc845cb7c236d722fcd78efbbb78b69a3531ab75a8802,be34c1cb66b46962,850,850
13,ZKPU-mini,ZKPU-mini 50-25,01.jpg,Hisense/images-rebuild/2026-09-29/packets/13_ZKPU/Hisense_images_rebuilt/ZKPU-mini/ZKPU-mini 50-25/01.jpg,9c814ebd384a432ede3fc845cb7c236d722fcd78efbbb78b69a3531ab75a8802,be34c1cb66b46962,850,850
13,ZKPU-mini,ZKPU-mini 60-35,01.jpg,Hisense/images-rebuild/2026-09-29/packets/13_ZKPU/Hisense_images_rebuilt/ZKPU-mini/ZKPU-mini 60-35/01.jpg,9c814ebd384a432ede3fc845cb7c236d722fcd78efbbb78b69a3531ab75a8802,be34c1cb66b46962,850,850
13,ZKPU-mini,ZKPU-mini 70-40,01.jpg,Hisense/images-rebuild/2026-09-29/packets/13_ZKPU/Hisense_images_rebuilt/ZKPU-mini/ZKPU-mini 70-40/01.jpg,9c814ebd384a432ede3fc845cb7c236d722fcd78efbbb78b69a3531ab75a8802,be34c1cb66b46962,850,850
13,ZKPU-maxi,ZKPU-maxi 4,01.jpg,Hisense/images-rebuild/2026-09-29/packets/13_ZKPU/Hisense_images_rebuilt/ZKPU-maxi/ZKPU-maxi 4/01.jpg,fb785581a2529a5a08cc6e63e445cbf615ad96228bcb3801b67e65c056030dcf,ba3ac5c53e3a6262,850,850
13,ZKPU-maxi,ZKPU-maxi 10,01.jpg,Hisense/images-rebuild/2026-09-29/packets/13_ZKPU/Hisense_images_rebuilt/ZKPU-maxi/ZKPU-maxi 10/01.jpg,fb785581a2529a5a08cc6e63e445cbf615ad96228bcb3801b67e65c056030dcf,ba3ac5c53e3a6262,850,850
13,ZKPU-maxi,ZKPU-maxi 6,01.jpg,Hisense/images-rebuild/2026-09-29/packets/13_ZKPU/Hisense_images_rebuilt/ZKPU-maxi/ZKPU-maxi 6/01.jpg,fb785581a2529a5a08cc6e63e445cbf615ad96228bcb3801b67e65c056030dcf,ba3ac5c53e3a6262,850,850
13,ZKPU-maxi,ZKPU-maxi 8,01.jpg,Hisense/images-rebuild/2026-09-29/packets/13_ZKPU/Hisense_images_rebuilt/ZKPU-maxi/ZKPU-maxi 8/01.jpg,fb785581a2529a5a08cc6e63e445cbf615ad96228bcb3801b67e65c056030dcf,ba3ac5c53e3a6262,850,850
13,ZKPU-maxi,ZKPU-maxi 14,01.jpg,Hisense/images-rebuild/2026-09-29/packets/13_ZKPU/Hisense_images_rebuilt/ZKPU-maxi/ZKPU-maxi 14/01.jpg,fb785581a2529a5a08cc6e63e445cbf615ad96228bcb3801b67e65c056030dcf,ba3ac5c53e3a6262,850,850
13,ZKPU-maxi,ZKPU-maxi 18,01.jpg,Hisense/images-rebuild/2026-09-29/packets/13_ZKPU/Hisense_images_rebuilt/ZKPU-maxi/ZKPU-maxi 18/01.jpg,fb785581a2529a5a08cc6e63e445cbf615ad96228bcb3801b67e65c056030dcf,ba3ac5c53e3a6262,850,850
13,ZKPU-maxi,ZKPU-maxi 2,01.jpg,Hisense/images-rebuild/2026-09-29/packets/13_ZKPU/Hisense_images_rebuilt/ZKPU-maxi/ZKPU-maxi 2/01.jpg,fb785581a2529a5a08cc6e63e445cbf615ad96228bcb3801b67e65c056030dcf,ba3ac5c53e3a6262,850,850
13,ZKPU-maxi,ZKPU-maxi 16,01.jpg,Hisense/images-rebuild/2026-09-29/packets/13_ZKPU/Hisense_images_rebuilt/ZKPU-maxi/ZKPU-maxi 16/01.jpg,fb785581a2529a5a08cc6e63e445cbf615ad96228bcb3801b67e65c056030dcf,ba3ac5c53e3a6262,850,850
13,ZKPU-maxi,ZKPU-maxi 20,01.jpg,Hisense/images-rebuild/2026-09-29/packets/13_ZKPU/Hisense_images_rebuilt/ZKPU-maxi/ZKPU-maxi 20/01.jpg,fb785581a2529a5a08cc6e63e445cbf615ad96228bcb3801b67e65c056030dcf,ba3ac5c53e3a6262,850,850
13,ZKPU-maxi,ZKPU-maxi 12,01.jpg,Hisense/images-rebuild/2026-09-29/packets/13_ZKPU/Hisense_images_rebuilt/ZKPU-maxi/ZKPU-maxi 12/01.jpg,fb785581a2529a5a08cc6e63e445cbf615ad96228bcb3801b67e65c056030dcf,ba3ac5c53e3a6262,850,850
08,MACS,MACS-I-C141P2-MACS-I-CSP2,02.jpg,Hisense/images-rebuild/2026-09-29/packets/08_MACS_C_CURATED/Hisense_images_rebuilt/MACS/MACS-I-C141P2-MACS-I-CSP2/02.jpg,1c191050952e712557928fc1b7e97f463b2110c5e73c508914d0fbda26b2f663,da94a54bb66db504,850,850
08,MACS,MACS-I-C141P2-MACS-I-CSP2,01.jpg,Hisense/images-rebuild/2026-09-29/packets/08_MACS_C_CURATED/Hisense_images_rebuilt/MACS/MACS-I-C141P2-MACS-I-CSP2/01.jpg,d490f62ff0d359793859893e28abb9c48457d4aece7063e53c22f5db63f9cb9f,e3c994363bc96436,850,850
08,MACS,MACS-I-C35P2K,02.jpg,Hisense/images-rebuild/2026-09-29/packets/08_MACS_C_CURATED/Hisense_images_rebuilt/MACS/MACS-I-C35P2K/02.jpg,d19eb5c98e601b554346cd30f0ce36d9de8ec2a73411d9161b4ee9c9332a92a1,e3c994363bc96436,850,850
08,MACS,MACS-I-C35P2K,01.jpg,Hisense/images-rebuild/2026-09-29/packets/08_MACS_C_CURATED/Hisense_images_rebuilt/MACS/MACS-I-C35P2K/01.jpg,127875b00d8f5678ebd39747b7beed3f9fd0e3c0f668816ff7d88f647996aa15,ed64929a6d64b692,850,850
08,MACS,MACS-I-C45P21K,02.jpg,Hisense/images-rebuild/2026-09-29/packets/08_MACS_C_CURATED/Hisense_images_rebuilt/MACS/MACS-I-C45P21K/02.jpg,8a74d340c12ca4ffed791753f49393a29ea5d86510dea931f03c97eb30273122,be60c19f3a60e58d,850,850
08,MACS,MACS-I-C45P21K,01.jpg,Hisense/images-rebuild/2026-09-29/packets/08_MACS_C_CURATED/Hisense_images_rebuilt/MACS/MACS-I-C45P21K/01.jpg,772db018ecb1852be79514ea148db7c515d5b606fe721a8543d68e7e01c5e2f7,be60c19f3a60e58d,850,850
08,MACS,MACS-I-C55P21K,02.jpg,Hisense/images-rebuild/2026-09-29/packets/08_MACS_C_CURATED/Hisense_images_rebuilt/MACS/MACS-I-C55P21K/02.jpg,8a74d340c12ca4ffed791753f49393a29ea5d86510dea931f03c97eb30273122,be60c19f3a60e58d,850,850
08,MACS,MACS-I-C55P21K,01.jpg,Hisense/images-rebuild/2026-09-29/packets/08_MACS_C_CURATED/Hisense_images_rebuilt/MACS/MACS-I-C55P21K/01.jpg,772db018ecb1852be79514ea148db7c515d5b606fe721a8543d68e7e01c5e2f7,be60c19f3a60e58d,850,850
08,MACS,MACS-I-C30P4K,02.jpg,Hisense/images-rebuild/2026-09-29/packets/08_MACS_C_CURATED/Hisense_images_rebuilt/MACS/MACS-I-C30P4K/02.jpg,d19eb5c98e601b554346cd30f0ce36d9de8ec2a73411d9161b4ee9c9332a92a1,e3c994363bc96436,850,850
08,MACS,MACS-I-C30P4K,01.jpg,Hisense/images-rebuild/2026-09-29/packets/08_MACS_C_CURATED/Hisense_images_rebuilt/MACS/MACS-I-C30P4K/01.jpg,155e63e42ab76c06b82479a65177220ad8f1f14f502a4c7ce086086ffe5d4d5a,ed61929a696d3692,850,850
08,MACS,MACS-I-C81P2-MACS-I-CSP2,02.jpg,Hisense/images-rebuild/2026-09-29/packets/08_MACS_C_CURATED/Hisense_images_rebuilt/MACS/MACS-I-C81P2-MACS-I-CSP2/02.jpg,1c191050952e712557928fc1b7e97f463b2110c5e73c508914d0fbda26b2f663,da94a54bb66db504,850,850
08,MACS,MACS-I-C81P2-MACS-I-CSP2,01.jpg,Hisense/images-rebuild/2026-09-29/packets/08_MACS_C_CURATED/Hisense_images_rebuilt/MACS/MACS-I-C81P2-MACS-I-CSP2/01.jpg,d490f62ff0d359793859893e28abb9c48457d4aece7063e53c22f5db63f9cb9f,e3c994363bc96436,850,850
08,MACS,MACS-I-C110P4K,02.jpg,Hisense/images-rebuild/2026-09-29/packets/08_MACS_C_CURATED/Hisense_images_rebuilt/MACS/MACS-I-C110P4K/02.jpg,d19eb5c98e601b554346cd30f0ce36d9de8ec2a73411d9161b4ee9c9332a92a1,e3c994363bc96436,850,850
08,MACS,MACS-I-C110P4K,01.jpg,Hisense/images-rebuild/2026-09-29/packets/08_MACS_C_CURATED/Hisense_images_rebuilt/MACS/MACS-I-C110P4K/01.jpg,155e63e42ab76c06b82479a65177220ad8f1f14f502a4c7ce086086ffe5d4d5a,ed61929a696d3692,850,850
08,MACS,MACS-I-C60P4K,02.jpg,Hisense/images-rebuild/2026-09-29/packets/08_MACS_C_CURATED/Hisense_images_rebuilt/MACS/MACS-I-C60P4K/02.jpg,d19eb5c98e601b554346cd30f0ce36d9de8ec2a73411d9161b4ee9c9332a92a1,e3c994363bc96436,850,850
08,MACS,MACS-I-C60P4K,01.jpg,Hisense/images-rebuild/2026-09-29/packets/08_MACS_C_CURATED/Hisense_images_rebuilt/MACS/MACS-I-C60P4K/01.jpg,155e63e42ab76c06b82479a65177220ad8f1f14f502a4c7ce086086ffe5d4d5a,ed61929a696d3692,850,850
08,MACS,MACS-I-C50P4K,02.jpg,Hisense/images-rebuild/2026-09-29/packets/08_MACS_C_CURATED/Hisense_images_rebuilt/MACS/MACS-I-C50P4K/02.jpg,d19eb5c98e601b554346cd30f0ce36d9de8ec2a73411d9161b4ee9c9332a92a1,e3c994363bc96436,850,850
08,MACS,MACS-I-C50P4K,01.jpg,Hisense/images-rebuild/2026-09-29/packets/08_MACS_C_CURATED/Hisense_images_rebuilt/MACS/MACS-I-C50P4K/01.jpg,155e63e42ab76c06b82479a65177220ad8f1f14f502a4c7ce086086ffe5d4d5a,ed61929a696d3692,850,850
08,MACS,MACS-I-C121P2-MACS-I-CSP2,02.jpg,Hisense/images-rebuild/2026-09-29/packets/08_MACS_C_CURATED/Hisense_images_rebuilt/MACS/MACS-I-C121P2-MACS-I-CSP2/02.jpg,442d65317c49e24827fb4c0ac2d46bd8c640b8062a8ad123e747a56028b728a5,e46993964ed83965,850,850
08,MACS,MACS-I-C121P2-MACS-I-CSP2,01.jpg,Hisense/images-rebuild/2026-09-29/packets/08_MACS_C_CURATED/Hisense_images_rebuilt/MACS/MACS-I-C121P2-MACS-I-CSP2/01.jpg,d490f62ff0d359793859893e28abb9c48457d4aece7063e53c22f5db63f9cb9f,e3c994363bc96436,850,850
08,MACS,MACS-I-C45P2С-MACS-I-CSPС2,02.jpg,Hisense/images-rebuild/2026-09-29/packets/08_MACS_C_CURATED/Hisense_images_rebuilt/MACS/MACS-I-C45P2С-MACS-I-CSPС2/02.jpg,499f2743fd6728e732b21758654ffa4d045673091514ab62c42f548fa1c923da,e62699996666999a,850,850
08,MACS,MACS-I-C45P2С-MACS-I-CSPС2,01.jpg,Hisense/images-rebuild/2026-09-29/packets/08_MACS_C_CURATED/Hisense_images_rebuilt/MACS/MACS-I-C45P2С-MACS-I-CSPС2/01.jpg,d490f62ff0d359793859893e28abb9c48457d4aece7063e53c22f5db63f9cb9f,e3c994363bc96436,850,850
08,MACS,MACS-I-C25P4K,02.jpg,Hisense/images-rebuild/2026-09-29/packets/08_MACS_C_CURATED/Hisense_images_rebuilt/MACS/MACS-I-C25P4K/02.jpg,d19eb5c98e601b554346cd30f0ce36d9de8ec2a73411d9161b4ee9c9332a92a1,e3c994363bc96436,850,850
08,MACS,MACS-I-C25P4K,01.jpg,Hisense/images-rebuild/2026-09-29/packets/08_MACS_C_CURATED/Hisense_images_rebuilt/MACS/MACS-I-C25P4K/01.jpg,155e63e42ab76c06b82479a65177220ad8f1f14f502a4c7ce086086ffe5d4d5a,ed61929a696d3692,850,850
08,MACS,MACS-I-C80P4K,02.jpg,Hisense/images-rebuild/2026-09-29/packets/08_MACS_C_CURATED/Hisense_images_rebuilt/MACS/MACS-I-C80P4K/02.jpg,d19eb5c98e601b554346cd30f0ce36d9de8ec2a73411d9161b4ee9c9332a92a1,e3c994363bc96436,850,850
08,MACS,MACS-I-C80P4K,01.jpg,Hisense/images-rebuild/2026-09-29/packets/08_MACS_C_CURATED/Hisense_images_rebuilt/MACS/MACS-I-C80P4K/01.jpg,155e63e42ab76c06b82479a65177220ad8f1f14f502a4c7ce086086ffe5d4d5a,ed61929a696d3692,850,850
08,MACS,MACS-I-C130P2K,02.jpg,Hisense/images-rebuild/2026-09-29/packets/08_MACS_C_CURATED/Hisense_images_rebuilt/MACS/MACS-I-C130P2K/02.jpg,d19eb5c98e601b554346cd30f0ce36d9de8ec2a73411d9161b4ee9c9332a92a1,e3c994363bc96436,850,850
08,MACS,MACS-I-C130P2K,01.jpg,Hisense/images-rebuild/2026-09-29/packets/08_MACS_C_CURATED/Hisense_images_rebuilt/MACS/MACS-I-C130P2K/01.jpg,127875b00d8f5678ebd39747b7beed3f9fd0e3c0f668816ff7d88f647996aa15,ed64929a6d64b692,850,850
08,MACS,MACS-I-C40P4K,02.jpg,Hisense/images-rebuild/2026-09-29/packets/08_MACS_C_CURATED/Hisense_images_rebuilt/MACS/MACS-I-C40P4K/02.jpg,d19eb5c98e601b554346cd30f0ce36d9de8ec2a73411d9161b4ee9c9332a92a1,e3c994363bc96436,850,850
08,MACS,MACS-I-C40P4K,01.jpg,Hisense/images-rebuild/2026-09-29/packets/08_MACS_C_CURATED/Hisense_images_rebuilt/MACS/MACS-I-C40P4K/01.jpg,155e63e42ab76c06b82479a65177220ad8f1f14f502a4c7ce086086ffe5d4d5a,ed61929a696d3692,850,850
08,MACS,MACS-I-C35P21K,02.jpg,Hisense/images-rebuild/2026-09-29/packets/08_MACS_C_CURATED/Hisense_images_rebuilt/MACS/MACS-I-C35P21K/02.jpg,8a74d340c12ca4ffed791753f49393a29ea5d86510dea931f03c97eb30273122,be60c19f3a60e58d,850,850
08,MACS,MACS-I-C35P21K,01.jpg,Hisense/images-rebuild/2026-09-29/packets/08_MACS_C_CURATED/Hisense_images_rebuilt/MACS/MACS-I-C35P21K/01.jpg,772db018ecb1852be79514ea148db7c515d5b606fe721a8543d68e7e01c5e2f7,be60c19f3a60e58d,850,850
08,MACS,MACS-I-C75P2K,02.jpg,Hisense/images-rebuild/2026-09-29/packets/08_MACS_C_CURATED/Hisense_images_rebuilt/MACS/MACS-I-C75P2K/02.jpg,d19eb5c98e601b554346cd30f0ce36d9de8ec2a73411d9161b4ee9c9332a92a1,e3c994363bc96436,850,850
08,MACS,MACS-I-C75P2K,01.jpg,Hisense/images-rebuild/2026-09-29/packets/08_MACS_C_CURATED/Hisense_images_rebuilt/MACS/MACS-I-C75P2K/01.jpg,127875b00d8f5678ebd39747b7beed3f9fd0e3c0f668816ff7d88f647996aa15,ed64929a6d64b692,850,850
08,MACS,MACS-I-C50P2K,02.jpg,Hisense/images-rebuild/2026-09-29/packets/08_MACS_C_CURATED/Hisense_images_rebuilt/MACS/MACS-I-C50P2K/02.jpg,d19eb5c98e601b554346cd30f0ce36d9de8ec2a73411d9161b4ee9c9332a92a1,e3c994363bc96436,850,850
08,MACS,MACS-I-C50P2K,01.jpg,Hisense/images-rebuild/2026-09-29/packets/08_MACS_C_CURATED/Hisense_images_rebuilt/MACS/MACS-I-C50P2K/01.jpg,127875b00d8f5678ebd39747b7beed3f9fd0e3c0f668816ff7d88f647996aa15,ed64929a6d64b692,850,850
08,MACS,MACS-I-C28P2K,02.jpg,Hisense/images-rebuild/2026-09-29/packets/08_MACS_C_CURATED/Hisense_images_rebuilt/MACS/MACS-I-C28P2K/02.jpg,d19eb5c98e601b554346cd30f0ce36d9de8ec2a73411d9161b4ee9c9332a92a1,e3c994363bc96436,850,850
08,MACS,MACS-I-C28P2K,01.jpg,Hisense/images-rebuild/2026-09-29/packets/08_MACS_C_CURATED/Hisense_images_rebuilt/MACS/MACS-I-C28P2K/01.jpg,127875b00d8f5678ebd39747b7beed3f9fd0e3c0f668816ff7d88f647996aa15,ed64929a6d64b692,850,850
08,MACS,MACS-I-C35P2C-MACS-I-CSPС2,02.jpg,Hisense/images-rebuild/2026-09-29/packets/08_MACS_C_CURATED/Hisense_images_rebuilt/MACS/MACS-I-C35P2C-MACS-I-CSPС2/02.jpg,442d65317c49e24827fb4c0ac2d46bd8c640b8062a8ad123e747a56028b728a5,e46993964ed83965,850,850
08,MACS,MACS-I-C35P2C-MACS-I-CSPС2,01.jpg,Hisense/images-rebuild/2026-09-29/packets/08_MACS_C_CURATED/Hisense_images_rebuilt/MACS/MACS-I-C35P2C-MACS-I-CSPС2/01.jpg,d490f62ff0d359793859893e28abb9c48457d4aece7063e53c22f5db63f9cb9f,e3c994363bc96436,850,850
08,MACS,MACS-I-C95P2K,02.jpg,Hisense/images-rebuild/2026-09-29/packets/08_MACS_C_CURATED/Hisense_images_rebuilt/MACS/MACS-I-C95P2K/02.jpg,d19eb5c98e601b554346cd30f0ce36d9de8ec2a73411d9161b4ee9c9332a92a1,e3c994363bc96436,850,850
08,MACS,MACS-I-C95P2K,01.jpg,Hisense/images-rebuild/2026-09-29/packets/08_MACS_C_CURATED/Hisense_images_rebuilt/MACS/MACS-I-C95P2K/01.jpg,127875b00d8f5678ebd39747b7beed3f9fd0e3c0f668816ff7d88f647996aa15,ed64929a6d64b692,850,850
08,MACS,MACS-I-C90P4K,02.jpg,Hisense/images-rebuild/2026-09-29/packets/08_MACS_C_CURATED/Hisense_images_rebuilt/MACS/MACS-I-C90P4K/02.jpg,d19eb5c98e601b554346cd30f0ce36d9de8ec2a73411d9161b4ee9c9332a92a1,e3c994363bc96436,850,850
08,MACS,MACS-I-C90P4K,01.jpg,Hisense/images-rebuild/2026-09-29/packets/08_MACS_C_CURATED/Hisense_images_rebuilt/MACS/MACS-I-C90P4K/01.jpg,155e63e42ab76c06b82479a65177220ad8f1f14f502a4c7ce086086ffe5d4d5a,ed61929a696d3692,850,850
08,MACS,MACS-I-C101P2-MACS-I-CSP2,02.jpg,Hisense/images-rebuild/2026-09-29/packets/08_MACS_C_CURATED/Hisense_images_rebuilt/MACS/MACS-I-C101P2-MACS-I-CSP2/02.jpg,442d65317c49e24827fb4c0ac2d46bd8c640b8062a8ad123e747a56028b728a5,e46993964ed83965,850,850
08,MACS,MACS-I-C101P2-MACS-I-CSP2,01.jpg,Hisense/images-rebuild/2026-09-29/packets/08_MACS_C_CURATED/Hisense_images_rebuilt/MACS/MACS-I-C101P2-MACS-I-CSP2/01.jpg,d490f62ff0d359793859893e28abb9c48457d4aece7063e53c22f5db63f9cb9f,e3c994363bc96436,850,850
08,MACS,MACS-I-C115P2K,02.jpg,Hisense/images-rebuild/2026-09-29/packets/08_MACS_C_CURATED/Hisense_images_rebuilt/MACS/MACS-I-C115P2K/02.jpg,d19eb5c98e601b554346cd30f0ce36d9de8ec2a73411d9161b4ee9c9332a92a1,e3c994363bc96436,850,850
08,MACS,MACS-I-C115P2K,01.jpg,Hisense/images-rebuild/2026-09-29/packets/08_MACS_C_CURATED/Hisense_images_rebuilt/MACS/MACS-I-C115P2K/01.jpg,127875b00d8f5678ebd39747b7beed3f9fd0e3c0f668816ff7d88f647996aa15,ed64929a6d64b692,850,850
08,MACS,MACS-I-C61P2-MACS-I-CSP2,02.jpg,Hisense/images-rebuild/2026-09-29/packets/08_MACS_C_CURATED/Hisense_images_rebuilt/MACS/MACS-I-C61P2-MACS-I-CSP2/02.jpg,442d65317c49e24827fb4c0ac2d46bd8c640b8062a8ad123e747a56028b728a5,e46993964ed83965,850,850
08,MACS,MACS-I-C61P2-MACS-I-CSP2,01.jpg,Hisense/images-rebuild/2026-09-29/packets/08_MACS_C_CURATED/Hisense_images_rebuilt/MACS/MACS-I-C61P2-MACS-I-CSP2/01.jpg,d490f62ff0d359793859893e28abb9c48457d4aece7063e53c22f5db63f9cb9f,e3c994363bc96436,850,850
08,MACS,MACS-I-C25P21K,02.jpg,Hisense/images-rebuild/2026-09-29/packets/08_MACS_C_CURATED/Hisense_images_rebuilt/MACS/MACS-I-C25P21K/02.jpg,8a74d340c12ca4ffed791753f49393a29ea5d86510dea931f03c97eb30273122,be60c19f3a60e58d,850,850
08,MACS,MACS-I-C25P21K,01.jpg,Hisense/images-rebuild/2026-09-29/packets/08_MACS_C_CURATED/Hisense_images_rebuilt/MACS/MACS-I-C25P21K/01.jpg,772db018ecb1852be79514ea148db7c515d5b606fe721a8543d68e7e01c5e2f7,be60c19f3a60e58d,850,850
08,MACS,MACS-I-C20P2K,02.jpg,Hisense/images-rebuild/2026-09-29/packets/08_MACS_C_CURATED/Hisense_images_rebuilt/MACS/MACS-I-C20P2K/02.jpg,d19eb5c98e601b554346cd30f0ce36d9de8ec2a73411d9161b4ee9c9332a92a1,e3c994363bc96436,850,850
08,MACS,MACS-I-C20P2K,01.jpg,Hisense/images-rebuild/2026-09-29/packets/08_MACS_C_CURATED/Hisense_images_rebuilt/MACS/MACS-I-C20P2K/01.jpg,127875b00d8f5678ebd39747b7beed3f9fd0e3c0f668816ff7d88f647996aa15,ed64929a6d64b692,850,850
08,MACS,MACS-I-C20P21K,02.jpg,Hisense/images-rebuild/2026-09-29/packets/08_MACS_C_CURATED/Hisense_images_rebuilt/MACS/MACS-I-C20P21K/02.jpg,8a74d340c12ca4ffed791753f49393a29ea5d86510dea931f03c97eb30273122,be60c19f3a60e58d,850,850
08,MACS,MACS-I-C20P21K,01.jpg,Hisense/images-rebuild/2026-09-29/packets/08_MACS_C_CURATED/Hisense_images_rebuilt/MACS/MACS-I-C20P21K/01.jpg,772db018ecb1852be79514ea148db7c515d5b606fe721a8543d68e7e01c5e2f7,be60c19f3a60e58d,850,850
08,MACS,MACS-I-C60P2K,02.jpg,Hisense/images-rebuild/2026-09-29/packets/08_MACS_C_CURATED/Hisense_images_rebuilt/MACS/MACS-I-C60P2K/02.jpg,d19eb5c98e601b554346cd30f0ce36d9de8ec2a73411d9161b4ee9c9332a92a1,e3c994363bc96436,850,850
08,MACS,MACS-I-C60P2K,01.jpg,Hisense/images-rebuild/2026-09-29/packets/08_MACS_C_CURATED/Hisense_images_rebuilt/MACS/MACS-I-C60P2K/01.jpg,127875b00d8f5678ebd39747b7beed3f9fd0e3c0f668816ff7d88f647996aa15,ed64929a6d64b692,850,850
08,MACS,MACS-I-C51P2С-MACS-I-CSPС2,02.jpg,Hisense/images-rebuild/2026-09-29/packets/08_MACS_C_CURATED/Hisense_images_rebuilt/MACS/MACS-I-C51P2С-MACS-I-CSPС2/02.jpg,1970d2539d8c4c69a2c6375a89f5e2dbba5507def0217440cfdb871edb6a4633,e4619b966c693167,850,850
08,MACS,MACS-I-C51P2С-MACS-I-CSPС2,01.jpg,Hisense/images-rebuild/2026-09-29/packets/08_MACS_C_CURATED/Hisense_images_rebuilt/MACS/MACS-I-C51P2С-MACS-I-CSPС2/01.jpg,d490f62ff0d359793859893e28abb9c48457d4aece7063e53c22f5db63f9cb9f,e3c994363bc96436,850,850
01,AVC-HJDBA,AVC-09HJDBA,02.jpg,Hisense/images-rebuild/2026-09-29/packets/01_AVC_AVY/curated/Hisense_packet_01_AVC_AVY/AVC-HJDBA/AVC-09HJDBA/02.jpg,30981d821693f827c82368a6cf12917bcc7e6659265a05fe87810c96a09b3ca7,b079cd8e33716d18,850,850
01,AVC-HJDBA,AVC-09HJDBA,10.jpg,Hisense/images-rebuild/2026-09-29/packets/01_AVC_AVY/curated/Hisense_packet_01_AVC_AVY/AVC-HJDBA/AVC-09HJDBA/10.jpg,818931f25fc081c875dd06c8b3379a3fd7e886621a966ed9fee45357aca354c1,e63399cc99cc9926,850,850
01,AVC-HJDBA,AVC-09HJDBA,08.jpg,Hisense/images-rebuild/2026-09-29/packets/01_AVC_AVY/curated/Hisense_packet_01_AVC_AVY/AVC-HJDBA/AVC-09HJDBA/08.jpg,e1fe64150043072a4c6d2c02ecc90b783a03ff1a1be4880f4c4cd3d47f84860b,e68c9972728dc636,850,850
01,AVC-HJDBA,AVC-09HJDBA,06.jpg,Hisense/images-rebuild/2026-09-29/packets/01_AVC_AVY/curated/Hisense_packet_01_AVC_AVY/AVC-HJDBA/AVC-09HJDBA/06.jpg,9a40e38f1630f8d82f78adf08dc1a9a1b63082a3f80d870d58682a65326b83c6,ed989e27e12761c8,850,850
01,AVC-HJDBA,AVC-09HJDBA,03.jpg,Hisense/images-rebuild/2026-09-29/packets/01_AVC_AVY/curated/Hisense_packet_01_AVC_AVY/AVC-HJDBA/AVC-09HJDBA/03.jpg,39ece09d7409d9f887a38ca837c59f09d92fcfe25d7c8b244d98a4fae41e9fd5,ea6995b64acc3463,850,850
01,AVC-HJDBA,AVC-09HJDBA,07.jpg,Hisense/images-rebuild/2026-09-29/packets/01_AVC_AVY/curated/Hisense_packet_01_AVC_AVY/AVC-HJDBA/AVC-09HJDBA/07.jpg,bb5eff986568d2352ef583c014203317504a981f9be7cf8a4de35991cced7808,bcd89e27e12761c8,850,850
01,AVC-HJDBA,AVC-09HJDBA,01.jpg,Hisense/images-rebuild/2026-09-29/packets/01_AVC_AVY/curated/Hisense_packet_01_AVC_AVY/AVC-HJDBA/AVC-09HJDBA/01.jpg,f77a4f9d0ee32d0d481d435c6f7e8d3309f4f6fb1808fa9af6fde243e897c42c,e2689597b3caca8c,850,850
01,AVC-HJDBA,AVC-09HJDBA,09.jpg,Hisense/images-rebuild/2026-09-29/packets/01_AVC_AVY/curated/Hisense_packet_01_AVC_AVY/AVC-HJDBA/AVC-09HJDBA/09.jpg,c38d8639dfb1293e9a9b25e863e53be2b995754c76506aff4784b8abaa52c3cf,ed6c92939392476c,850,850
01,AVC-HJDBA,AVC-09HJDBA,05.jpg,Hisense/images-rebuild/2026-09-29/packets/01_AVC_AVY/curated/Hisense_packet_01_AVC_AVY/AVC-HJDBA/AVC-09HJDBA/05.jpg,fe2d56946f14a99b0fb0689eed19e8b0edf9b557f8f750dc66c5ca2bd721f910,ea6995b64acc3463,850,850
01,AVC-HJDBA,AVC-09HJDBA,04.jpg,Hisense/images-rebuild/2026-09-29/packets/01_AVC_AVY/curated/Hisense_packet_01_AVC_AVY/AVC-HJDBA/AVC-09HJDBA/04.jpg,0c24e3c7af07af062d4bcae4cdc27dbdd7865ad27aeb789c4d0cf0bb5aa6e520,fb6194934e7c3443,850,850
01,AVC-HJDBA,AVC-19HJDBA,02.jpg,Hisense/images-rebuild/2026-09-29/packets/01_AVC_AVY/curated/Hisense_packet_01_AVC_AVY/AVC-HJDBA/AVC-19HJDBA/02.jpg,30981d821693f827c82368a6cf12917bcc7e6659265a05fe87810c96a09b3ca7,b079cd8e33716d18,850,850
01,AVC-HJDBA,AVC-19HJDBA,10.jpg,Hisense/images-rebuild/2026-09-29/packets/01_AVC_AVY/curated/Hisense_packet_01_AVC_AVY/AVC-HJDBA/AVC-19HJDBA/10.jpg,818931f25fc081c875dd06c8b3379a3fd7e886621a966ed9fee45357aca354c1,e63399cc99cc9926,850,850
01,AVC-HJDBA,AVC-19HJDBA,08.jpg,Hisense/images-rebuild/2026-09-29/packets/01_AVC_AVY/curated/Hisense_packet_01_AVC_AVY/AVC-HJDBA/AVC-19HJDBA/08.jpg,e1fe64150043072a4c6d2c02ecc90b783a03ff1a1be4880f4c4cd3d47f84860b,e68c9972728dc636,850,850
01,AVC-HJDBA,AVC-19HJDBA,06.jpg,Hisense/images-rebuild/2026-09-29/packets/01_AVC_AVY/curated/Hisense_packet_01_AVC_AVY/AVC-HJDBA/AVC-19HJDBA/06.jpg,9a40e38f1630f8d82f78adf08dc1a9a1b63082a3f80d870d58682a65326b83c6,ed989e27e12761c8,850,850
01,AVC-HJDBA,AVC-19HJDBA,03.jpg,Hisense/images-rebuild/2026-09-29/packets/01_AVC_AVY/curated/Hisense_packet_01_AVC_AVY/AVC-HJDBA/AVC-19HJDBA/03.jpg,39ece09d7409d9f887a38ca837c59f09d92fcfe25d7c8b244d98a4fae41e9fd5,ea6995b64acc3463,850,850
01,AVC-HJDBA,AVC-19HJDBA,07.jpg,Hisense/images-rebuild/2026-09-29/packets/01_AVC_AVY/curated/Hisense_packet_01_AVC_AVY/AVC-HJDBA/AVC-19HJDBA/07.jpg,bb5eff986568d2352ef583c014203317504a981f9be7cf8a4de35991cced7808,bcd89e27e12761c8,850,850
01,AVC-HJDBA,AVC-19HJDBA,01.jpg,Hisense/images-rebuild/2026-09-29/packets/01_AVC_AVY/curated/Hisense_packet_01_AVC_AVY/AVC-HJDBA/AVC-19HJDBA/01.jpg,f77a4f9d0ee32d0d481d435c6f7e8d3309f4f6fb1808fa9af6fde243e897c42c,e2689597b3caca8c,850,850
01,AVC-HJDBA,AVC-19HJDBA,09.jpg,Hisense/images-rebuild/2026-09-29/packets/01_AVC_AVY/curated/Hisense_packet_01_AVC_AVY/AVC-HJDBA/AVC-19HJDBA/09.jpg,c38d8639dfb1293e9a9b25e863e53be2b995754c76506aff4784b8abaa52c3cf,ed6c92939392476c,850,850
01,AVC-HJDBA,AVC-19HJDBA,05.jpg,Hisense/images-rebuild/2026-09-29/packets/01_AVC_AVY/curated/Hisense_packet_01_AVC_AVY/AVC-HJDBA/AVC-19HJDBA/05.jpg,fe2d56946f14a99b0fb0689eed19e8b0edf9b557f8f750dc66c5ca2bd721f910,ea6995b64acc3463,850,850
01,AVC-HJDBA,AVC-19HJDBA,04.jpg,Hisense/images-rebuild/2026-09-29/packets/01_AVC_AVY/curated/Hisense_packet_01_AVC_AVY/AVC-HJDBA/AVC-19HJDBA/04.jpg,0c24e3c7af07af062d4bcae4cdc27dbdd7865ad27aeb789c4d0cf0bb5aa6e520,fb6194934e7c3443,850,850
01,AVC-HJDBA,AVC-12HJDBA,02.jpg,Hisense/images-rebuild/2026-09-29/packets/01_AVC_AVY/curated/Hisense_packet_01_AVC_AVY/AVC-HJDBA/AVC-12HJDBA/02.jpg,30981d821693f827c82368a6cf12917bcc7e6659265a05fe87810c96a09b3ca7,b079cd8e33716d18,850,850
01,AVC-HJDBA,AVC-12HJDBA,10.jpg,Hisense/images-rebuild/2026-09-29/packets/01_AVC_AVY/curated/Hisense_packet_01_AVC_AVY/AVC-HJDBA/AVC-12HJDBA/10.jpg,818931f25fc081c875dd06c8b3379a3fd7e886621a966ed9fee45357aca354c1,e63399cc99cc9926,850,850
01,AVC-HJDBA,AVC-12HJDBA,08.jpg,Hisense/images-rebuild/2026-09-29/packets/01_AVC_AVY/curated/Hisense_packet_01_AVC_AVY/AVC-HJDBA/AVC-12HJDBA/08.jpg,e1fe64150043072a4c6d2c02ecc90b783a03ff1a1be4880f4c4cd3d47f84860b,e68c9972728dc636,850,850
01,AVC-HJDBA,AVC-12HJDBA,06.jpg,Hisense/images-rebuild/2026-09-29/packets/01_AVC_AVY/curated/Hisense_packet_01_AVC_AVY/AVC-HJDBA/AVC-12HJDBA/06.jpg,9a40e38f1630f8d82f78adf08dc1a9a1b63082a3f80d870d58682a65326b83c6,ed989e27e12761c8,850,850
01,AVC-HJDBA,AVC-12HJDBA,03.jpg,Hisense/images-rebuild/2026-09-29/packets/01_AVC_AVY/curated/Hisense_packet_01_AVC_AVY/AVC-HJDBA/AVC-12HJDBA/03.jpg,39ece09d7409d9f887a38ca837c59f09d92fcfe25d7c8b244d98a4fae41e9fd5,ea6995b64acc3463,850,850
01,AVC-HJDBA,AVC-12HJDBA,07.jpg,Hisense/images-rebuild/2026-09-29/packets/01_AVC_AVY/curated/Hisense_packet_01_AVC_AVY/AVC-HJDBA/AVC-12HJDBA/07.jpg,bb5eff986568d2352ef583c014203317504a981f9be7cf8a4de35991cced7808,bcd89e27e12761c8,850,850
01,AVC-HJDBA,AVC-12HJDBA,01.jpg,Hisense/images-rebuild/2026-09-29/packets/01_AVC_AVY/curated/Hisense_packet_01_AVC_AVY/AVC-HJDBA/AVC-12HJDBA/01.jpg,f77a4f9d0ee32d0d481d435c6f7e8d3309f4f6fb1808fa9af6fde243e897c42c,e2689597b3caca8c,850,850
01,AVC-HJDBA,AVC-12HJDBA,09.jpg,Hisense/images-rebuild/2026-09-29/packets/01_AVC_AVY/curated/Hisense_packet_01_AVC_AVY/AVC-HJDBA/AVC-12HJDBA/09.jpg,c38d8639dfb1293e9a9b25e863e53be2b995754c76506aff4784b8abaa52c3cf,ed6c92939392476c,850,850
01,AVC-HJDBA,AVC-12HJDBA,05.jpg,Hisense/images-rebuild/2026-09-29/packets/01_AVC_AVY/curated/Hisense_packet_01_AVC_AVY/AVC-HJDBA/AVC-12HJDBA/05.jpg,fe2d56946f14a99b0fb0689eed19e8b0edf9b557f8f750dc66c5ca2bd721f910,ea6995b64acc3463,850,850
01,AVC-HJDBA,AVC-12HJDBA,04.jpg,Hisense/images-rebuild/2026-09-29/packets/01_AVC_AVY/curated/Hisense_packet_01_AVC_AVY/AVC-HJDBA/AVC-12HJDBA/04.jpg,0c24e3c7af07af062d4bcae4cdc27dbdd7865ad27aeb789c4d0cf0bb5aa6e520,fb6194934e7c3443,850,850
01,AVC-HJDBA,AVC-05HJDBA,02.jpg,Hisense/images-rebuild/2026-09-29/packets/01_AVC_AVY/curated/Hisense_packet_01_AVC_AVY/AVC-HJDBA/AVC-05HJDBA/02.jpg,30981d821693f827c82368a6cf12917bcc7e6659265a05fe87810c96a09b3ca7,b079cd8e33716d18,850,850
01,AVC-HJDBA,AVC-05HJDBA,10.jpg,Hisense/images-rebuild/2026-09-29/packets/01_AVC_AVY/curated/Hisense_packet_01_AVC_AVY/AVC-HJDBA/AVC-05HJDBA/10.jpg,818931f25fc081c875dd06c8b3379a3fd7e886621a966ed9fee45357aca354c1,e63399cc99cc9926,850,850
01,AVC-HJDBA,AVC-05HJDBA,08.jpg,Hisense/images-rebuild/2026-09-29/packets/01_AVC_AVY/curated/Hisense_packet_01_AVC_AVY/AVC-HJDBA/AVC-05HJDBA/08.jpg,e1fe64150043072a4c6d2c02ecc90b783a03ff1a1be4880f4c4cd3d47f84860b,e68c9972728dc636,850,850
01,AVC-HJDBA,AVC-05HJDBA,06.jpg,Hisense/images-rebuild/2026-09-29/packets/01_AVC_AVY/curated/Hisense_packet_01_AVC_AVY/AVC-HJDBA/AVC-05HJDBA/06.jpg,9a40e38f1630f8d82f78adf08dc1a9a1b63082a3f80d870d58682a65326b83c6,ed989e27e12761c8,850,850
01,AVC-HJDBA,AVC-05HJDBA,03.jpg,Hisense/images-rebuild/2026-09-29/packets/01_AVC_AVY/curated/Hisense_packet_01_AVC_AVY/AVC-HJDBA/AVC-05HJDBA/03.jpg,39ece09d7409d9f887a38ca837c59f09d92fcfe25d7c8b244d98a4fae41e9fd5,ea6995b64acc3463,850,850
01,AVC-HJDBA,AVC-05HJDBA,07.jpg,Hisense/images-rebuild/2026-09-29/packets/01_AVC_AVY/curated/Hisense_packet_01_AVC_AVY/AVC-HJDBA/AVC-05HJDBA/07.jpg,bb5eff986568d2352ef583c014203317504a981f9be7cf8a4de35991cced7808,bcd89e27e12761c8,850,850
01,AVC-HJDBA,AVC-05HJDBA,01.jpg,Hisense/images-rebuild/2026-09-29/packets/01_AVC_AVY/curated/Hisense_packet_01_AVC_AVY/AVC-HJDBA/AVC-05HJDBA/01.jpg,f77a4f9d0ee32d0d481d435c6f7e8d3309f4f6fb1808fa9af6fde243e897c42c,e2689597b3caca8c,850,850
01,AVC-HJDBA,AVC-05HJDBA,09.jpg,Hisense/images-rebuild/2026-09-29/packets/01_AVC_AVY/curated/Hisense_packet_01_AVC_AVY/AVC-HJDBA/AVC-05HJDBA/09.jpg,c38d8639dfb1293e9a9b25e863e53be2b995754c76506aff4784b8abaa52c3cf,ed6c92939392476c,850,850
01,AVC-HJDBA,AVC-05HJDBA,05.jpg,Hisense/images-rebuild/2026-09-29/packets/01_AVC_AVY/curated/Hisense_packet_01_AVC_AVY/AVC-HJDBA/AVC-05HJDBA/05.jpg,fe2d56946f14a99b0fb0689eed19e8b0edf9b557f8f750dc66c5ca2bd721f910,ea6995b64acc3463,850,850
01,AVC-HJDBA,AVC-05HJDBA,04.jpg,Hisense/images-rebuild/2026-09-29/packets/01_AVC_AVY/curated/Hisense_packet_01_AVC_AVY/AVC-HJDBA/AVC-05HJDBA/04.jpg,0c24e3c7af07af062d4bcae4cdc27dbdd7865ad27aeb789c4d0cf0bb5aa6e520,fb6194934e7c3443,850,850
01,AVC-HJDBA,AVC-17HJDBA,02.jpg,Hisense/images-rebuild/2026-09-29/packets/01_AVC_AVY/curated/Hisense_packet_01_AVC_AVY/AVC-HJDBA/AVC-17HJDBA/02.jpg,30981d821693f827c82368a6cf12917bcc7e6659265a05fe87810c96a09b3ca7,b079cd8e33716d18,850,850
01,AVC-HJDBA,AVC-17HJDBA,10.jpg,Hisense/images-rebuild/2026-09-29/packets/01_AVC_AVY/curated/Hisense_packet_01_AVC_AVY/AVC-HJDBA/AVC-17HJDBA/10.jpg,818931f25fc081c875dd06c8b3379a3fd7e886621a966ed9fee45357aca354c1,e63399cc99cc9926,850,850
01,AVC-HJDBA,AVC-17HJDBA,08.jpg,Hisense/images-rebuild/2026-09-29/packets/01_AVC_AVY/curated/Hisense_packet_01_AVC_AVY/AVC-HJDBA/AVC-17HJDBA/08.jpg,e1fe64150043072a4c6d2c02ecc90b783a03ff1a1be4880f4c4cd3d47f84860b,e68c9972728dc636,850,850
01,AVC-HJDBA,AVC-17HJDBA,06.jpg,Hisense/images-rebuild/2026-09-29/packets/01_AVC_AVY/curated/Hisense_packet_01_AVC_AVY/AVC-HJDBA/AVC-17HJDBA/06.jpg,9a40e38f1630f8d82f78adf08dc1a9a1b63082a3f80d870d58682a65326b83c6,ed989e27e12761c8,850,850
01,AVC-HJDBA,AVC-17HJDBA,03.jpg,Hisense/images-rebuild/2026-09-29/packets/01_AVC_AVY/curated/Hisense_packet_01_AVC_AVY/AVC-HJDBA/AVC-17HJDBA/03.jpg,39ece09d7409d9f887a38ca837c59f09d92fcfe25d7c8b244d98a4fae41e9fd5,ea6995b64acc3463,850,850
01,AVC-HJDBA,AVC-17HJDBA,07.jpg,Hisense/images-rebuild/2026-09-29/packets/01_AVC_AVY/curated/Hisense_packet_01_AVC_AVY/AVC-HJDBA/AVC-17HJDBA/07.jpg,bb5eff986568d2352ef583c014203317504a981f9be7cf8a4de35991cced7808,bcd89e27e12761c8,850,850
01,AVC-HJDBA,AVC-17HJDBA,01.jpg,Hisense/images-rebuild/2026-09-29/packets/01_AVC_AVY/curated/Hisense_packet_01_AVC_AVY/AVC-HJDBA/AVC-17HJDBA/01.jpg,f77a4f9d0ee32d0d481d435c6f7e8d3309f4f6fb1808fa9af6fde243e897c42c,e2689597b3caca8c,850,850
01,AVC-HJDBA,AVC-17HJDBA,09.jpg,Hisense/images-rebuild/2026-09-29/packets/01_AVC_AVY/curated/Hisense_packet_01_AVC_AVY/AVC-HJDBA/AVC-17HJDBA/09.jpg,c38d8639dfb1293e9a9b25e863e53be2b995754c76506aff4784b8abaa52c3cf,ed6c92939392476c,850,850
01,AVC-HJDBA,AVC-17HJDBA,05.jpg,Hisense/images-rebuild/2026-09-29/packets/01_AVC_AVY/curated/Hisense_packet_01_AVC_AVY/AVC-HJDBA/AVC-17HJDBA/05.jpg,fe2d56946f14a99b0fb0689eed19e8b0edf9b557f8f750dc66c5ca2bd721f910,ea6995b64acc3463,850,850
01,AVC-HJDBA,AVC-17HJDBA,04.jpg,Hisense/images-rebuild/2026-09-29/packets/01_AVC_AVY/curated/Hisense_packet_01_AVC_AVY/AVC-HJDBA/AVC-17HJDBA/04.jpg,0c24e3c7af07af062d4bcae4cdc27dbdd7865ad27aeb789c4d0cf0bb5aa6e520,fb6194934e7c3443,850,850
01,AVC-HJDBA,AVC-15HJDBA,02.jpg,Hisense/images-rebuild/2026-09-29/packets/01_AVC_AVY/curated/Hisense_packet_01_AVC_AVY/AVC-HJDBA/AVC-15HJDBA/02.jpg,30981d821693f827c82368a6cf12917bcc7e6659265a05fe87810c96a09b3ca7,b079cd8e33716d18,850,850
01,AVC-HJDBA,AVC-15HJDBA,10.jpg,Hisense/images-rebuild/2026-09-29/packets/01_AVC_AVY/curated/Hisense_packet_01_AVC_AVY/AVC-HJDBA/AVC-15HJDBA/10.jpg,818931f25fc081c875dd06c8b3379a3fd7e886621a966ed9fee45357aca354c1,e63399cc99cc9926,850,850
01,AVC-HJDBA,AVC-15HJDBA,08.jpg,Hisense/images-rebuild/2026-09-29/packets/01_AVC_AVY/curated/Hisense_packet_01_AVC_AVY/AVC-HJDBA/AVC-15HJDBA/08.jpg,e1fe64150043072a4c6d2c02ecc90b783a03ff1a1be4880f4c4cd3d47f84860b,e68c9972728dc636,850,850
01,AVC-HJDBA,AVC-15HJDBA,06.jpg,Hisense/images-rebuild/2026-09-29/packets/01_AVC_AVY/curated/Hisense_packet_01_AVC_AVY/AVC-HJDBA/AVC-15HJDBA/06.jpg,9a40e38f1630f8d82f78adf08dc1a9a1b63082a3f80d870d58682a65326b83c6,ed989e27e12761c8,850,850
01,AVC-HJDBA,AVC-15HJDBA,03.jpg,Hisense/images-rebuild/2026-09-29/packets/01_AVC_AVY/curated/Hisense_packet_01_AVC_AVY/AVC-HJDBA/AVC-15HJDBA/03.jpg,39ece09d7409d9f887a38ca837c59f09d92fcfe25d7c8b244d98a4fae41e9fd5,ea6995b64acc3463,850,850
01,AVC-HJDBA,AVC-15HJDBA,07.jpg,Hisense/images-rebuild/2026-09-29/packets/01_AVC_AVY/curated/Hisense_packet_01_AVC_AVY/AVC-HJDBA/AVC-15HJDBA/07.jpg,bb5eff986568d2352ef583c014203317504a981f9be7cf8a4de35991cced7808,bcd89e27e12761c8,850,850
01,AVC-HJDBA,AVC-15HJDBA,01.jpg,Hisense/images-rebuild/2026-09-29/packets/01_AVC_AVY/curated/Hisense_packet_01_AVC_AVY/AVC-HJDBA/AVC-15HJDBA/01.jpg,f77a4f9d0ee32d0d481d435c6f7e8d3309f4f6fb1808fa9af6fde243e897c42c,e2689597b3caca8c,850,850
01,AVC-HJDBA,AVC-15HJDBA,09.jpg,Hisense/images-rebuild/2026-09-29/packets/01_AVC_AVY/curated/Hisense_packet_01_AVC_AVY/AVC-HJDBA/AVC-15HJDBA/09.jpg,c38d8639dfb1293e9a9b25e863e53be2b995754c76506aff4784b8abaa52c3cf,ed6c92939392476c,850,850
01,AVC-HJDBA,AVC-15HJDBA,05.jpg,Hisense/images-rebuild/2026-09-29/packets/01_AVC_AVY/curated/Hisense_packet_01_AVC_AVY/AVC-HJDBA/AVC-15HJDBA/05.jpg,fe2d56946f14a99b0fb0689eed19e8b0edf9b557f8f750dc66c5ca2bd721f910,ea6995b64acc3463,850,850
01,AVC-HJDBA,AVC-15HJDBA,04.jpg,Hisense/images-rebuild/2026-09-29/packets/01_AVC_AVY/curated/Hisense_packet_01_AVC_AVY/AVC-HJDBA/AVC-15HJDBA/04.jpg,0c24e3c7af07af062d4bcae4cdc27dbdd7865ad27aeb789c4d0cf0bb5aa6e520,fb6194934e7c3443,850,850
01,AVC-HJDBA,AVC-07HJDBA,02.jpg,Hisense/images-rebuild/2026-09-29/packets/01_AVC_AVY/curated/Hisense_packet_01_AVC_AVY/AVC-HJDBA/AVC-07HJDBA/02.jpg,30981d821693f827c82368a6cf12917bcc7e6659265a05fe87810c96a09b3ca7,b079cd8e33716d18,850,850
01,AVC-HJDBA,AVC-07HJDBA,10.jpg,Hisense/images-rebuild/2026-09-29/packets/01_AVC_AVY/curated/Hisense_packet_01_AVC_AVY/AVC-HJDBA/AVC-07HJDBA/10.jpg,818931f25fc081c875dd06c8b3379a3fd7e886621a966ed9fee45357aca354c1,e63399cc99cc9926,850,850
01,AVC-HJDBA,AVC-07HJDBA,08.jpg,Hisense/images-rebuild/2026-09-29/packets/01_AVC_AVY/curated/Hisense_packet_01_AVC_AVY/AVC-HJDBA/AVC-07HJDBA/08.jpg,e1fe64150043072a4c6d2c02ecc90b783a03ff1a1be4880f4c4cd3d47f84860b,e68c9972728dc636,850,850
01,AVC-HJDBA,AVC-07HJDBA,06.jpg,Hisense/images-rebuild/2026-09-29/packets/01_AVC_AVY/curated/Hisense_packet_01_AVC_AVY/AVC-HJDBA/AVC-07HJDBA/06.jpg,9a40e38f1630f8d82f78adf08dc1a9a1b63082a3f80d870d58682a65326b83c6,ed989e27e12761c8,850,850
01,AVC-HJDBA,AVC-07HJDBA,03.jpg,Hisense/images-rebuild/2026-09-29/packets/01_AVC_AVY/curated/Hisense_packet_01_AVC_AVY/AVC-HJDBA/AVC-07HJDBA/03.jpg,39ece09d7409d9f887a38ca837c59f09d92fcfe25d7c8b244d98a4fae41e9fd5,ea6995b64acc3463,850,850
01,AVC-HJDBA,AVC-07HJDBA,07.jpg,Hisense/images-rebuild/2026-09-29/packets/01_AVC_AVY/curated/Hisense_packet_01_AVC_AVY/AVC-HJDBA/AVC-07HJDBA/07.jpg,bb5eff986568d2352ef583c014203317504a981f9be7cf8a4de35991cced7808,bcd89e27e12761c8,850,850
01,AVC-HJDBA,AVC-07HJDBA,01.jpg,Hisense/images-rebuild/2026-09-29/packets/01_AVC_AVY/curated/Hisense_packet_01_AVC_AVY/AVC-HJDBA/AVC-07HJDBA/01.jpg,f77a4f9d0ee32d0d481d435c6f7e8d3309f4f6fb1808fa9af6fde243e897c42c,e2689597b3caca8c,850,850
01,AVC-HJDBA,AVC-07HJDBA,09.jpg,Hisense/images-rebuild/2026-09-29/packets/01_AVC_AVY/curated/Hisense_packet_01_AVC_AVY/AVC-HJDBA/AVC-07HJDBA/09.jpg,c38d8639dfb1293e9a9b25e863e53be2b995754c76506aff4784b8abaa52c3cf,ed6c92939392476c,850,850
01,AVC-HJDBA,AVC-07HJDBA,05.jpg,Hisense/images-rebuild/2026-09-29/packets/01_AVC_AVY/curated/Hisense_packet_01_AVC_AVY/AVC-HJDBA/AVC-07HJDBA/05.jpg,fe2d56946f14a99b0fb0689eed19e8b0edf9b557f8f750dc66c5ca2bd721f910,ea6995b64acc3463,850,850
01,AVC-HJDBA,AVC-07HJDBA,04.jpg,Hisense/images-rebuild/2026-09-29/packets/01_AVC_AVY/curated/Hisense_packet_01_AVC_AVY/AVC-HJDBA/AVC-07HJDBA/04.jpg,0c24e3c7af07af062d4bcae4cdc27dbdd7865ad27aeb789c4d0cf0bb5aa6e520,fb6194934e7c3443,850,850
01,AVY-HJDA,AVY-19HJDA,02.jpg,Hisense/images-rebuild/2026-09-29/packets/01_AVC_AVY/curated/Hisense_packet_01_AVC_AVY/AVY-HJDA/AVY-19HJDA/02.jpg,f5837d363e33ab082ea3ae60cb7c918b5d1b20aeee17be887b5d802ca0e69ea5,eec495394bd23465,850,850
01,AVY-HJDA,AVY-19HJDA,03.jpg,Hisense/images-rebuild/2026-09-29/packets/01_AVC_AVY/curated/Hisense_packet_01_AVC_AVY/AVY-HJDA/AVY-19HJDA/03.jpg,c38d8639dfb1293e9a9b25e863e53be2b995754c76506aff4784b8abaa52c3cf,ed6c92939392476c,850,850
01,AVY-HJDA,AVY-19HJDA,01.jpg,Hisense/images-rebuild/2026-09-29/packets/01_AVC_AVY/curated/Hisense_packet_01_AVC_AVY/AVY-HJDA/AVY-19HJDA/01.jpg,c86f84bf16575aa816ff6b32270b65b2a4e86561cc9ca83cc46d9c641a39d9df,ea68c4943d4bda9a,850,850
01,AVY-HJDA,AVY-19HJDA,04.jpg,Hisense/images-rebuild/2026-09-29/packets/01_AVC_AVY/curated/Hisense_packet_01_AVC_AVY/AVY-HJDA/AVY-19HJDA/04.jpg,818931f25fc081c875dd06c8b3379a3fd7e886621a966ed9fee45357aca354c1,e63399cc99cc9926,850,850
01,AVY-HJDA,AVY-07HJDA,02.jpg,Hisense/images-rebuild/2026-09-29/packets/01_AVC_AVY/curated/Hisense_packet_01_AVC_AVY/AVY-HJDA/AVY-07HJDA/02.jpg,f5837d363e33ab082ea3ae60cb7c918b5d1b20aeee17be887b5d802ca0e69ea5,eec495394bd23465,850,850
01,AVY-HJDA,AVY-07HJDA,03.jpg,Hisense/images-rebuild/2026-09-29/packets/01_AVC_AVY/curated/Hisense_packet_01_AVC_AVY/AVY-HJDA/AVY-07HJDA/03.jpg,c38d8639dfb1293e9a9b25e863e53be2b995754c76506aff4784b8abaa52c3cf,ed6c92939392476c,850,850
01,AVY-HJDA,AVY-07HJDA,01.jpg,Hisense/images-rebuild/2026-09-29/packets/01_AVC_AVY/curated/Hisense_packet_01_AVC_AVY/AVY-HJDA/AVY-07HJDA/01.jpg,c86f84bf16575aa816ff6b32270b65b2a4e86561cc9ca83cc46d9c641a39d9df,ea68c4943d4bda9a,850,850
01,AVY-HJDA,AVY-07HJDA,04.jpg,Hisense/images-rebuild/2026-09-29/packets/01_AVC_AVY/curated/Hisense_packet_01_AVC_AVY/AVY-HJDA/AVY-07HJDA/04.jpg,818931f25fc081c875dd06c8b3379a3fd7e886621a966ed9fee45357aca354c1,e63399cc99cc9926,850,850
01,AVY-HJDA,AVY-09HJDA,02.jpg,Hisense/images-rebuild/2026-09-29/packets/01_AVC_AVY/curated/Hisense_packet_01_AVC_AVY/AVY-HJDA/AVY-09HJDA/02.jpg,f5837d363e33ab082ea3ae60cb7c918b5d1b20aeee17be887b5d802ca0e69ea5,eec495394bd23465,850,850
01,AVY-HJDA,AVY-09HJDA,03.jpg,Hisense/images-rebuild/2026-09-29/packets/01_AVC_AVY/curated/Hisense_packet_01_AVC_AVY/AVY-HJDA/AVY-09HJDA/03.jpg,c38d8639dfb1293e9a9b25e863e53be2b995754c76506aff4784b8abaa52c3cf,ed6c92939392476c,850,850
01,AVY-HJDA,AVY-09HJDA,01.jpg,Hisense/images-rebuild/2026-09-29/packets/01_AVC_AVY/curated/Hisense_packet_01_AVC_AVY/AVY-HJDA/AVY-09HJDA/01.jpg,c86f84bf16575aa816ff6b32270b65b2a4e86561cc9ca83cc46d9c641a39d9df,ea68c4943d4bda9a,850,850
01,AVY-HJDA,AVY-09HJDA,04.jpg,Hisense/images-rebuild/2026-09-29/packets/01_AVC_AVY/curated/Hisense_packet_01_AVC_AVY/AVY-HJDA/AVY-09HJDA/04.jpg,818931f25fc081c875dd06c8b3379a3fd7e886621a966ed9fee45357aca354c1,e63399cc99cc9926,850,850
01,AVY-HJDA,AVY-24HJDA,02.jpg,Hisense/images-rebuild/2026-09-29/packets/01_AVC_AVY/curated/Hisense_packet_01_AVC_AVY/AVY-HJDA/AVY-24HJDA/02.jpg,f5837d363e33ab082ea3ae60cb7c918b5d1b20aeee17be887b5d802ca0e69ea5,eec495394bd23465,850,850
01,AVY-HJDA,AVY-24HJDA,03.jpg,Hisense/images-rebuild/2026-09-29/packets/01_AVC_AVY/curated/Hisense_packet_01_AVC_AVY/AVY-HJDA/AVY-24HJDA/03.jpg,c38d8639dfb1293e9a9b25e863e53be2b995754c76506aff4784b8abaa52c3cf,ed6c92939392476c,850,850
01,AVY-HJDA,AVY-24HJDA,01.jpg,Hisense/images-rebuild/2026-09-29/packets/01_AVC_AVY/curated/Hisense_packet_01_AVC_AVY/AVY-HJDA/AVY-24HJDA/01.jpg,c86f84bf16575aa816ff6b32270b65b2a4e86561cc9ca83cc46d9c641a39d9df,ea68c4943d4bda9a,850,850
01,AVY-HJDA,AVY-24HJDA,04.jpg,Hisense/images-rebuild/2026-09-29/packets/01_AVC_AVY/curated/Hisense_packet_01_AVC_AVY/AVY-HJDA/AVY-24HJDA/04.jpg,818931f25fc081c875dd06c8b3379a3fd7e886621a966ed9fee45357aca354c1,e63399cc99cc9926,850,850
01,AVY-HJDA,AVY-15HJDA,02.jpg,Hisense/images-rebuild/2026-09-29/packets/01_AVC_AVY/curated/Hisense_packet_01_AVC_AVY/AVY-HJDA/AVY-15HJDA/02.jpg,f5837d363e33ab082ea3ae60cb7c918b5d1b20aeee17be887b5d802ca0e69ea5,eec495394bd23465,850,850
01,AVY-HJDA,AVY-15HJDA,03.jpg,Hisense/images-rebuild/2026-09-29/packets/01_AVC_AVY/curated/Hisense_packet_01_AVC_AVY/AVY-HJDA/AVY-15HJDA/03.jpg,c38d8639dfb1293e9a9b25e863e53be2b995754c76506aff4784b8abaa52c3cf,ed6c92939392476c,850,850
01,AVY-HJDA,AVY-15HJDA,01.jpg,Hisense/images-rebuild/2026-09-29/packets/01_AVC_AVY/curated/Hisense_packet_01_AVC_AVY/AVY-HJDA/AVY-15HJDA/01.jpg,c86f84bf16575aa816ff6b32270b65b2a4e86561cc9ca83cc46d9c641a39d9df,ea68c4943d4bda9a,850,850
01,AVY-HJDA,AVY-15HJDA,04.jpg,Hisense/images-rebuild/2026-09-29/packets/01_AVC_AVY/curated/Hisense_packet_01_AVC_AVY/AVY-HJDA/AVY-15HJDA/04.jpg,818931f25fc081c875dd06c8b3379a3fd7e886621a966ed9fee45357aca354c1,e63399cc99cc9926,850,850
01,AVY-HJDA,AVY-05HJDA,02.jpg,Hisense/images-rebuild/2026-09-29/packets/01_AVC_AVY/curated/Hisense_packet_01_AVC_AVY/AVY-HJDA/AVY-05HJDA/02.jpg,f5837d363e33ab082ea3ae60cb7c918b5d1b20aeee17be887b5d802ca0e69ea5,eec495394bd23465,850,850
01,AVY-HJDA,AVY-05HJDA,03.jpg,Hisense/images-rebuild/2026-09-29/packets/01_AVC_AVY/curated/Hisense_packet_01_AVC_AVY/AVY-HJDA/AVY-05HJDA/03.jpg,c38d8639dfb1293e9a9b25e863e53be2b995754c76506aff4784b8abaa52c3cf,ed6c92939392476c,850,850
01,AVY-HJDA,AVY-05HJDA,01.jpg,Hisense/images-rebuild/2026-09-29/packets/01_AVC_AVY/curated/Hisense_packet_01_AVC_AVY/AVY-HJDA/AVY-05HJDA/01.jpg,c86f84bf16575aa816ff6b32270b65b2a4e86561cc9ca83cc46d9c641a39d9df,ea68c4943d4bda9a,850,850
01,AVY-HJDA,AVY-05HJDA,04.jpg,Hisense/images-rebuild/2026-09-29/packets/01_AVC_AVY/curated/Hisense_packet_01_AVC_AVY/AVY-HJDA/AVY-05HJDA/04.jpg,818931f25fc081c875dd06c8b3379a3fd7e886621a966ed9fee45357aca354c1,e63399cc99cc9926,850,850
01,AVY-HJDA,AVY-12HJDA,02.jpg,Hisense/images-rebuild/2026-09-29/packets/01_AVC_AVY/curated/Hisense_packet_01_AVC_AVY/AVY-HJDA/AVY-12HJDA/02.jpg,f5837d363e33ab082ea3ae60cb7c918b5d1b20aeee17be887b5d802ca0e69ea5,eec495394bd23465,850,850
01,AVY-HJDA,AVY-12HJDA,03.jpg,Hisense/images-rebuild/2026-09-29/packets/01_AVC_AVY/curated/Hisense_packet_01_AVC_AVY/AVY-HJDA/AVY-12HJDA/03.jpg,c38d8639dfb1293e9a9b25e863e53be2b995754c76506aff4784b8abaa52c3cf,ed6c92939392476c,850,850
01,AVY-HJDA,AVY-12HJDA,01.jpg,Hisense/images-rebuild/2026-09-29/packets/01_AVC_AVY/curated/Hisense_packet_01_AVC_AVY/AVY-HJDA/AVY-12HJDA/01.jpg,c86f84bf16575aa816ff6b32270b65b2a4e86561cc9ca83cc46d9c641a39d9df,ea68c4943d4bda9a,850,850
01,AVY-HJDA,AVY-12HJDA,04.jpg,Hisense/images-rebuild/2026-09-29/packets/01_AVC_AVY/curated/Hisense_packet_01_AVC_AVY/AVY-HJDA/AVY-12HJDA/04.jpg,818931f25fc081c875dd06c8b3379a3fd7e886621a966ed9fee45357aca354c1,e63399cc99cc9926,850,850
15,HiMod AE2,HFRWE-130DGF-SYS,02.jpg,Hisense/images-rebuild/2026-09-29/packets/15_TRIUMPH_AR_IR_HIMOD_CURATED/Hisense_images_rebuilt/HiMod AE2/HFRWE-130DGF-SYS/02.jpg,f8044dfbb7eb5dfedc0bc50949a6d891adfd0e4ae842931a6aaf752c48351438,e4328fcd30324dcf,850,850
15,HiMod AE2,HFRWE-130DGF-SYS,03.jpg,Hisense/images-rebuild/2026-09-29/packets/15_TRIUMPH_AR_IR_HIMOD_CURATED/Hisense_images_rebuilt/HiMod AE2/HFRWE-130DGF-SYS/03.jpg,891fcf0090b934e8fdc33ea6403c1809aaaacf9e32f56f31851b42e46c02bc7e,b064cf9b34646c9b,850,850
15,HiMod AE2,HFRWE-130DGF-SYS,01.jpg,Hisense/images-rebuild/2026-09-29/packets/15_TRIUMPH_AR_IR_HIMOD_CURATED/Hisense_images_rebuilt/HiMod AE2/HFRWE-130DGF-SYS/01.jpg,6104f558116bd1bb915f51505d4c8848ed23214f4b722586111244e9ff4a2d0e,b1649e9b61659a9a,850,850
15,HiMod AE2,HFRWE-65DGF-SYS,01.jpg,Hisense/images-rebuild/2026-09-29/packets/15_TRIUMPH_AR_IR_HIMOD_CURATED/Hisense_images_rebuilt/HiMod AE2/HFRWE-65DGF-SYS/01.jpg,1d129706dff3e321a1cae11fd83aac3236bf1c680e9bcae1417c00b3e4947d61,ea3dc1c12c1ec56e,850,850
15,Triumph,TWC22HN-OUT с модулем RC-KA02,01.jpg,Hisense/images-rebuild/2026-09-29/packets/15_TRIUMPH_AR_IR_HIMOD_CURATED/Hisense_images_rebuilt/Triumph/TWC22HN-OUT с модулем RC-KA02/01.jpg,dacf2876584933a5ec955268d625ef15eb055ed7a97ec583c20ed05043951682,af85c06a0f957a6a,850,850
15,Triumph,TWC55HN-OUT с модулем RC-KA02,01.jpg,Hisense/images-rebuild/2026-09-29/packets/15_TRIUMPH_AR_IR_HIMOD_CURATED/Hisense_images_rebuilt/Triumph/TWC55HN-OUT с модулем RC-KA02/01.jpg,dacf2876584933a5ec955268d625ef15eb055ed7a97ec583c20ed05043951682,af85c06a0f957a6a,850,850
15,Triumph,TWC28HN-OUT с модулем RC-KA02,01.jpg,Hisense/images-rebuild/2026-09-29/packets/15_TRIUMPH_AR_IR_HIMOD_CURATED/Hisense_images_rebuilt/Triumph/TWC28HN-OUT с модулем RC-KA02/01.jpg,dacf2876584933a5ec955268d625ef15eb055ed7a97ec583c20ed05043951682,af85c06a0f957a6a,850,850
15,Triumph,TWC35HN-OUT с модулем RC-KA02,01.jpg,Hisense/images-rebuild/2026-09-29/packets/15_TRIUMPH_AR_IR_HIMOD_CURATED/Hisense_images_rebuilt/Triumph/TWC35HN-OUT с модулем RC-KA02/01.jpg,dacf2876584933a5ec955268d625ef15eb055ed7a97ec583c20ed05043951682,af85c06a0f957a6a,850,850
15,Triumph,TWC75HN-OUT с модулем RC-KA02,01.jpg,Hisense/images-rebuild/2026-09-29/packets/15_TRIUMPH_AR_IR_HIMOD_CURATED/Hisense_images_rebuilt/Triumph/TWC75HN-OUT с модулем RC-KA02/01.jpg,dacf2876584933a5ec955268d625ef15eb055ed7a97ec583c20ed05043951682,af85c06a0f957a6a,850,850
15,IR,IR40F,02.jpg,Hisense/images-rebuild/2026-09-29/packets/15_TRIUMPH_AR_IR_HIMOD_CURATED/Hisense_images_rebuilt/IR/IR40F/02.jpg,5afbaa0a456dbf87cd71f3c22ac80795cf01b4573507c5944e41510196e816a2,b48a9b299b31cecc,850,850
15,IR,IR40F,01.jpg,Hisense/images-rebuild/2026-09-29/packets/15_TRIUMPH_AR_IR_HIMOD_CURATED/Hisense_images_rebuilt/IR/IR40F/01.jpg,403bdfeffae110adb82968289e9dcb3b4631f0e00f837d57a5a69623fb5de490,b69b9b319964cc64,850,850
15,IR,IR50F,02.jpg,Hisense/images-rebuild/2026-09-29/packets/15_TRIUMPH_AR_IR_HIMOD_CURATED/Hisense_images_rebuilt/IR/IR50F/02.jpg,5afbaa0a456dbf87cd71f3c22ac80795cf01b4573507c5944e41510196e816a2,b48a9b299b31cecc,850,850
15,IR,IR50F,01.jpg,Hisense/images-rebuild/2026-09-29/packets/15_TRIUMPH_AR_IR_HIMOD_CURATED/Hisense_images_rebuilt/IR/IR50F/01.jpg,403bdfeffae110adb82968289e9dcb3b4631f0e00f837d57a5a69623fb5de490,b69b9b319964cc64,850,850
15,IR,IR60F,02.jpg,Hisense/images-rebuild/2026-09-29/packets/15_TRIUMPH_AR_IR_HIMOD_CURATED/Hisense_images_rebuilt/IR/IR60F/02.jpg,d736175fa6a374563f60dda71ad580995ebea294d0146f2cdc0864770371d686,b399c92666cc3399,850,850
15,IR,IR60F,03.jpg,Hisense/images-rebuild/2026-09-29/packets/15_TRIUMPH_AR_IR_HIMOD_CURATED/Hisense_images_rebuilt/IR/IR60F/03.jpg,5afbaa0a456dbf87cd71f3c22ac80795cf01b4573507c5944e41510196e816a2,b48a9b299b31cecc,850,850
15,IR,IR60F,01.jpg,Hisense/images-rebuild/2026-09-29/packets/15_TRIUMPH_AR_IR_HIMOD_CURATED/Hisense_images_rebuilt/IR/IR60F/01.jpg,403bdfeffae110adb82968289e9dcb3b4631f0e00f837d57a5a69623fb5de490,b69b9b319964cc64,850,850
15,AR,AR20U-F-D,01.jpg,Hisense/images-rebuild/2026-09-29/packets/15_TRIUMPH_AR_IR_HIMOD_CURATED/Hisense_images_rebuilt/AR/AR20U-F-D/01.jpg,aaefdd9947716d09a75a91f628a197e7c2b0a27efe386ee81bf8b2092615384a,e69a9a338ccccccc,850,850
15,AR,AR17U-F-D,01.jpg,Hisense/images-rebuild/2026-09-29/packets/15_TRIUMPH_AR_IR_HIMOD_CURATED/Hisense_images_rebuilt/AR/AR17U-F-D/01.jpg,aaefdd9947716d09a75a91f628a197e7c2b0a27efe386ee81bf8b2092615384a,e69a9a338ccccccc,850,850
15,AR,AR08U-F-D,01.jpg,Hisense/images-rebuild/2026-09-29/packets/15_TRIUMPH_AR_IR_HIMOD_CURATED/Hisense_images_rebuilt/AR/AR08U-F-D/01.jpg,aaefdd9947716d09a75a91f628a197e7c2b0a27efe386ee81bf8b2092615384a,e69a9a338ccccccc,850,850
15,AR,AR13U-F-D,01.jpg,Hisense/images-rebuild/2026-09-29/packets/15_TRIUMPH_AR_IR_HIMOD_CURATED/Hisense_images_rebuilt/AR/AR13U-F-D/01.jpg,aaefdd9947716d09a75a91f628a197e7c2b0a27efe386ee81bf8b2092615384a,e69a9a338ccccccc,850,850
06,S5,AVWT-307HKF5,02.jpg,Hisense/images-rebuild/2026-09-29/packets/06_S5/Hisense_images_rebuilt/S5/AVWT-307HKF5/02.jpg,6b8ffe3ecfda80dd857400af25f832a5ad4274170b26787e5782842f050320cc,ed92826dce6d18c6,850,850
06,S5,AVWT-307HKF5,10.jpg,Hisense/images-rebuild/2026-09-29/packets/06_S5/Hisense_images_rebuilt/S5/AVWT-307HKF5/10.jpg,4d51ae96e2e2ffe36093869e7dcaa36dda798ad588ceeead5badb28b69b467ec,b8c6c73993399863,850,850
06,S5,AVWT-307HKF5,08.jpg,Hisense/images-rebuild/2026-09-29/packets/06_S5/Hisense_images_rebuilt/S5/AVWT-307HKF5/08.jpg,deb0e53d7f7bcc8e73f8f0f23565bacb27ed389ad6168c50efebde60f78a5416,afca906dd03cc2b6,850,850
06,S5,AVWT-307HKF5,06.jpg,Hisense/images-rebuild/2026-09-29/packets/06_S5/Hisense_images_rebuilt/S5/AVWT-307HKF5/06.jpg,833e8140e3d3f9f38a79a5a42f3746185144b4584be1911863268887000347e1,ec39688697c486e7,850,850
06,S5,AVWT-307HKF5,03.jpg,Hisense/images-rebuild/2026-09-29/packets/06_S5/Hisense_images_rebuilt/S5/AVWT-307HKF5/03.jpg,89ea0942d226edd7b783015eaab7f140dc18d0495c578c3ae9e14e8144d8cbaf,ed9b962c9a6438c6,850,850
06,S5,AVWT-307HKF5,07.jpg,Hisense/images-rebuild/2026-09-29/packets/06_S5/Hisense_images_rebuilt/S5/AVWT-307HKF5/07.jpg,047f09f590a8859329d2f6ee45d98b33439c679d6531065d9b59e365ee218712,e334986b989bcd86,850,850
06,S5,AVWT-307HKF5,01.jpg,Hisense/images-rebuild/2026-09-29/packets/06_S5/Hisense_images_rebuilt/S5/AVWT-307HKF5/01.jpg,8ce5ff43808ee4e680ec32c4daa89ad2ae3427df671809e4724f13cd9a10a4ea,ed9b9638966518c6,850,850
06,S5,AVWT-307HKF5,09.jpg,Hisense/images-rebuild/2026-09-29/packets/06_S5/Hisense_images_rebuilt/S5/AVWT-307HKF5/09.jpg,e01eb21436c9db8ecdc47def24048507f159a7ab2e10669302e05f49ae18f813,ed928269c66d98e6,850,850
06,S5,AVWT-307HKF5,05.jpg,Hisense/images-rebuild/2026-09-29/packets/06_S5/Hisense_images_rebuilt/S5/AVWT-307HKF5/05.jpg,93787a6cc05764f6684390a4c87627140564e009684f4fa400665bc063aaa81d,b19bce64ce64cc92,850,850
06,S5,AVWT-307HKF5,04.jpg,Hisense/images-rebuild/2026-09-29/packets/06_S5/Hisense_images_rebuilt/S5/AVWT-307HKF5/04.jpg,2d528fc7b95fc0295e2ef0134509f9d5fa4afd57d254deeac1cc87c63cacfa8d,e49b9b64ce64cc92,850,850
06,S5,AVWT-386HKF5,02.jpg,Hisense/images-rebuild/2026-09-29/packets/06_S5/Hisense_images_rebuilt/S5/AVWT-386HKF5/02.jpg,6b8ffe3ecfda80dd857400af25f832a5ad4274170b26787e5782842f050320cc,ed92826dce6d18c6,850,850
06,S5,AVWT-386HKF5,10.jpg,Hisense/images-rebuild/2026-09-29/packets/06_S5/Hisense_images_rebuilt/S5/AVWT-386HKF5/10.jpg,4d51ae96e2e2ffe36093869e7dcaa36dda798ad588ceeead5badb28b69b467ec,b8c6c73993399863,850,850
06,S5,AVWT-386HKF5,08.jpg,Hisense/images-rebuild/2026-09-29/packets/06_S5/Hisense_images_rebuilt/S5/AVWT-386HKF5/08.jpg,deb0e53d7f7bcc8e73f8f0f23565bacb27ed389ad6168c50efebde60f78a5416,afca906dd03cc2b6,850,850
06,S5,AVWT-386HKF5,06.jpg,Hisense/images-rebuild/2026-09-29/packets/06_S5/Hisense_images_rebuilt/S5/AVWT-386HKF5/06.jpg,833e8140e3d3f9f38a79a5a42f3746185144b4584be1911863268887000347e1,ec39688697c486e7,850,850
06,S5,AVWT-386HKF5,03.jpg,Hisense/images-rebuild/2026-09-29/packets/06_S5/Hisense_images_rebuilt/S5/AVWT-386HKF5/03.jpg,89ea0942d226edd7b783015eaab7f140dc18d0495c578c3ae9e14e8144d8cbaf,ed9b962c9a6438c6,850,850
06,S5,AVWT-386HKF5,07.jpg,Hisense/images-rebuild/2026-09-29/packets/06_S5/Hisense_images_rebuilt/S5/AVWT-386HKF5/07.jpg,047f09f590a8859329d2f6ee45d98b33439c679d6531065d9b59e365ee218712,e334986b989bcd86,850,850
06,S5,AVWT-386HKF5,01.jpg,Hisense/images-rebuild/2026-09-29/packets/06_S5/Hisense_images_rebuilt/S5/AVWT-386HKF5/01.jpg,8ce5ff43808ee4e680ec32c4daa89ad2ae3427df671809e4724f13cd9a10a4ea,ed9b9638966518c6,850,850
06,S5,AVWT-386HKF5,09.jpg,Hisense/images-rebuild/2026-09-29/packets/06_S5/Hisense_images_rebuilt/S5/AVWT-386HKF5/09.jpg,e01eb21436c9db8ecdc47def24048507f159a7ab2e10669302e05f49ae18f813,ed928269c66d98e6,850,850
06,S5,AVWT-386HKF5,05.jpg,Hisense/images-rebuild/2026-09-29/packets/06_S5/Hisense_images_rebuilt/S5/AVWT-386HKF5/05.jpg,93787a6cc05764f6684390a4c87627140564e009684f4fa400665bc063aaa81d,b19bce64ce64cc92,850,850
06,S5,AVWT-386HKF5,04.jpg,Hisense/images-rebuild/2026-09-29/packets/06_S5/Hisense_images_rebuilt/S5/AVWT-386HKF5/04.jpg,2d528fc7b95fc0295e2ef0134509f9d5fa4afd57d254deeac1cc87c63cacfa8d,e49b9b64ce64cc92,850,850
06,S5,AVWT-343HKF5,02.jpg,Hisense/images-rebuild/2026-09-29/packets/06_S5/Hisense_images_rebuilt/S5/AVWT-343HKF5/02.jpg,6b8ffe3ecfda80dd857400af25f832a5ad4274170b26787e5782842f050320cc,ed92826dce6d18c6,850,850
06,S5,AVWT-343HKF5,10.jpg,Hisense/images-rebuild/2026-09-29/packets/06_S5/Hisense_images_rebuilt/S5/AVWT-343HKF5/10.jpg,4d51ae96e2e2ffe36093869e7dcaa36dda798ad588ceeead5badb28b69b467ec,b8c6c73993399863,850,850
06,S5,AVWT-343HKF5,08.jpg,Hisense/images-rebuild/2026-09-29/packets/06_S5/Hisense_images_rebuilt/S5/AVWT-343HKF5/08.jpg,deb0e53d7f7bcc8e73f8f0f23565bacb27ed389ad6168c50efebde60f78a5416,afca906dd03cc2b6,850,850
06,S5,AVWT-343HKF5,06.jpg,Hisense/images-rebuild/2026-09-29/packets/06_S5/Hisense_images_rebuilt/S5/AVWT-343HKF5/06.jpg,833e8140e3d3f9f38a79a5a42f3746185144b4584be1911863268887000347e1,ec39688697c486e7,850,850
06,S5,AVWT-343HKF5,03.jpg,Hisense/images-rebuild/2026-09-29/packets/06_S5/Hisense_images_rebuilt/S5/AVWT-343HKF5/03.jpg,89ea0942d226edd7b783015eaab7f140dc18d0495c578c3ae9e14e8144d8cbaf,ed9b962c9a6438c6,850,850
06,S5,AVWT-343HKF5,07.jpg,Hisense/images-rebuild/2026-09-29/packets/06_S5/Hisense_images_rebuilt/S5/AVWT-343HKF5/07.jpg,047f09f590a8859329d2f6ee45d98b33439c679d6531065d9b59e365ee218712,e334986b989bcd86,850,850
06,S5,AVWT-343HKF5,01.jpg,Hisense/images-rebuild/2026-09-29/packets/06_S5/Hisense_images_rebuilt/S5/AVWT-343HKF5/01.jpg,8ce5ff43808ee4e680ec32c4daa89ad2ae3427df671809e4724f13cd9a10a4ea,ed9b9638966518c6,850,850
06,S5,AVWT-343HKF5,09.jpg,Hisense/images-rebuild/2026-09-29/packets/06_S5/Hisense_images_rebuilt/S5/AVWT-343HKF5/09.jpg,e01eb21436c9db8ecdc47def24048507f159a7ab2e10669302e05f49ae18f813,ed928269c66d98e6,850,850
06,S5,AVWT-343HKF5,05.jpg,Hisense/images-rebuild/2026-09-29/packets/06_S5/Hisense_images_rebuilt/S5/AVWT-343HKF5/05.jpg,93787a6cc05764f6684390a4c87627140564e009684f4fa400665bc063aaa81d,b19bce64ce64cc92,850,850
06,S5,AVWT-343HKF5,04.jpg,Hisense/images-rebuild/2026-09-29/packets/06_S5/Hisense_images_rebuilt/S5/AVWT-343HKF5/04.jpg,2d528fc7b95fc0295e2ef0134509f9d5fa4afd57d254deeac1cc87c63cacfa8d,e49b9b64ce64cc92,850,850
06,S5,AVWT-365HKF5,02.jpg,Hisense/images-rebuild/2026-09-29/packets/06_S5/Hisense_images_rebuilt/S5/AVWT-365HKF5/02.jpg,6b8ffe3ecfda80dd857400af25f832a5ad4274170b26787e5782842f050320cc,ed92826dce6d18c6,850,850
06,S5,AVWT-365HKF5,10.jpg,Hisense/images-rebuild/2026-09-29/packets/06_S5/Hisense_images_rebuilt/S5/AVWT-365HKF5/10.jpg,4d51ae96e2e2ffe36093869e7dcaa36dda798ad588ceeead5badb28b69b467ec,b8c6c73993399863,850,850
06,S5,AVWT-365HKF5,08.jpg,Hisense/images-rebuild/2026-09-29/packets/06_S5/Hisense_images_rebuilt/S5/AVWT-365HKF5/08.jpg,deb0e53d7f7bcc8e73f8f0f23565bacb27ed389ad6168c50efebde60f78a5416,afca906dd03cc2b6,850,850
06,S5,AVWT-365HKF5,06.jpg,Hisense/images-rebuild/2026-09-29/packets/06_S5/Hisense_images_rebuilt/S5/AVWT-365HKF5/06.jpg,833e8140e3d3f9f38a79a5a42f3746185144b4584be1911863268887000347e1,ec39688697c486e7,850,850
06,S5,AVWT-365HKF5,03.jpg,Hisense/images-rebuild/2026-09-29/packets/06_S5/Hisense_images_rebuilt/S5/AVWT-365HKF5/03.jpg,89ea0942d226edd7b783015eaab7f140dc18d0495c578c3ae9e14e8144d8cbaf,ed9b962c9a6438c6,850,850
06,S5,AVWT-365HKF5,07.jpg,Hisense/images-rebuild/2026-09-29/packets/06_S5/Hisense_images_rebuilt/S5/AVWT-365HKF5/07.jpg,047f09f590a8859329d2f6ee45d98b33439c679d6531065d9b59e365ee218712,e334986b989bcd86,850,850
06,S5,AVWT-365HKF5,01.jpg,Hisense/images-rebuild/2026-09-29/packets/06_S5/Hisense_images_rebuilt/S5/AVWT-365HKF5/01.jpg,8ce5ff43808ee4e680ec32c4daa89ad2ae3427df671809e4724f13cd9a10a4ea,ed9b9638966518c6,850,850
06,S5,AVWT-365HKF5,09.jpg,Hisense/images-rebuild/2026-09-29/packets/06_S5/Hisense_images_rebuilt/S5/AVWT-365HKF5/09.jpg,e01eb21436c9db8ecdc47def24048507f159a7ab2e10669302e05f49ae18f813,ed928269c66d98e6,850,850
06,S5,AVWT-365HKF5,05.jpg,Hisense/images-rebuild/2026-09-29/packets/06_S5/Hisense_images_rebuilt/S5/AVWT-365HKF5/05.jpg,93787a6cc05764f6684390a4c87627140564e009684f4fa400665bc063aaa81d,b19bce64ce64cc92,850,850
06,S5,AVWT-365HKF5,04.jpg,Hisense/images-rebuild/2026-09-29/packets/06_S5/Hisense_images_rebuilt/S5/AVWT-365HKF5/04.jpg,2d528fc7b95fc0295e2ef0134509f9d5fa4afd57d254deeac1cc87c63cacfa8d,e49b9b64ce64cc92,850,850
06,S5,AVWT-324HKF5,02.jpg,Hisense/images-rebuild/2026-09-29/packets/06_S5/Hisense_images_rebuilt/S5/AVWT-324HKF5/02.jpg,6b8ffe3ecfda80dd857400af25f832a5ad4274170b26787e5782842f050320cc,ed92826dce6d18c6,850,850
06,S5,AVWT-324HKF5,10.jpg,Hisense/images-rebuild/2026-09-29/packets/06_S5/Hisense_images_rebuilt/S5/AVWT-324HKF5/10.jpg,4d51ae96e2e2ffe36093869e7dcaa36dda798ad588ceeead5badb28b69b467ec,b8c6c73993399863,850,850
06,S5,AVWT-324HKF5,08.jpg,Hisense/images-rebuild/2026-09-29/packets/06_S5/Hisense_images_rebuilt/S5/AVWT-324HKF5/08.jpg,deb0e53d7f7bcc8e73f8f0f23565bacb27ed389ad6168c50efebde60f78a5416,afca906dd03cc2b6,850,850
06,S5,AVWT-324HKF5,06.jpg,Hisense/images-rebuild/2026-09-29/packets/06_S5/Hisense_images_rebuilt/S5/AVWT-324HKF5/06.jpg,833e8140e3d3f9f38a79a5a42f3746185144b4584be1911863268887000347e1,ec39688697c486e7,850,850
06,S5,AVWT-324HKF5,03.jpg,Hisense/images-rebuild/2026-09-29/packets/06_S5/Hisense_images_rebuilt/S5/AVWT-324HKF5/03.jpg,89ea0942d226edd7b783015eaab7f140dc18d0495c578c3ae9e14e8144d8cbaf,ed9b962c9a6438c6,850,850
06,S5,AVWT-324HKF5,07.jpg,Hisense/images-rebuild/2026-09-29/packets/06_S5/Hisense_images_rebuilt/S5/AVWT-324HKF5/07.jpg,047f09f590a8859329d2f6ee45d98b33439c679d6531065d9b59e365ee218712,e334986b989bcd86,850,850
06,S5,AVWT-324HKF5,01.jpg,Hisense/images-rebuild/2026-09-29/packets/06_S5/Hisense_images_rebuilt/S5/AVWT-324HKF5/01.jpg,8ce5ff43808ee4e680ec32c4daa89ad2ae3427df671809e4724f13cd9a10a4ea,ed9b9638966518c6,850,850
06,S5,AVWT-324HKF5,09.jpg,Hisense/images-rebuild/2026-09-29/packets/06_S5/Hisense_images_rebuilt/S5/AVWT-324HKF5/09.jpg,e01eb21436c9db8ecdc47def24048507f159a7ab2e10669302e05f49ae18f813,ed928269c66d98e6,850,850
06,S5,AVWT-324HKF5,05.jpg,Hisense/images-rebuild/2026-09-29/packets/06_S5/Hisense_images_rebuilt/S5/AVWT-324HKF5/05.jpg,93787a6cc05764f6684390a4c87627140564e009684f4fa400665bc063aaa81d,b19bce64ce64cc92,850,850
06,S5,AVWT-324HKF5,04.jpg,Hisense/images-rebuild/2026-09-29/packets/06_S5/Hisense_images_rebuilt/S5/AVWT-324HKF5/04.jpg,2d528fc7b95fc0295e2ef0134509f9d5fa4afd57d254deeac1cc87c63cacfa8d,e49b9b64ce64cc92,850,850
06,S5,AVWT-136HKF5,02.jpg,Hisense/images-rebuild/2026-09-29/packets/06_S5/Hisense_images_rebuilt/S5/AVWT-136HKF5/02.jpg,6b8ffe3ecfda80dd857400af25f832a5ad4274170b26787e5782842f050320cc,ed92826dce6d18c6,850,850
06,S5,AVWT-136HKF5,10.jpg,Hisense/images-rebuild/2026-09-29/packets/06_S5/Hisense_images_rebuilt/S5/AVWT-136HKF5/10.jpg,6d5718e4c1c6ac743daeba0f777f55cbad5ee1d013d21151def01d7d16f0ada8,b1cece20cb319b69,850,850
06,S5,AVWT-136HKF5,08.jpg,Hisense/images-rebuild/2026-09-29/packets/06_S5/Hisense_images_rebuilt/S5/AVWT-136HKF5/08.jpg,deb0e53d7f7bcc8e73f8f0f23565bacb27ed389ad6168c50efebde60f78a5416,afca906dd03cc2b6,850,850
06,S5,AVWT-136HKF5,06.jpg,Hisense/images-rebuild/2026-09-29/packets/06_S5/Hisense_images_rebuilt/S5/AVWT-136HKF5/06.jpg,833e8140e3d3f9f38a79a5a42f3746185144b4584be1911863268887000347e1,ec39688697c486e7,850,850
06,S5,AVWT-136HKF5,03.jpg,Hisense/images-rebuild/2026-09-29/packets/06_S5/Hisense_images_rebuilt/S5/AVWT-136HKF5/03.jpg,89ea0942d226edd7b783015eaab7f140dc18d0495c578c3ae9e14e8144d8cbaf,ed9b962c9a6438c6,850,850
06,S5,AVWT-136HKF5,07.jpg,Hisense/images-rebuild/2026-09-29/packets/06_S5/Hisense_images_rebuilt/S5/AVWT-136HKF5/07.jpg,047f09f590a8859329d2f6ee45d98b33439c679d6531065d9b59e365ee218712,e334986b989bcd86,850,850
06,S5,AVWT-136HKF5,01.jpg,Hisense/images-rebuild/2026-09-29/packets/06_S5/Hisense_images_rebuilt/S5/AVWT-136HKF5/01.jpg,8ce5ff43808ee4e680ec32c4daa89ad2ae3427df671809e4724f13cd9a10a4ea,ed9b9638966518c6,850,850
06,S5,AVWT-136HKF5,09.jpg,Hisense/images-rebuild/2026-09-29/packets/06_S5/Hisense_images_rebuilt/S5/AVWT-136HKF5/09.jpg,cb006a27ac7c15bbb13d05b7591dd07aba943efb6092a03ccb0af8ccc051af31,e49b936cc764cc26,850,850
06,S5,AVWT-136HKF5,05.jpg,Hisense/images-rebuild/2026-09-29/packets/06_S5/Hisense_images_rebuilt/S5/AVWT-136HKF5/05.jpg,93787a6cc05764f6684390a4c87627140564e009684f4fa400665bc063aaa81d,b19bce64ce64cc92,850,850
06,S5,AVWT-136HKF5,04.jpg,Hisense/images-rebuild/2026-09-29/packets/06_S5/Hisense_images_rebuilt/S5/AVWT-136HKF5/04.jpg,2d528fc7b95fc0295e2ef0134509f9d5fa4afd57d254deeac1cc87c63cacfa8d,e49b9b64ce64cc92,850,850
06,S5,AVWT-290HKF5,02.jpg,Hisense/images-rebuild/2026-09-29/packets/06_S5/Hisense_images_rebuilt/S5/AVWT-290HKF5/02.jpg,6b8ffe3ecfda80dd857400af25f832a5ad4274170b26787e5782842f050320cc,ed92826dce6d18c6,850,850
06,S5,AVWT-290HKF5,10.jpg,Hisense/images-rebuild/2026-09-29/packets/06_S5/Hisense_images_rebuilt/S5/AVWT-290HKF5/10.jpg,4d51ae96e2e2ffe36093869e7dcaa36dda798ad588ceeead5badb28b69b467ec,b8c6c73993399863,850,850
06,S5,AVWT-290HKF5,08.jpg,Hisense/images-rebuild/2026-09-29/packets/06_S5/Hisense_images_rebuilt/S5/AVWT-290HKF5/08.jpg,deb0e53d7f7bcc8e73f8f0f23565bacb27ed389ad6168c50efebde60f78a5416,afca906dd03cc2b6,850,850
06,S5,AVWT-290HKF5,06.jpg,Hisense/images-rebuild/2026-09-29/packets/06_S5/Hisense_images_rebuilt/S5/AVWT-290HKF5/06.jpg,833e8140e3d3f9f38a79a5a42f3746185144b4584be1911863268887000347e1,ec39688697c486e7,850,850
06,S5,AVWT-290HKF5,03.jpg,Hisense/images-rebuild/2026-09-29/packets/06_S5/Hisense_images_rebuilt/S5/AVWT-290HKF5/03.jpg,89ea0942d226edd7b783015eaab7f140dc18d0495c578c3ae9e14e8144d8cbaf,ed9b962c9a6438c6,850,850
06,S5,AVWT-290HKF5,07.jpg,Hisense/images-rebuild/2026-09-29/packets/06_S5/Hisense_images_rebuilt/S5/AVWT-290HKF5/07.jpg,047f09f590a8859329d2f6ee45d98b33439c679d6531065d9b59e365ee218712,e334986b989bcd86,850,850
06,S5,AVWT-290HKF5,01.jpg,Hisense/images-rebuild/2026-09-29/packets/06_S5/Hisense_images_rebuilt/S5/AVWT-290HKF5/01.jpg,8ce5ff43808ee4e680ec32c4daa89ad2ae3427df671809e4724f13cd9a10a4ea,ed9b9638966518c6,850,850
06,S5,AVWT-290HKF5,09.jpg,Hisense/images-rebuild/2026-09-29/packets/06_S5/Hisense_images_rebuilt/S5/AVWT-290HKF5/09.jpg,e01eb21436c9db8ecdc47def24048507f159a7ab2e10669302e05f49ae18f813,ed928269c66d98e6,850,850
06,S5,AVWT-290HKF5,05.jpg,Hisense/images-rebuild/2026-09-29/packets/06_S5/Hisense_images_rebuilt/S5/AVWT-290HKF5/05.jpg,93787a6cc05764f6684390a4c87627140564e009684f4fa400665bc063aaa81d,b19bce64ce64cc92,850,850
06,S5,AVWT-290HKF5,04.jpg,Hisense/images-rebuild/2026-09-29/packets/06_S5/Hisense_images_rebuilt/S5/AVWT-290HKF5/04.jpg,2d528fc7b95fc0295e2ef0134509f9d5fa4afd57d254deeac1cc87c63cacfa8d,e49b9b64ce64cc92,850,850
06,S5,AVWT-154HKF5,02.jpg,Hisense/images-rebuild/2026-09-29/packets/06_S5/Hisense_images_rebuilt/S5/AVWT-154HKF5/02.jpg,6b8ffe3ecfda80dd857400af25f832a5ad4274170b26787e5782842f050320cc,ed92826dce6d18c6,850,850
06,S5,AVWT-154HKF5,10.jpg,Hisense/images-rebuild/2026-09-29/packets/06_S5/Hisense_images_rebuilt/S5/AVWT-154HKF5/10.jpg,6d5718e4c1c6ac743daeba0f777f55cbad5ee1d013d21151def01d7d16f0ada8,b1cece20cb319b69,850,850
06,S5,AVWT-154HKF5,08.jpg,Hisense/images-rebuild/2026-09-29/packets/06_S5/Hisense_images_rebuilt/S5/AVWT-154HKF5/08.jpg,deb0e53d7f7bcc8e73f8f0f23565bacb27ed389ad6168c50efebde60f78a5416,afca906dd03cc2b6,850,850
06,S5,AVWT-154HKF5,06.jpg,Hisense/images-rebuild/2026-09-29/packets/06_S5/Hisense_images_rebuilt/S5/AVWT-154HKF5/06.jpg,833e8140e3d3f9f38a79a5a42f3746185144b4584be1911863268887000347e1,ec39688697c486e7,850,850
06,S5,AVWT-154HKF5,03.jpg,Hisense/images-rebuild/2026-09-29/packets/06_S5/Hisense_images_rebuilt/S5/AVWT-154HKF5/03.jpg,89ea0942d226edd7b783015eaab7f140dc18d0495c578c3ae9e14e8144d8cbaf,ed9b962c9a6438c6,850,850
06,S5,AVWT-154HKF5,07.jpg,Hisense/images-rebuild/2026-09-29/packets/06_S5/Hisense_images_rebuilt/S5/AVWT-154HKF5/07.jpg,047f09f590a8859329d2f6ee45d98b33439c679d6531065d9b59e365ee218712,e334986b989bcd86,850,850
06,S5,AVWT-154HKF5,01.jpg,Hisense/images-rebuild/2026-09-29/packets/06_S5/Hisense_images_rebuilt/S5/AVWT-154HKF5/01.jpg,8ce5ff43808ee4e680ec32c4daa89ad2ae3427df671809e4724f13cd9a10a4ea,ed9b9638966518c6,850,850
06,S5,AVWT-154HKF5,09.jpg,Hisense/images-rebuild/2026-09-29/packets/06_S5/Hisense_images_rebuilt/S5/AVWT-154HKF5/09.jpg,cb006a27ac7c15bbb13d05b7591dd07aba943efb6092a03ccb0af8ccc051af31,e49b936cc764cc26,850,850
06,S5,AVWT-154HKF5,05.jpg,Hisense/images-rebuild/2026-09-29/packets/06_S5/Hisense_images_rebuilt/S5/AVWT-154HKF5/05.jpg,93787a6cc05764f6684390a4c87627140564e009684f4fa400665bc063aaa81d,b19bce64ce64cc92,850,850
06,S5,AVWT-154HKF5,04.jpg,Hisense/images-rebuild/2026-09-29/packets/06_S5/Hisense_images_rebuilt/S5/AVWT-154HKF5/04.jpg,2d528fc7b95fc0295e2ef0134509f9d5fa4afd57d254deeac1cc87c63cacfa8d,e49b9b64ce64cc92,850,850
06,S5,AVWT-190HKF5,02.jpg,Hisense/images-rebuild/2026-09-29/packets/06_S5/Hisense_images_rebuilt/S5/AVWT-190HKF5/02.jpg,6b8ffe3ecfda80dd857400af25f832a5ad4274170b26787e5782842f050320cc,ed92826dce6d18c6,850,850
06,S5,AVWT-190HKF5,10.jpg,Hisense/images-rebuild/2026-09-29/packets/06_S5/Hisense_images_rebuilt/S5/AVWT-190HKF5/10.jpg,6d5718e4c1c6ac743daeba0f777f55cbad5ee1d013d21151def01d7d16f0ada8,b1cece20cb319b69,850,850
06,S5,AVWT-190HKF5,08.jpg,Hisense/images-rebuild/2026-09-29/packets/06_S5/Hisense_images_rebuilt/S5/AVWT-190HKF5/08.jpg,deb0e53d7f7bcc8e73f8f0f23565bacb27ed389ad6168c50efebde60f78a5416,afca906dd03cc2b6,850,850
06,S5,AVWT-190HKF5,06.jpg,Hisense/images-rebuild/2026-09-29/packets/06_S5/Hisense_images_rebuilt/S5/AVWT-190HKF5/06.jpg,833e8140e3d3f9f38a79a5a42f3746185144b4584be1911863268887000347e1,ec39688697c486e7,850,850
06,S5,AVWT-190HKF5,03.jpg,Hisense/images-rebuild/2026-09-29/packets/06_S5/Hisense_images_rebuilt/S5/AVWT-190HKF5/03.jpg,89ea0942d226edd7b783015eaab7f140dc18d0495c578c3ae9e14e8144d8cbaf,ed9b962c9a6438c6,850,850
06,S5,AVWT-190HKF5,07.jpg,Hisense/images-rebuild/2026-09-29/packets/06_S5/Hisense_images_rebuilt/S5/AVWT-190HKF5/07.jpg,047f09f590a8859329d2f6ee45d98b33439c679d6531065d9b59e365ee218712,e334986b989bcd86,850,850
06,S5,AVWT-190HKF5,01.jpg,Hisense/images-rebuild/2026-09-29/packets/06_S5/Hisense_images_rebuilt/S5/AVWT-190HKF5/01.jpg,8ce5ff43808ee4e680ec32c4daa89ad2ae3427df671809e4724f13cd9a10a4ea,ed9b9638966518c6,850,850
06,S5,AVWT-190HKF5,09.jpg,Hisense/images-rebuild/2026-09-29/packets/06_S5/Hisense_images_rebuilt/S5/AVWT-190HKF5/09.jpg,cb006a27ac7c15bbb13d05b7591dd07aba943efb6092a03ccb0af8ccc051af31,e49b936cc764cc26,850,850
06,S5,AVWT-190HKF5,05.jpg,Hisense/images-rebuild/2026-09-29/packets/06_S5/Hisense_images_rebuilt/S5/AVWT-190HKF5/05.jpg,93787a6cc05764f6684390a4c87627140564e009684f4fa400665bc063aaa81d,b19bce64ce64cc92,850,850
06,S5,AVWT-190HKF5,04.jpg,Hisense/images-rebuild/2026-09-29/packets/06_S5/Hisense_images_rebuilt/S5/AVWT-190HKF5/04.jpg,2d528fc7b95fc0295e2ef0134509f9d5fa4afd57d254deeac1cc87c63cacfa8d,e49b9b64ce64cc92,850,850
06,S5,AVWT-212HKF5,02.jpg,Hisense/images-rebuild/2026-09-29/packets/06_S5/Hisense_images_rebuilt/S5/AVWT-212HKF5/02.jpg,6b8ffe3ecfda80dd857400af25f832a5ad4274170b26787e5782842f050320cc,ed92826dce6d18c6,850,850
06,S5,AVWT-212HKF5,10.jpg,Hisense/images-rebuild/2026-09-29/packets/06_S5/Hisense_images_rebuilt/S5/AVWT-212HKF5/10.jpg,4d51ae96e2e2ffe36093869e7dcaa36dda798ad588ceeead5badb28b69b467ec,b8c6c73993399863,850,850
06,S5,AVWT-212HKF5,08.jpg,Hisense/images-rebuild/2026-09-29/packets/06_S5/Hisense_images_rebuilt/S5/AVWT-212HKF5/08.jpg,deb0e53d7f7bcc8e73f8f0f23565bacb27ed389ad6168c50efebde60f78a5416,afca906dd03cc2b6,850,850
06,S5,AVWT-212HKF5,06.jpg,Hisense/images-rebuild/2026-09-29/packets/06_S5/Hisense_images_rebuilt/S5/AVWT-212HKF5/06.jpg,833e8140e3d3f9f38a79a5a42f3746185144b4584be1911863268887000347e1,ec39688697c486e7,850,850
06,S5,AVWT-212HKF5,03.jpg,Hisense/images-rebuild/2026-09-29/packets/06_S5/Hisense_images_rebuilt/S5/AVWT-212HKF5/03.jpg,89ea0942d226edd7b783015eaab7f140dc18d0495c578c3ae9e14e8144d8cbaf,ed9b962c9a6438c6,850,850
06,S5,AVWT-212HKF5,07.jpg,Hisense/images-rebuild/2026-09-29/packets/06_S5/Hisense_images_rebuilt/S5/AVWT-212HKF5/07.jpg,047f09f590a8859329d2f6ee45d98b33439c679d6531065d9b59e365ee218712,e334986b989bcd86,850,850
06,S5,AVWT-212HKF5,01.jpg,Hisense/images-rebuild/2026-09-29/packets/06_S5/Hisense_images_rebuilt/S5/AVWT-212HKF5/01.jpg,8ce5ff43808ee4e680ec32c4daa89ad2ae3427df671809e4724f13cd9a10a4ea,ed9b9638966518c6,850,850
06,S5,AVWT-212HKF5,09.jpg,Hisense/images-rebuild/2026-09-29/packets/06_S5/Hisense_images_rebuilt/S5/AVWT-212HKF5/09.jpg,e01eb21436c9db8ecdc47def24048507f159a7ab2e10669302e05f49ae18f813,ed928269c66d98e6,850,850
06,S5,AVWT-212HKF5,05.jpg,Hisense/images-rebuild/2026-09-29/packets/06_S5/Hisense_images_rebuilt/S5/AVWT-212HKF5/05.jpg,93787a6cc05764f6684390a4c87627140564e009684f4fa400665bc063aaa81d,b19bce64ce64cc92,850,850
06,S5,AVWT-212HKF5,04.jpg,Hisense/images-rebuild/2026-09-29/packets/06_S5/Hisense_images_rebuilt/S5/AVWT-212HKF5/04.jpg,2d528fc7b95fc0295e2ef0134509f9d5fa4afd57d254deeac1cc87c63cacfa8d,e49b9b64ce64cc92,850,850
06,S5,AVWT-114HKF5,02.jpg,Hisense/images-rebuild/2026-09-29/packets/06_S5/Hisense_images_rebuilt/S5/AVWT-114HKF5/02.jpg,6b8ffe3ecfda80dd857400af25f832a5ad4274170b26787e5782842f050320cc,ed92826dce6d18c6,850,850
06,S5,AVWT-114HKF5,10.jpg,Hisense/images-rebuild/2026-09-29/packets/06_S5/Hisense_images_rebuilt/S5/AVWT-114HKF5/10.jpg,6d5718e4c1c6ac743daeba0f777f55cbad5ee1d013d21151def01d7d16f0ada8,b1cece20cb319b69,850,850
06,S5,AVWT-114HKF5,08.jpg,Hisense/images-rebuild/2026-09-29/packets/06_S5/Hisense_images_rebuilt/S5/AVWT-114HKF5/08.jpg,deb0e53d7f7bcc8e73f8f0f23565bacb27ed389ad6168c50efebde60f78a5416,afca906dd03cc2b6,850,850
06,S5,AVWT-114HKF5,06.jpg,Hisense/images-rebuild/2026-09-29/packets/06_S5/Hisense_images_rebuilt/S5/AVWT-114HKF5/06.jpg,833e8140e3d3f9f38a79a5a42f3746185144b4584be1911863268887000347e1,ec39688697c486e7,850,850
06,S5,AVWT-114HKF5,03.jpg,Hisense/images-rebuild/2026-09-29/packets/06_S5/Hisense_images_rebuilt/S5/AVWT-114HKF5/03.jpg,89ea0942d226edd7b783015eaab7f140dc18d0495c578c3ae9e14e8144d8cbaf,ed9b962c9a6438c6,850,850
06,S5,AVWT-114HKF5,07.jpg,Hisense/images-rebuild/2026-09-29/packets/06_S5/Hisense_images_rebuilt/S5/AVWT-114HKF5/07.jpg,047f09f590a8859329d2f6ee45d98b33439c679d6531065d9b59e365ee218712,e334986b989bcd86,850,850
06,S5,AVWT-114HKF5,01.jpg,Hisense/images-rebuild/2026-09-29/packets/06_S5/Hisense_images_rebuilt/S5/AVWT-114HKF5/01.jpg,8ce5ff43808ee4e680ec32c4daa89ad2ae3427df671809e4724f13cd9a10a4ea,ed9b9638966518c6,850,850
06,S5,AVWT-114HKF5,09.jpg,Hisense/images-rebuild/2026-09-29/packets/06_S5/Hisense_images_rebuilt/S5/AVWT-114HKF5/09.jpg,cb006a27ac7c15bbb13d05b7591dd07aba943efb6092a03ccb0af8ccc051af31,e49b936cc764cc26,850,850
06,S5,AVWT-114HKF5,05.jpg,Hisense/images-rebuild/2026-09-29/packets/06_S5/Hisense_images_rebuilt/S5/AVWT-114HKF5/05.jpg,93787a6cc05764f6684390a4c87627140564e009684f4fa400665bc063aaa81d,b19bce64ce64cc92,850,850
06,S5,AVWT-114HKF5,04.jpg,Hisense/images-rebuild/2026-09-29/packets/06_S5/Hisense_images_rebuilt/S5/AVWT-114HKF5/04.jpg,2d528fc7b95fc0295e2ef0134509f9d5fa4afd57d254deeac1cc87c63cacfa8d,e49b9b64ce64cc92,850,850
06,S5,AVWT-272HKF5,02.jpg,Hisense/images-rebuild/2026-09-29/packets/06_S5/Hisense_images_rebuilt/S5/AVWT-272HKF5/02.jpg,6b8ffe3ecfda80dd857400af25f832a5ad4274170b26787e5782842f050320cc,ed92826dce6d18c6,850,850
06,S5,AVWT-272HKF5,10.jpg,Hisense/images-rebuild/2026-09-29/packets/06_S5/Hisense_images_rebuilt/S5/AVWT-272HKF5/10.jpg,4d51ae96e2e2ffe36093869e7dcaa36dda798ad588ceeead5badb28b69b467ec,b8c6c73993399863,850,850
06,S5,AVWT-272HKF5,08.jpg,Hisense/images-rebuild/2026-09-29/packets/06_S5/Hisense_images_rebuilt/S5/AVWT-272HKF5/08.jpg,deb0e53d7f7bcc8e73f8f0f23565bacb27ed389ad6168c50efebde60f78a5416,afca906dd03cc2b6,850,850
06,S5,AVWT-272HKF5,06.jpg,Hisense/images-rebuild/2026-09-29/packets/06_S5/Hisense_images_rebuilt/S5/AVWT-272HKF5/06.jpg,833e8140e3d3f9f38a79a5a42f3746185144b4584be1911863268887000347e1,ec39688697c486e7,850,850
06,S5,AVWT-272HKF5,03.jpg,Hisense/images-rebuild/2026-09-29/packets/06_S5/Hisense_images_rebuilt/S5/AVWT-272HKF5/03.jpg,89ea0942d226edd7b783015eaab7f140dc18d0495c578c3ae9e14e8144d8cbaf,ed9b962c9a6438c6,850,850
06,S5,AVWT-272HKF5,07.jpg,Hisense/images-rebuild/2026-09-29/packets/06_S5/Hisense_images_rebuilt/S5/AVWT-272HKF5/07.jpg,047f09f590a8859329d2f6ee45d98b33439c679d6531065d9b59e365ee218712,e334986b989bcd86,850,850
06,S5,AVWT-272HKF5,01.jpg,Hisense/images-rebuild/2026-09-29/packets/06_S5/Hisense_images_rebuilt/S5/AVWT-272HKF5/01.jpg,8ce5ff43808ee4e680ec32c4daa89ad2ae3427df671809e4724f13cd9a10a4ea,ed9b9638966518c6,850,850
06,S5,AVWT-272HKF5,09.jpg,Hisense/images-rebuild/2026-09-29/packets/06_S5/Hisense_images_rebuilt/S5/AVWT-272HKF5/09.jpg,e01eb21436c9db8ecdc47def24048507f159a7ab2e10669302e05f49ae18f813,ed928269c66d98e6,850,850
06,S5,AVWT-272HKF5,05.jpg,Hisense/images-rebuild/2026-09-29/packets/06_S5/Hisense_images_rebuilt/S5/AVWT-272HKF5/05.jpg,93787a6cc05764f6684390a4c87627140564e009684f4fa400665bc063aaa81d,b19bce64ce64cc92,850,850
06,S5,AVWT-272HKF5,04.jpg,Hisense/images-rebuild/2026-09-29/packets/06_S5/Hisense_images_rebuilt/S5/AVWT-272HKF5/04.jpg,2d528fc7b95fc0295e2ef0134509f9d5fa4afd57d254deeac1cc87c63cacfa8d,e49b9b64ce64cc92,850,850
06,S5,AVWT-170HKF5,02.jpg,Hisense/images-rebuild/2026-09-29/packets/06_S5/Hisense_images_rebuilt/S5/AVWT-170HKF5/02.jpg,6b8ffe3ecfda80dd857400af25f832a5ad4274170b26787e5782842f050320cc,ed92826dce6d18c6,850,850
06,S5,AVWT-170HKF5,10.jpg,Hisense/images-rebuild/2026-09-29/packets/06_S5/Hisense_images_rebuilt/S5/AVWT-170HKF5/10.jpg,6d5718e4c1c6ac743daeba0f777f55cbad5ee1d013d21151def01d7d16f0ada8,b1cece20cb319b69,850,850
06,S5,AVWT-170HKF5,08.jpg,Hisense/images-rebuild/2026-09-29/packets/06_S5/Hisense_images_rebuilt/S5/AVWT-170HKF5/08.jpg,deb0e53d7f7bcc8e73f8f0f23565bacb27ed389ad6168c50efebde60f78a5416,afca906dd03cc2b6,850,850
06,S5,AVWT-170HKF5,06.jpg,Hisense/images-rebuild/2026-09-29/packets/06_S5/Hisense_images_rebuilt/S5/AVWT-170HKF5/06.jpg,833e8140e3d3f9f38a79a5a42f3746185144b4584be1911863268887000347e1,ec39688697c486e7,850,850
06,S5,AVWT-170HKF5,03.jpg,Hisense/images-rebuild/2026-09-29/packets/06_S5/Hisense_images_rebuilt/S5/AVWT-170HKF5/03.jpg,89ea0942d226edd7b783015eaab7f140dc18d0495c578c3ae9e14e8144d8cbaf,ed9b962c9a6438c6,850,850
06,S5,AVWT-170HKF5,07.jpg,Hisense/images-rebuild/2026-09-29/packets/06_S5/Hisense_images_rebuilt/S5/AVWT-170HKF5/07.jpg,047f09f590a8859329d2f6ee45d98b33439c679d6531065d9b59e365ee218712,e334986b989bcd86,850,850
06,S5,AVWT-170HKF5,01.jpg,Hisense/images-rebuild/2026-09-29/packets/06_S5/Hisense_images_rebuilt/S5/AVWT-170HKF5/01.jpg,8ce5ff43808ee4e680ec32c4daa89ad2ae3427df671809e4724f13cd9a10a4ea,ed9b9638966518c6,850,850
06,S5,AVWT-170HKF5,09.jpg,Hisense/images-rebuild/2026-09-29/packets/06_S5/Hisense_images_rebuilt/S5/AVWT-170HKF5/09.jpg,cb006a27ac7c15bbb13d05b7591dd07aba943efb6092a03ccb0af8ccc051af31,e49b936cc764cc26,850,850
06,S5,AVWT-170HKF5,05.jpg,Hisense/images-rebuild/2026-09-29/packets/06_S5/Hisense_images_rebuilt/S5/AVWT-170HKF5/05.jpg,93787a6cc05764f6684390a4c87627140564e009684f4fa400665bc063aaa81d,b19bce64ce64cc92,850,850
06,S5,AVWT-170HKF5,04.jpg,Hisense/images-rebuild/2026-09-29/packets/06_S5/Hisense_images_rebuilt/S5/AVWT-170HKF5/04.jpg,2d528fc7b95fc0295e2ef0134509f9d5fa4afd57d254deeac1cc87c63cacfa8d,e49b9b64ce64cc92,850,850
06,S5,AVWT-232HKF5,02.jpg,Hisense/images-rebuild/2026-09-29/packets/06_S5/Hisense_images_rebuilt/S5/AVWT-232HKF5/02.jpg,6b8ffe3ecfda80dd857400af25f832a5ad4274170b26787e5782842f050320cc,ed92826dce6d18c6,850,850
06,S5,AVWT-232HKF5,10.jpg,Hisense/images-rebuild/2026-09-29/packets/06_S5/Hisense_images_rebuilt/S5/AVWT-232HKF5/10.jpg,4d51ae96e2e2ffe36093869e7dcaa36dda798ad588ceeead5badb28b69b467ec,b8c6c73993399863,850,850
06,S5,AVWT-232HKF5,08.jpg,Hisense/images-rebuild/2026-09-29/packets/06_S5/Hisense_images_rebuilt/S5/AVWT-232HKF5/08.jpg,deb0e53d7f7bcc8e73f8f0f23565bacb27ed389ad6168c50efebde60f78a5416,afca906dd03cc2b6,850,850
06,S5,AVWT-232HKF5,06.jpg,Hisense/images-rebuild/2026-09-29/packets/06_S5/Hisense_images_rebuilt/S5/AVWT-232HKF5/06.jpg,833e8140e3d3f9f38a79a5a42f3746185144b4584be1911863268887000347e1,ec39688697c486e7,850,850
06,S5,AVWT-232HKF5,03.jpg,Hisense/images-rebuild/2026-09-29/packets/06_S5/Hisense_images_rebuilt/S5/AVWT-232HKF5/03.jpg,89ea0942d226edd7b783015eaab7f140dc18d0495c578c3ae9e14e8144d8cbaf,ed9b962c9a6438c6,850,850
06,S5,AVWT-232HKF5,07.jpg,Hisense/images-rebuild/2026-09-29/packets/06_S5/Hisense_images_rebuilt/S5/AVWT-232HKF5/07.jpg,047f09f590a8859329d2f6ee45d98b33439c679d6531065d9b59e365ee218712,e334986b989bcd86,850,850
06,S5,AVWT-232HKF5,01.jpg,Hisense/images-rebuild/2026-09-29/packets/06_S5/Hisense_images_rebuilt/S5/AVWT-232HKF5/01.jpg,8ce5ff43808ee4e680ec32c4daa89ad2ae3427df671809e4724f13cd9a10a4ea,ed9b9638966518c6,850,850
06,S5,AVWT-232HKF5,09.jpg,Hisense/images-rebuild/2026-09-29/packets/06_S5/Hisense_images_rebuilt/S5/AVWT-232HKF5/09.jpg,e01eb21436c9db8ecdc47def24048507f159a7ab2e10669302e05f49ae18f813,ed928269c66d98e6,850,850
06,S5,AVWT-232HKF5,05.jpg,Hisense/images-rebuild/2026-09-29/packets/06_S5/Hisense_images_rebuilt/S5/AVWT-232HKF5/05.jpg,93787a6cc05764f6684390a4c87627140564e009684f4fa400665bc063aaa81d,b19bce64ce64cc92,850,850
06,S5,AVWT-232HKF5,04.jpg,Hisense/images-rebuild/2026-09-29/packets/06_S5/Hisense_images_rebuilt/S5/AVWT-232HKF5/04.jpg,2d528fc7b95fc0295e2ef0134509f9d5fa4afd57d254deeac1cc87c63cacfa8d,e49b9b64ce64cc92,850,850
06,S5,AVWT-76HKF5,02.jpg,Hisense/images-rebuild/2026-09-29/packets/06_S5/Hisense_images_rebuilt/S5/AVWT-76HKF5/02.jpg,6b8ffe3ecfda80dd857400af25f832a5ad4274170b26787e5782842f050320cc,ed92826dce6d18c6,850,850
06,S5,AVWT-76HKF5,10.jpg,Hisense/images-rebuild/2026-09-29/packets/06_S5/Hisense_images_rebuilt/S5/AVWT-76HKF5/10.jpg,983b70ba700cd857ba6d91b72ff5efedda34f13dbae8822ed3ceffe2a97a412c,e49b936cce64cc26,850,850
06,S5,AVWT-76HKF5,08.jpg,Hisense/images-rebuild/2026-09-29/packets/06_S5/Hisense_images_rebuilt/S5/AVWT-76HKF5/08.jpg,c5d1eca4f964d4c7152d6bc7faa0a7d81c1f441c8dc7ef6bd31f2ad9ad12ffe1,afc2906bd06dd0b5,850,850
06,S5,AVWT-76HKF5,06.jpg,Hisense/images-rebuild/2026-09-29/packets/06_S5/Hisense_images_rebuilt/S5/AVWT-76HKF5/06.jpg,833e8140e3d3f9f38a79a5a42f3746185144b4584be1911863268887000347e1,ec39688697c486e7,850,850
06,S5,AVWT-76HKF5,03.jpg,Hisense/images-rebuild/2026-09-29/packets/06_S5/Hisense_images_rebuilt/S5/AVWT-76HKF5/03.jpg,89ea0942d226edd7b783015eaab7f140dc18d0495c578c3ae9e14e8144d8cbaf,ed9b962c9a6438c6,850,850
06,S5,AVWT-76HKF5,07.jpg,Hisense/images-rebuild/2026-09-29/packets/06_S5/Hisense_images_rebuilt/S5/AVWT-76HKF5/07.jpg,047f09f590a8859329d2f6ee45d98b33439c679d6531065d9b59e365ee218712,e334986b989bcd86,850,850
06,S5,AVWT-76HKF5,01.jpg,Hisense/images-rebuild/2026-09-29/packets/06_S5/Hisense_images_rebuilt/S5/AVWT-76HKF5/01.jpg,8ce5ff43808ee4e680ec32c4daa89ad2ae3427df671809e4724f13cd9a10a4ea,ed9b9638966518c6,850,850
06,S5,AVWT-76HKF5,09.jpg,Hisense/images-rebuild/2026-09-29/packets/06_S5/Hisense_images_rebuilt/S5/AVWT-76HKF5/09.jpg,fef73d0b378151028ea663ed76cb2496aef871c4669ec2db0a7740e533a1dbca,b0cece24ce319b39,850,850
06,S5,AVWT-76HKF5,05.jpg,Hisense/images-rebuild/2026-09-29/packets/06_S5/Hisense_images_rebuilt/S5/AVWT-76HKF5/05.jpg,93787a6cc05764f6684390a4c87627140564e009684f4fa400665bc063aaa81d,b19bce64ce64cc92,850,850
06,S5,AVWT-76HKF5,04.jpg,Hisense/images-rebuild/2026-09-29/packets/06_S5/Hisense_images_rebuilt/S5/AVWT-76HKF5/04.jpg,2d528fc7b95fc0295e2ef0134509f9d5fa4afd57d254deeac1cc87c63cacfa8d,e49b9b64ce64cc92,850,850
06,S5,AVWT-250HKF5,02.jpg,Hisense/images-rebuild/2026-09-29/packets/06_S5/Hisense_images_rebuilt/S5/AVWT-250HKF5/02.jpg,6b8ffe3ecfda80dd857400af25f832a5ad4274170b26787e5782842f050320cc,ed92826dce6d18c6,850,850
06,S5,AVWT-250HKF5,10.jpg,Hisense/images-rebuild/2026-09-29/packets/06_S5/Hisense_images_rebuilt/S5/AVWT-250HKF5/10.jpg,4d51ae96e2e2ffe36093869e7dcaa36dda798ad588ceeead5badb28b69b467ec,b8c6c73993399863,850,850
06,S5,AVWT-250HKF5,08.jpg,Hisense/images-rebuild/2026-09-29/packets/06_S5/Hisense_images_rebuilt/S5/AVWT-250HKF5/08.jpg,deb0e53d7f7bcc8e73f8f0f23565bacb27ed389ad6168c50efebde60f78a5416,afca906dd03cc2b6,850,850
06,S5,AVWT-250HKF5,06.jpg,Hisense/images-rebuild/2026-09-29/packets/06_S5/Hisense_images_rebuilt/S5/AVWT-250HKF5/06.jpg,833e8140e3d3f9f38a79a5a42f3746185144b4584be1911863268887000347e1,ec39688697c486e7,850,850
06,S5,AVWT-250HKF5,03.jpg,Hisense/images-rebuild/2026-09-29/packets/06_S5/Hisense_images_rebuilt/S5/AVWT-250HKF5/03.jpg,89ea0942d226edd7b783015eaab7f140dc18d0495c578c3ae9e14e8144d8cbaf,ed9b962c9a6438c6,850,850
06,S5,AVWT-250HKF5,07.jpg,Hisense/images-rebuild/2026-09-29/packets/06_S5/Hisense_images_rebuilt/S5/AVWT-250HKF5/07.jpg,047f09f590a8859329d2f6ee45d98b33439c679d6531065d9b59e365ee218712,e334986b989bcd86,850,850
06,S5,AVWT-250HKF5,01.jpg,Hisense/images-rebuild/2026-09-29/packets/06_S5/Hisense_images_rebuilt/S5/AVWT-250HKF5/01.jpg,8ce5ff43808ee4e680ec32c4daa89ad2ae3427df671809e4724f13cd9a10a4ea,ed9b9638966518c6,850,850
06,S5,AVWT-250HKF5,09.jpg,Hisense/images-rebuild/2026-09-29/packets/06_S5/Hisense_images_rebuilt/S5/AVWT-250HKF5/09.jpg,e01eb21436c9db8ecdc47def24048507f159a7ab2e10669302e05f49ae18f813,ed928269c66d98e6,850,850
06,S5,AVWT-250HKF5,05.jpg,Hisense/images-rebuild/2026-09-29/packets/06_S5/Hisense_images_rebuilt/S5/AVWT-250HKF5/05.jpg,93787a6cc05764f6684390a4c87627140564e009684f4fa400665bc063aaa81d,b19bce64ce64cc92,850,850
06,S5,AVWT-250HKF5,04.jpg,Hisense/images-rebuild/2026-09-29/packets/06_S5/Hisense_images_rebuilt/S5/AVWT-250HKF5/04.jpg,2d528fc7b95fc0295e2ef0134509f9d5fa4afd57d254deeac1cc87c63cacfa8d,e49b9b64ce64cc92,850,850
06,S5,AVWT-404HKF5,02.jpg,Hisense/images-rebuild/2026-09-29/packets/06_S5/Hisense_images_rebuilt/S5/AVWT-404HKF5/02.jpg,6b8ffe3ecfda80dd857400af25f832a5ad4274170b26787e5782842f050320cc,ed92826dce6d18c6,850,850
06,S5,AVWT-404HKF5,10.jpg,Hisense/images-rebuild/2026-09-29/packets/06_S5/Hisense_images_rebuilt/S5/AVWT-404HKF5/10.jpg,4d51ae96e2e2ffe36093869e7dcaa36dda798ad588ceeead5badb28b69b467ec,b8c6c73993399863,850,850
06,S5,AVWT-404HKF5,08.jpg,Hisense/images-rebuild/2026-09-29/packets/06_S5/Hisense_images_rebuilt/S5/AVWT-404HKF5/08.jpg,deb0e53d7f7bcc8e73f8f0f23565bacb27ed389ad6168c50efebde60f78a5416,afca906dd03cc2b6,850,850
06,S5,AVWT-404HKF5,06.jpg,Hisense/images-rebuild/2026-09-29/packets/06_S5/Hisense_images_rebuilt/S5/AVWT-404HKF5/06.jpg,833e8140e3d3f9f38a79a5a42f3746185144b4584be1911863268887000347e1,ec39688697c486e7,850,850
06,S5,AVWT-404HKF5,03.jpg,Hisense/images-rebuild/2026-09-29/packets/06_S5/Hisense_images_rebuilt/S5/AVWT-404HKF5/03.jpg,89ea0942d226edd7b783015eaab7f140dc18d0495c578c3ae9e14e8144d8cbaf,ed9b962c9a6438c6,850,850
06,S5,AVWT-404HKF5,07.jpg,Hisense/images-rebuild/2026-09-29/packets/06_S5/Hisense_images_rebuilt/S5/AVWT-404HKF5/07.jpg,047f09f590a8859329d2f6ee45d98b33439c679d6531065d9b59e365ee218712,e334986b989bcd86,850,850
06,S5,AVWT-404HKF5,01.jpg,Hisense/images-rebuild/2026-09-29/packets/06_S5/Hisense_images_rebuilt/S5/AVWT-404HKF5/01.jpg,8ce5ff43808ee4e680ec32c4daa89ad2ae3427df671809e4724f13cd9a10a4ea,ed9b9638966518c6,850,850
06,S5,AVWT-404HKF5,09.jpg,Hisense/images-rebuild/2026-09-29/packets/06_S5/Hisense_images_rebuilt/S5/AVWT-404HKF5/09.jpg,e01eb21436c9db8ecdc47def24048507f159a7ab2e10669302e05f49ae18f813,ed928269c66d98e6,850,850
06,S5,AVWT-404HKF5,05.jpg,Hisense/images-rebuild/2026-09-29/packets/06_S5/Hisense_images_rebuilt/S5/AVWT-404HKF5/05.jpg,93787a6cc05764f6684390a4c87627140564e009684f4fa400665bc063aaa81d,b19bce64ce64cc92,850,850
06,S5,AVWT-404HKF5,04.jpg,Hisense/images-rebuild/2026-09-29/packets/06_S5/Hisense_images_rebuilt/S5/AVWT-404HKF5/04.jpg,2d528fc7b95fc0295e2ef0134509f9d5fa4afd57d254deeac1cc87c63cacfa8d,e49b9b64ce64cc92,850,850
06,S5,AVWT-96HKF5,02.jpg,Hisense/images-rebuild/2026-09-29/packets/06_S5/Hisense_images_rebuilt/S5/AVWT-96HKF5/02.jpg,6b8ffe3ecfda80dd857400af25f832a5ad4274170b26787e5782842f050320cc,ed92826dce6d18c6,850,850
06,S5,AVWT-96HKF5,10.jpg,Hisense/images-rebuild/2026-09-29/packets/06_S5/Hisense_images_rebuilt/S5/AVWT-96HKF5/10.jpg,6d5718e4c1c6ac743daeba0f777f55cbad5ee1d013d21151def01d7d16f0ada8,b1cece20cb319b69,850,850
06,S5,AVWT-96HKF5,08.jpg,Hisense/images-rebuild/2026-09-29/packets/06_S5/Hisense_images_rebuilt/S5/AVWT-96HKF5/08.jpg,deb0e53d7f7bcc8e73f8f0f23565bacb27ed389ad6168c50efebde60f78a5416,afca906dd03cc2b6,850,850
06,S5,AVWT-96HKF5,06.jpg,Hisense/images-rebuild/2026-09-29/packets/06_S5/Hisense_images_rebuilt/S5/AVWT-96HKF5/06.jpg,833e8140e3d3f9f38a79a5a42f3746185144b4584be1911863268887000347e1,ec39688697c486e7,850,850
06,S5,AVWT-96HKF5,03.jpg,Hisense/images-rebuild/2026-09-29/packets/06_S5/Hisense_images_rebuilt/S5/AVWT-96HKF5/03.jpg,89ea0942d226edd7b783015eaab7f140dc18d0495c578c3ae9e14e8144d8cbaf,ed9b962c9a6438c6,850,850
06,S5,AVWT-96HKF5,07.jpg,Hisense/images-rebuild/2026-09-29/packets/06_S5/Hisense_images_rebuilt/S5/AVWT-96HKF5/07.jpg,047f09f590a8859329d2f6ee45d98b33439c679d6531065d9b59e365ee218712,e334986b989bcd86,850,850
06,S5,AVWT-96HKF5,01.jpg,Hisense/images-rebuild/2026-09-29/packets/06_S5/Hisense_images_rebuilt/S5/AVWT-96HKF5/01.jpg,8ce5ff43808ee4e680ec32c4daa89ad2ae3427df671809e4724f13cd9a10a4ea,ed9b9638966518c6,850,850
06,S5,AVWT-96HKF5,09.jpg,Hisense/images-rebuild/2026-09-29/packets/06_S5/Hisense_images_rebuilt/S5/AVWT-96HKF5/09.jpg,cb006a27ac7c15bbb13d05b7591dd07aba943efb6092a03ccb0af8ccc051af31,e49b936cc764cc26,850,850
06,S5,AVWT-96HKF5,05.jpg,Hisense/images-rebuild/2026-09-29/packets/06_S5/Hisense_images_rebuilt/S5/AVWT-96HKF5/05.jpg,93787a6cc05764f6684390a4c87627140564e009684f4fa400665bc063aaa81d,b19bce64ce64cc92,850,850
06,S5,AVWT-96HKF5,04.jpg,Hisense/images-rebuild/2026-09-29/packets/06_S5/Hisense_images_rebuilt/S5/AVWT-96HKF5/04.jpg,2d528fc7b95fc0295e2ef0134509f9d5fa4afd57d254deeac1cc87c63cacfa8d,e49b9b64ce64cc92,850,850
07,H5,AVW-154HKDHE2,02.jpg,Hisense/images-rebuild/2026-09-29/packets/07_H5_A_W/Hisense_images_rebuilt/H5/AVW-154HKDHE2/02.jpg,20e83828938efc9590d55a1aeb5782252ac7a8b6cea261c6a3d3c6f6af512edd,bfc6c03468636795,850,850
07,H5,AVW-154HKDHE2,10.jpg,Hisense/images-rebuild/2026-09-29/packets/07_H5_A_W/Hisense_images_rebuilt/H5/AVW-154HKDHE2/10.jpg,0a979feab10811ec85f58a1cadbfa2ef7bb51b13bbaa05aadda07fce7cb6fd31,b92cc69bc69b162c,850,850
07,H5,AVW-154HKDHE2,08.jpg,Hisense/images-rebuild/2026-09-29/packets/07_H5_A_W/Hisense_images_rebuilt/H5/AVW-154HKDHE2/08.jpg,047f09f590a8859329d2f6ee45d98b33439c679d6531065d9b59e365ee218712,e334986b989bcd86,850,850
07,H5,AVW-154HKDHE2,14.jpg,Hisense/images-rebuild/2026-09-29/packets/07_H5_A_W/Hisense_images_rebuilt/H5/AVW-154HKDHE2/14.jpg,9fb71db18e5c29c9fa61c1354780238abb5184b5d8ade925841d6c3a9e888228,b869cf92c3928e4d,850,850
07,H5,AVW-154HKDHE2,06.jpg,Hisense/images-rebuild/2026-09-29/packets/07_H5_A_W/Hisense_images_rebuilt/H5/AVW-154HKDHE2/06.jpg,f33ff31c61b2307cc330e8a28805cdcc136ff2ac0d47c8bf8e3438071c2c2c21,b079cd96ce4d3461,850,850
07,H5,AVW-154HKDHE2,03.jpg,Hisense/images-rebuild/2026-09-29/packets/07_H5_A_W/Hisense_images_rebuilt/H5/AVW-154HKDHE2/03.jpg,e25b455dfd1f5ba5dcfa46dd0c1051a0239ebb3d856f54347bff623882605ea9,ba4bc1b4364939cd,850,850
07,H5,AVW-154HKDHE2,07.jpg,Hisense/images-rebuild/2026-09-29/packets/07_H5_A_W/Hisense_images_rebuilt/H5/AVW-154HKDHE2/07.jpg,833e8140e3d3f9f38a79a5a42f3746185144b4584be1911863268887000347e1,ec39688697c486e7,850,850
07,H5,AVW-154HKDHE2,11.jpg,Hisense/images-rebuild/2026-09-29/packets/07_H5_A_W/Hisense_images_rebuilt/H5/AVW-154HKDHE2/11.jpg,cd07234bb1ee10a562b899401a944f99e0d853c8753aa1c25831990981d1c5d5,b409c996cfcec469,850,850
07,H5,AVW-154HKDHE2,13.jpg,Hisense/images-rebuild/2026-09-29/packets/07_H5_A_W/Hisense_images_rebuilt/H5/AVW-154HKDHE2/13.jpg,24f8a73c519aef892e05ed916f18d42d4b7d339930f10060ab0e04f6109b9ade,af86d05bca34cd64,850,850
07,H5,AVW-154HKDHE2,01.jpg,Hisense/images-rebuild/2026-09-29/packets/07_H5_A_W/Hisense_images_rebuilt/H5/AVW-154HKDHE2/01.jpg,f3719cd90e727c7f5b9e7c9cc64e4255b663a44aa54d411900fe85dbc9f2b4d0,bbc5c412976c38e5,850,850
07,H5,AVW-154HKDHE2,09.jpg,Hisense/images-rebuild/2026-09-29/packets/07_H5_A_W/Hisense_images_rebuilt/H5/AVW-154HKDHE2/09.jpg,4661bb6c28bd0daa6be4cd0619bf16badba0b91ff102a8cd887370fb46bdcd56,ea3b95c0953f4ac2,850,850
07,H5,AVW-154HKDHE2,05.jpg,Hisense/images-rebuild/2026-09-29/packets/07_H5_A_W/Hisense_images_rebuilt/H5/AVW-154HKDHE2/05.jpg,5df1340be490a24fb68ff426a1ab04228c1e2025e354bbf88f76153cc9de93b1,b164ce9b8ec63166,850,850
07,H5,AVW-154HKDHE2,12.jpg,Hisense/images-rebuild/2026-09-29/packets/07_H5_A_W/Hisense_images_rebuilt/H5/AVW-154HKDHE2/12.jpg,1137131d84bbb39935a6ba91ec34e66229a4027536fa39c6a5faa156a1f2a0fe,bb48cca7e4197a52,850,850
07,H5,AVW-154HKDHE2,04.jpg,Hisense/images-rebuild/2026-09-29/packets/07_H5_A_W/Hisense_images_rebuilt/H5/AVW-154HKDHE2/04.jpg,42cbc455ae6b89686b44374604e6cddb1b1c3e2e18bee8758d835ffaf89cea0e,b169cd92cf823c6c,850,850
07,H5,AVW-114HKDHE2,02.jpg,Hisense/images-rebuild/2026-09-29/packets/07_H5_A_W/Hisense_images_rebuilt/H5/AVW-114HKDHE2/02.jpg,20e83828938efc9590d55a1aeb5782252ac7a8b6cea261c6a3d3c6f6af512edd,bfc6c03468636795,850,850
07,H5,AVW-114HKDHE2,10.jpg,Hisense/images-rebuild/2026-09-29/packets/07_H5_A_W/Hisense_images_rebuilt/H5/AVW-114HKDHE2/10.jpg,0a979feab10811ec85f58a1cadbfa2ef7bb51b13bbaa05aadda07fce7cb6fd31,b92cc69bc69b162c,850,850
07,H5,AVW-114HKDHE2,08.jpg,Hisense/images-rebuild/2026-09-29/packets/07_H5_A_W/Hisense_images_rebuilt/H5/AVW-114HKDHE2/08.jpg,047f09f590a8859329d2f6ee45d98b33439c679d6531065d9b59e365ee218712,e334986b989bcd86,850,850
07,H5,AVW-114HKDHE2,14.jpg,Hisense/images-rebuild/2026-09-29/packets/07_H5_A_W/Hisense_images_rebuilt/H5/AVW-114HKDHE2/14.jpg,9fb71db18e5c29c9fa61c1354780238abb5184b5d8ade925841d6c3a9e888228,b869cf92c3928e4d,850,850
07,H5,AVW-114HKDHE2,06.jpg,Hisense/images-rebuild/2026-09-29/packets/07_H5_A_W/Hisense_images_rebuilt/H5/AVW-114HKDHE2/06.jpg,f33ff31c61b2307cc330e8a28805cdcc136ff2ac0d47c8bf8e3438071c2c2c21,b079cd96ce4d3461,850,850
07,H5,AVW-114HKDHE2,03.jpg,Hisense/images-rebuild/2026-09-29/packets/07_H5_A_W/Hisense_images_rebuilt/H5/AVW-114HKDHE2/03.jpg,e25b455dfd1f5ba5dcfa46dd0c1051a0239ebb3d856f54347bff623882605ea9,ba4bc1b4364939cd,850,850
07,H5,AVW-114HKDHE2,07.jpg,Hisense/images-rebuild/2026-09-29/packets/07_H5_A_W/Hisense_images_rebuilt/H5/AVW-114HKDHE2/07.jpg,833e8140e3d3f9f38a79a5a42f3746185144b4584be1911863268887000347e1,ec39688697c486e7,850,850
07,H5,AVW-114HKDHE2,11.jpg,Hisense/images-rebuild/2026-09-29/packets/07_H5_A_W/Hisense_images_rebuilt/H5/AVW-114HKDHE2/11.jpg,cd07234bb1ee10a562b899401a944f99e0d853c8753aa1c25831990981d1c5d5,b409c996cfcec469,850,850
07,H5,AVW-114HKDHE2,13.jpg,Hisense/images-rebuild/2026-09-29/packets/07_H5_A_W/Hisense_images_rebuilt/H5/AVW-114HKDHE2/13.jpg,24f8a73c519aef892e05ed916f18d42d4b7d339930f10060ab0e04f6109b9ade,af86d05bca34cd64,850,850
07,H5,AVW-114HKDHE2,01.jpg,Hisense/images-rebuild/2026-09-29/packets/07_H5_A_W/Hisense_images_rebuilt/H5/AVW-114HKDHE2/01.jpg,f3719cd90e727c7f5b9e7c9cc64e4255b663a44aa54d411900fe85dbc9f2b4d0,bbc5c412976c38e5,850,850
07,H5,AVW-114HKDHE2,09.jpg,Hisense/images-rebuild/2026-09-29/packets/07_H5_A_W/Hisense_images_rebuilt/H5/AVW-114HKDHE2/09.jpg,4661bb6c28bd0daa6be4cd0619bf16badba0b91ff102a8cd887370fb46bdcd56,ea3b95c0953f4ac2,850,850
07,H5,AVW-114HKDHE2,05.jpg,Hisense/images-rebuild/2026-09-29/packets/07_H5_A_W/Hisense_images_rebuilt/H5/AVW-114HKDHE2/05.jpg,5df1340be490a24fb68ff426a1ab04228c1e2025e354bbf88f76153cc9de93b1,b164ce9b8ec63166,850,850
07,H5,AVW-114HKDHE2,12.jpg,Hisense/images-rebuild/2026-09-29/packets/07_H5_A_W/Hisense_images_rebuilt/H5/AVW-114HKDHE2/12.jpg,1137131d84bbb39935a6ba91ec34e66229a4027536fa39c6a5faa156a1f2a0fe,bb48cca7e4197a52,850,850
07,H5,AVW-114HKDHE2,04.jpg,Hisense/images-rebuild/2026-09-29/packets/07_H5_A_W/Hisense_images_rebuilt/H5/AVW-114HKDHE2/04.jpg,42cbc455ae6b89686b44374604e6cddb1b1c3e2e18bee8758d835ffaf89cea0e,b169cd92cf823c6c,850,850
07,H5,AVW-136HKDHE2,02.jpg,Hisense/images-rebuild/2026-09-29/packets/07_H5_A_W/Hisense_images_rebuilt/H5/AVW-136HKDHE2/02.jpg,20e83828938efc9590d55a1aeb5782252ac7a8b6cea261c6a3d3c6f6af512edd,bfc6c03468636795,850,850
07,H5,AVW-136HKDHE2,10.jpg,Hisense/images-rebuild/2026-09-29/packets/07_H5_A_W/Hisense_images_rebuilt/H5/AVW-136HKDHE2/10.jpg,0a979feab10811ec85f58a1cadbfa2ef7bb51b13bbaa05aadda07fce7cb6fd31,b92cc69bc69b162c,850,850
07,H5,AVW-136HKDHE2,08.jpg,Hisense/images-rebuild/2026-09-29/packets/07_H5_A_W/Hisense_images_rebuilt/H5/AVW-136HKDHE2/08.jpg,047f09f590a8859329d2f6ee45d98b33439c679d6531065d9b59e365ee218712,e334986b989bcd86,850,850
07,H5,AVW-136HKDHE2,14.jpg,Hisense/images-rebuild/2026-09-29/packets/07_H5_A_W/Hisense_images_rebuilt/H5/AVW-136HKDHE2/14.jpg,9fb71db18e5c29c9fa61c1354780238abb5184b5d8ade925841d6c3a9e888228,b869cf92c3928e4d,850,850
07,H5,AVW-136HKDHE2,06.jpg,Hisense/images-rebuild/2026-09-29/packets/07_H5_A_W/Hisense_images_rebuilt/H5/AVW-136HKDHE2/06.jpg,f33ff31c61b2307cc330e8a28805cdcc136ff2ac0d47c8bf8e3438071c2c2c21,b079cd96ce4d3461,850,850
07,H5,AVW-136HKDHE2,03.jpg,Hisense/images-rebuild/2026-09-29/packets/07_H5_A_W/Hisense_images_rebuilt/H5/AVW-136HKDHE2/03.jpg,e25b455dfd1f5ba5dcfa46dd0c1051a0239ebb3d856f54347bff623882605ea9,ba4bc1b4364939cd,850,850
07,H5,AVW-136HKDHE2,07.jpg,Hisense/images-rebuild/2026-09-29/packets/07_H5_A_W/Hisense_images_rebuilt/H5/AVW-136HKDHE2/07.jpg,833e8140e3d3f9f38a79a5a42f3746185144b4584be1911863268887000347e1,ec39688697c486e7,850,850
07,H5,AVW-136HKDHE2,11.jpg,Hisense/images-rebuild/2026-09-29/packets/07_H5_A_W/Hisense_images_rebuilt/H5/AVW-136HKDHE2/11.jpg,cd07234bb1ee10a562b899401a944f99e0d853c8753aa1c25831990981d1c5d5,b409c996cfcec469,850,850
07,H5,AVW-136HKDHE2,13.jpg,Hisense/images-rebuild/2026-09-29/packets/07_H5_A_W/Hisense_images_rebuilt/H5/AVW-136HKDHE2/13.jpg,24f8a73c519aef892e05ed916f18d42d4b7d339930f10060ab0e04f6109b9ade,af86d05bca34cd64,850,850
07,H5,AVW-136HKDHE2,01.jpg,Hisense/images-rebuild/2026-09-29/packets/07_H5_A_W/Hisense_images_rebuilt/H5/AVW-136HKDHE2/01.jpg,f3719cd90e727c7f5b9e7c9cc64e4255b663a44aa54d411900fe85dbc9f2b4d0,bbc5c412976c38e5,850,850
07,H5,AVW-136HKDHE2,09.jpg,Hisense/images-rebuild/2026-09-29/packets/07_H5_A_W/Hisense_images_rebuilt/H5/AVW-136HKDHE2/09.jpg,4661bb6c28bd0daa6be4cd0619bf16badba0b91ff102a8cd887370fb46bdcd56,ea3b95c0953f4ac2,850,850
07,H5,AVW-136HKDHE2,05.jpg,Hisense/images-rebuild/2026-09-29/packets/07_H5_A_W/Hisense_images_rebuilt/H5/AVW-136HKDHE2/05.jpg,5df1340be490a24fb68ff426a1ab04228c1e2025e354bbf88f76153cc9de93b1,b164ce9b8ec63166,850,850
07,H5,AVW-136HKDHE2,12.jpg,Hisense/images-rebuild/2026-09-29/packets/07_H5_A_W/Hisense_images_rebuilt/H5/AVW-136HKDHE2/12.jpg,1137131d84bbb39935a6ba91ec34e66229a4027536fa39c6a5faa156a1f2a0fe,bb48cca7e4197a52,850,850
07,H5,AVW-136HKDHE2,04.jpg,Hisense/images-rebuild/2026-09-29/packets/07_H5_A_W/Hisense_images_rebuilt/H5/AVW-136HKDHE2/04.jpg,42cbc455ae6b89686b44374604e6cddb1b1c3e2e18bee8758d835ffaf89cea0e,b169cd92cf823c6c,850,850
07,H5,AVW-54HJDH2H1,02.jpg,Hisense/images-rebuild/2026-09-29/packets/07_H5_A_W/Hisense_images_rebuilt/H5/AVW-54HJDH2H1/02.jpg,20e83828938efc9590d55a1aeb5782252ac7a8b6cea261c6a3d3c6f6af512edd,bfc6c03468636795,850,850
07,H5,AVW-54HJDH2H1,10.jpg,Hisense/images-rebuild/2026-09-29/packets/07_H5_A_W/Hisense_images_rebuilt/H5/AVW-54HJDH2H1/10.jpg,4661bb6c28bd0daa6be4cd0619bf16badba0b91ff102a8cd887370fb46bdcd56,ea3b95c0953f4ac2,850,850
07,H5,AVW-54HJDH2H1,08.jpg,Hisense/images-rebuild/2026-09-29/packets/07_H5_A_W/Hisense_images_rebuilt/H5/AVW-54HJDH2H1/08.jpg,833e8140e3d3f9f38a79a5a42f3746185144b4584be1911863268887000347e1,ec39688697c486e7,850,850
07,H5,AVW-54HJDH2H1,14.jpg,Hisense/images-rebuild/2026-09-29/packets/07_H5_A_W/Hisense_images_rebuilt/H5/AVW-54HJDH2H1/14.jpg,bfc6c73a9396344168aa4193d7d9d52c010d205baea5a40cf31d3461cd37dbb3,bfc6d22dc87a6091,850,850
07,H5,AVW-54HJDH2H1,06.jpg,Hisense/images-rebuild/2026-09-29/packets/07_H5_A_W/Hisense_images_rebuilt/H5/AVW-54HJDH2H1/06.jpg,f33ff31c61b2307cc330e8a28805cdcc136ff2ac0d47c8bf8e3438071c2c2c21,b079cd96ce4d3461,850,850
07,H5,AVW-54HJDH2H1,03.jpg,Hisense/images-rebuild/2026-09-29/packets/07_H5_A_W/Hisense_images_rebuilt/H5/AVW-54HJDH2H1/03.jpg,e25b455dfd1f5ba5dcfa46dd0c1051a0239ebb3d856f54347bff623882605ea9,ba4bc1b4364939cd,850,850
07,H5,AVW-54HJDH2H1,07.jpg,Hisense/images-rebuild/2026-09-29/packets/07_H5_A_W/Hisense_images_rebuilt/H5/AVW-54HJDH2H1/07.jpg,633418973361793f8b5b9364abdaee90f456b714cf13dc30fecc07e3cbb1c5db,ba81c63e99663699,850,850
07,H5,AVW-54HJDH2H1,11.jpg,Hisense/images-rebuild/2026-09-29/packets/07_H5_A_W/Hisense_images_rebuilt/H5/AVW-54HJDH2H1/11.jpg,5b36d6617d63d0827beb6fc67c997297c039d662a564d7acd589011a3650bfb6,be4bc134a67a32c9,850,850
07,H5,AVW-54HJDH2H1,13.jpg,Hisense/images-rebuild/2026-09-29/packets/07_H5_A_W/Hisense_images_rebuilt/H5/AVW-54HJDH2H1/13.jpg,b16b6a4492a7ebbcf081a60f763a1137803eca4fd9c0758df3db342cc06203fa,bbc9c412874c3d6d,850,850
07,H5,AVW-54HJDH2H1,01.jpg,Hisense/images-rebuild/2026-09-29/packets/07_H5_A_W/Hisense_images_rebuilt/H5/AVW-54HJDH2H1/01.jpg,f3719cd90e727c7f5b9e7c9cc64e4255b663a44aa54d411900fe85dbc9f2b4d0,bbc5c412976c38e5,850,850
07,H5,AVW-54HJDH2H1,09.jpg,Hisense/images-rebuild/2026-09-29/packets/07_H5_A_W/Hisense_images_rebuilt/H5/AVW-54HJDH2H1/09.jpg,047f09f590a8859329d2f6ee45d98b33439c679d6531065d9b59e365ee218712,e334986b989bcd86,850,850
07,H5,AVW-54HJDH2H1,05.jpg,Hisense/images-rebuild/2026-09-29/packets/07_H5_A_W/Hisense_images_rebuilt/H5/AVW-54HJDH2H1/05.jpg,5df1340be490a24fb68ff426a1ab04228c1e2025e354bbf88f76153cc9de93b1,b164ce9b8ec63166,850,850
07,H5,AVW-54HJDH2H1,12.jpg,Hisense/images-rebuild/2026-09-29/packets/07_H5_A_W/Hisense_images_rebuilt/H5/AVW-54HJDH2H1/12.jpg,3f15be2baddc8b3cd1a38ea957e9f150c33689793970893500bcc46d0e343d7e,bb4acca7e4197a42,850,850
07,H5,AVW-54HJDH2H1,04.jpg,Hisense/images-rebuild/2026-09-29/packets/07_H5_A_W/Hisense_images_rebuilt/H5/AVW-54HJDH2H1/04.jpg,42cbc455ae6b89686b44374604e6cddb1b1c3e2e18bee8758d835ffaf89cea0e,b169cd92cf823c6c,850,850
07,H5,AVW-76HKDHE2,02.jpg,Hisense/images-rebuild/2026-09-29/packets/07_H5_A_W/Hisense_images_rebuilt/H5/AVW-76HKDHE2/02.jpg,20e83828938efc9590d55a1aeb5782252ac7a8b6cea261c6a3d3c6f6af512edd,bfc6c03468636795,850,850
07,H5,AVW-76HKDHE2,10.jpg,Hisense/images-rebuild/2026-09-29/packets/07_H5_A_W/Hisense_images_rebuilt/H5/AVW-76HKDHE2/10.jpg,0a979feab10811ec85f58a1cadbfa2ef7bb51b13bbaa05aadda07fce7cb6fd31,b92cc69bc69b162c,850,850
07,H5,AVW-76HKDHE2,08.jpg,Hisense/images-rebuild/2026-09-29/packets/07_H5_A_W/Hisense_images_rebuilt/H5/AVW-76HKDHE2/08.jpg,047f09f590a8859329d2f6ee45d98b33439c679d6531065d9b59e365ee218712,e334986b989bcd86,850,850
07,H5,AVW-76HKDHE2,14.jpg,Hisense/images-rebuild/2026-09-29/packets/07_H5_A_W/Hisense_images_rebuilt/H5/AVW-76HKDHE2/14.jpg,9fb71db18e5c29c9fa61c1354780238abb5184b5d8ade925841d6c3a9e888228,b869cf92c3928e4d,850,850
07,H5,AVW-76HKDHE2,06.jpg,Hisense/images-rebuild/2026-09-29/packets/07_H5_A_W/Hisense_images_rebuilt/H5/AVW-76HKDHE2/06.jpg,f33ff31c61b2307cc330e8a28805cdcc136ff2ac0d47c8bf8e3438071c2c2c21,b079cd96ce4d3461,850,850
07,H5,AVW-76HKDHE2,03.jpg,Hisense/images-rebuild/2026-09-29/packets/07_H5_A_W/Hisense_images_rebuilt/H5/AVW-76HKDHE2/03.jpg,e25b455dfd1f5ba5dcfa46dd0c1051a0239ebb3d856f54347bff623882605ea9,ba4bc1b4364939cd,850,850
07,H5,AVW-76HKDHE2,07.jpg,Hisense/images-rebuild/2026-09-29/packets/07_H5_A_W/Hisense_images_rebuilt/H5/AVW-76HKDHE2/07.jpg,833e8140e3d3f9f38a79a5a42f3746185144b4584be1911863268887000347e1,ec39688697c486e7,850,850
07,H5,AVW-76HKDHE2,11.jpg,Hisense/images-rebuild/2026-09-29/packets/07_H5_A_W/Hisense_images_rebuilt/H5/AVW-76HKDHE2/11.jpg,cd07234bb1ee10a562b899401a944f99e0d853c8753aa1c25831990981d1c5d5,b409c996cfcec469,850,850
07,H5,AVW-76HKDHE2,13.jpg,Hisense/images-rebuild/2026-09-29/packets/07_H5_A_W/Hisense_images_rebuilt/H5/AVW-76HKDHE2/13.jpg,24f8a73c519aef892e05ed916f18d42d4b7d339930f10060ab0e04f6109b9ade,af86d05bca34cd64,850,850
07,H5,AVW-76HKDHE2,01.jpg,Hisense/images-rebuild/2026-09-29/packets/07_H5_A_W/Hisense_images_rebuilt/H5/AVW-76HKDHE2/01.jpg,f3719cd90e727c7f5b9e7c9cc64e4255b663a44aa54d411900fe85dbc9f2b4d0,bbc5c412976c38e5,850,850
07,H5,AVW-76HKDHE2,09.jpg,Hisense/images-rebuild/2026-09-29/packets/07_H5_A_W/Hisense_images_rebuilt/H5/AVW-76HKDHE2/09.jpg,4661bb6c28bd0daa6be4cd0619bf16badba0b91ff102a8cd887370fb46bdcd56,ea3b95c0953f4ac2,850,850
07,H5,AVW-76HKDHE2,05.jpg,Hisense/images-rebuild/2026-09-29/packets/07_H5_A_W/Hisense_images_rebuilt/H5/AVW-76HKDHE2/05.jpg,5df1340be490a24fb68ff426a1ab04228c1e2025e354bbf88f76153cc9de93b1,b164ce9b8ec63166,850,850
07,H5,AVW-76HKDHE2,12.jpg,Hisense/images-rebuild/2026-09-29/packets/07_H5_A_W/Hisense_images_rebuilt/H5/AVW-76HKDHE2/12.jpg,1137131d84bbb39935a6ba91ec34e66229a4027536fa39c6a5faa156a1f2a0fe,bb48cca7e4197a52,850,850
07,H5,AVW-76HKDHE2,04.jpg,Hisense/images-rebuild/2026-09-29/packets/07_H5_A_W/Hisense_images_rebuilt/H5/AVW-76HKDHE2/04.jpg,42cbc455ae6b89686b44374604e6cddb1b1c3e2e18bee8758d835ffaf89cea0e,b169cd92cf823c6c,850,850
07,H5,AVW-96HKDHE2,02.jpg,Hisense/images-rebuild/2026-09-29/packets/07_H5_A_W/Hisense_images_rebuilt/H5/AVW-96HKDHE2/02.jpg,20e83828938efc9590d55a1aeb5782252ac7a8b6cea261c6a3d3c6f6af512edd,bfc6c03468636795,850,850
07,H5,AVW-96HKDHE2,10.jpg,Hisense/images-rebuild/2026-09-29/packets/07_H5_A_W/Hisense_images_rebuilt/H5/AVW-96HKDHE2/10.jpg,0a979feab10811ec85f58a1cadbfa2ef7bb51b13bbaa05aadda07fce7cb6fd31,b92cc69bc69b162c,850,850
07,H5,AVW-96HKDHE2,08.jpg,Hisense/images-rebuild/2026-09-29/packets/07_H5_A_W/Hisense_images_rebuilt/H5/AVW-96HKDHE2/08.jpg,047f09f590a8859329d2f6ee45d98b33439c679d6531065d9b59e365ee218712,e334986b989bcd86,850,850
07,H5,AVW-96HKDHE2,14.jpg,Hisense/images-rebuild/2026-09-29/packets/07_H5_A_W/Hisense_images_rebuilt/H5/AVW-96HKDHE2/14.jpg,9fb71db18e5c29c9fa61c1354780238abb5184b5d8ade925841d6c3a9e888228,b869cf92c3928e4d,850,850
07,H5,AVW-96HKDHE2,06.jpg,Hisense/images-rebuild/2026-09-29/packets/07_H5_A_W/Hisense_images_rebuilt/H5/AVW-96HKDHE2/06.jpg,f33ff31c61b2307cc330e8a28805cdcc136ff2ac0d47c8bf8e3438071c2c2c21,b079cd96ce4d3461,850,850
07,H5,AVW-96HKDHE2,03.jpg,Hisense/images-rebuild/2026-09-29/packets/07_H5_A_W/Hisense_images_rebuilt/H5/AVW-96HKDHE2/03.jpg,e25b455dfd1f5ba5dcfa46dd0c1051a0239ebb3d856f54347bff623882605ea9,ba4bc1b4364939cd,850,850
07,H5,AVW-96HKDHE2,07.jpg,Hisense/images-rebuild/2026-09-29/packets/07_H5_A_W/Hisense_images_rebuilt/H5/AVW-96HKDHE2/07.jpg,833e8140e3d3f9f38a79a5a42f3746185144b4584be1911863268887000347e1,ec39688697c486e7,850,850
07,H5,AVW-96HKDHE2,11.jpg,Hisense/images-rebuild/2026-09-29/packets/07_H5_A_W/Hisense_images_rebuilt/H5/AVW-96HKDHE2/11.jpg,cd07234bb1ee10a562b899401a944f99e0d853c8753aa1c25831990981d1c5d5,b409c996cfcec469,850,850
07,H5,AVW-96HKDHE2,13.jpg,Hisense/images-rebuild/2026-09-29/packets/07_H5_A_W/Hisense_images_rebuilt/H5/AVW-96HKDHE2/13.jpg,24f8a73c519aef892e05ed916f18d42d4b7d339930f10060ab0e04f6109b9ade,af86d05bca34cd64,850,850
07,H5,AVW-96HKDHE2,01.jpg,Hisense/images-rebuild/2026-09-29/packets/07_H5_A_W/Hisense_images_rebuilt/H5/AVW-96HKDHE2/01.jpg,f3719cd90e727c7f5b9e7c9cc64e4255b663a44aa54d411900fe85dbc9f2b4d0,bbc5c412976c38e5,850,850
07,H5,AVW-96HKDHE2,09.jpg,Hisense/images-rebuild/2026-09-29/packets/07_H5_A_W/Hisense_images_rebuilt/H5/AVW-96HKDHE2/09.jpg,4661bb6c28bd0daa6be4cd0619bf16badba0b91ff102a8cd887370fb46bdcd56,ea3b95c0953f4ac2,850,850
07,H5,AVW-96HKDHE2,05.jpg,Hisense/images-rebuild/2026-09-29/packets/07_H5_A_W/Hisense_images_rebuilt/H5/AVW-96HKDHE2/05.jpg,5df1340be490a24fb68ff426a1ab04228c1e2025e354bbf88f76153cc9de93b1,b164ce9b8ec63166,850,850
07,H5,AVW-96HKDHE2,12.jpg,Hisense/images-rebuild/2026-09-29/packets/07_H5_A_W/Hisense_images_rebuilt/H5/AVW-96HKDHE2/12.jpg,1137131d84bbb39935a6ba91ec34e66229a4027536fa39c6a5faa156a1f2a0fe,bb48cca7e4197a52,850,850
07,H5,AVW-96HKDHE2,04.jpg,Hisense/images-rebuild/2026-09-29/packets/07_H5_A_W/Hisense_images_rebuilt/H5/AVW-96HKDHE2/04.jpg,42cbc455ae6b89686b44374604e6cddb1b1c3e2e18bee8758d835ffaf89cea0e,b169cd92cf823c6c,850,850
07,H5,AVW-41HJDH2H1,02.jpg,Hisense/images-rebuild/2026-09-29/packets/07_H5_A_W/Hisense_images_rebuilt/H5/AVW-41HJDH2H1/02.jpg,20e83828938efc9590d55a1aeb5782252ac7a8b6cea261c6a3d3c6f6af512edd,bfc6c03468636795,850,850
07,H5,AVW-41HJDH2H1,10.jpg,Hisense/images-rebuild/2026-09-29/packets/07_H5_A_W/Hisense_images_rebuilt/H5/AVW-41HJDH2H1/10.jpg,4661bb6c28bd0daa6be4cd0619bf16badba0b91ff102a8cd887370fb46bdcd56,ea3b95c0953f4ac2,850,850
07,H5,AVW-41HJDH2H1,08.jpg,Hisense/images-rebuild/2026-09-29/packets/07_H5_A_W/Hisense_images_rebuilt/H5/AVW-41HJDH2H1/08.jpg,833e8140e3d3f9f38a79a5a42f3746185144b4584be1911863268887000347e1,ec39688697c486e7,850,850
07,H5,AVW-41HJDH2H1,14.jpg,Hisense/images-rebuild/2026-09-29/packets/07_H5_A_W/Hisense_images_rebuilt/H5/AVW-41HJDH2H1/14.jpg,bfc6c73a9396344168aa4193d7d9d52c010d205baea5a40cf31d3461cd37dbb3,bfc6d22dc87a6091,850,850
07,H5,AVW-41HJDH2H1,06.jpg,Hisense/images-rebuild/2026-09-29/packets/07_H5_A_W/Hisense_images_rebuilt/H5/AVW-41HJDH2H1/06.jpg,f33ff31c61b2307cc330e8a28805cdcc136ff2ac0d47c8bf8e3438071c2c2c21,b079cd96ce4d3461,850,850
07,H5,AVW-41HJDH2H1,03.jpg,Hisense/images-rebuild/2026-09-29/packets/07_H5_A_W/Hisense_images_rebuilt/H5/AVW-41HJDH2H1/03.jpg,e25b455dfd1f5ba5dcfa46dd0c1051a0239ebb3d856f54347bff623882605ea9,ba4bc1b4364939cd,850,850
07,H5,AVW-41HJDH2H1,07.jpg,Hisense/images-rebuild/2026-09-29/packets/07_H5_A_W/Hisense_images_rebuilt/H5/AVW-41HJDH2H1/07.jpg,633418973361793f8b5b9364abdaee90f456b714cf13dc30fecc07e3cbb1c5db,ba81c63e99663699,850,850
07,H5,AVW-41HJDH2H1,11.jpg,Hisense/images-rebuild/2026-09-29/packets/07_H5_A_W/Hisense_images_rebuilt/H5/AVW-41HJDH2H1/11.jpg,5b36d6617d63d0827beb6fc67c997297c039d662a564d7acd589011a3650bfb6,be4bc134a67a32c9,850,850
07,H5,AVW-41HJDH2H1,13.jpg,Hisense/images-rebuild/2026-09-29/packets/07_H5_A_W/Hisense_images_rebuilt/H5/AVW-41HJDH2H1/13.jpg,b16b6a4492a7ebbcf081a60f763a1137803eca4fd9c0758df3db342cc06203fa,bbc9c412874c3d6d,850,850
07,H5,AVW-41HJDH2H1,01.jpg,Hisense/images-rebuild/2026-09-29/packets/07_H5_A_W/Hisense_images_rebuilt/H5/AVW-41HJDH2H1/01.jpg,f3719cd90e727c7f5b9e7c9cc64e4255b663a44aa54d411900fe85dbc9f2b4d0,bbc5c412976c38e5,850,850
07,H5,AVW-41HJDH2H1,09.jpg,Hisense/images-rebuild/2026-09-29/packets/07_H5_A_W/Hisense_images_rebuilt/H5/AVW-41HJDH2H1/09.jpg,047f09f590a8859329d2f6ee45d98b33439c679d6531065d9b59e365ee218712,e334986b989bcd86,850,850
07,H5,AVW-41HJDH2H1,05.jpg,Hisense/images-rebuild/2026-09-29/packets/07_H5_A_W/Hisense_images_rebuilt/H5/AVW-41HJDH2H1/05.jpg,5df1340be490a24fb68ff426a1ab04228c1e2025e354bbf88f76153cc9de93b1,b164ce9b8ec63166,850,850
07,H5,AVW-41HJDH2H1,12.jpg,Hisense/images-rebuild/2026-09-29/packets/07_H5_A_W/Hisense_images_rebuilt/H5/AVW-41HJDH2H1/12.jpg,3f15be2baddc8b3cd1a38ea957e9f150c33689793970893500bcc46d0e343d7e,bb4acca7e4197a42,850,850
07,H5,AVW-41HJDH2H1,04.jpg,Hisense/images-rebuild/2026-09-29/packets/07_H5_A_W/Hisense_images_rebuilt/H5/AVW-41HJDH2H1/04.jpg,42cbc455ae6b89686b44374604e6cddb1b1c3e2e18bee8758d835ffaf89cea0e,b169cd92cf823c6c,850,850
07,H5,AVW-48HJDH2H1,02.jpg,Hisense/images-rebuild/2026-09-29/packets/07_H5_A_W/Hisense_images_rebuilt/H5/AVW-48HJDH2H1/02.jpg,20e83828938efc9590d55a1aeb5782252ac7a8b6cea261c6a3d3c6f6af512edd,bfc6c03468636795,850,850
07,H5,AVW-48HJDH2H1,10.jpg,Hisense/images-rebuild/2026-09-29/packets/07_H5_A_W/Hisense_images_rebuilt/H5/AVW-48HJDH2H1/10.jpg,4661bb6c28bd0daa6be4cd0619bf16badba0b91ff102a8cd887370fb46bdcd56,ea3b95c0953f4ac2,850,850
07,H5,AVW-48HJDH2H1,08.jpg,Hisense/images-rebuild/2026-09-29/packets/07_H5_A_W/Hisense_images_rebuilt/H5/AVW-48HJDH2H1/08.jpg,833e8140e3d3f9f38a79a5a42f3746185144b4584be1911863268887000347e1,ec39688697c486e7,850,850
07,H5,AVW-48HJDH2H1,14.jpg,Hisense/images-rebuild/2026-09-29/packets/07_H5_A_W/Hisense_images_rebuilt/H5/AVW-48HJDH2H1/14.jpg,bfc6c73a9396344168aa4193d7d9d52c010d205baea5a40cf31d3461cd37dbb3,bfc6d22dc87a6091,850,850
07,H5,AVW-48HJDH2H1,06.jpg,Hisense/images-rebuild/2026-09-29/packets/07_H5_A_W/Hisense_images_rebuilt/H5/AVW-48HJDH2H1/06.jpg,f33ff31c61b2307cc330e8a28805cdcc136ff2ac0d47c8bf8e3438071c2c2c21,b079cd96ce4d3461,850,850
07,H5,AVW-48HJDH2H1,03.jpg,Hisense/images-rebuild/2026-09-29/packets/07_H5_A_W/Hisense_images_rebuilt/H5/AVW-48HJDH2H1/03.jpg,e25b455dfd1f5ba5dcfa46dd0c1051a0239ebb3d856f54347bff623882605ea9,ba4bc1b4364939cd,850,850
07,H5,AVW-48HJDH2H1,07.jpg,Hisense/images-rebuild/2026-09-29/packets/07_H5_A_W/Hisense_images_rebuilt/H5/AVW-48HJDH2H1/07.jpg,633418973361793f8b5b9364abdaee90f456b714cf13dc30fecc07e3cbb1c5db,ba81c63e99663699,850,850
07,H5,AVW-48HJDH2H1,11.jpg,Hisense/images-rebuild/2026-09-29/packets/07_H5_A_W/Hisense_images_rebuilt/H5/AVW-48HJDH2H1/11.jpg,5b36d6617d63d0827beb6fc67c997297c039d662a564d7acd589011a3650bfb6,be4bc134a67a32c9,850,850
07,H5,AVW-48HJDH2H1,13.jpg,Hisense/images-rebuild/2026-09-29/packets/07_H5_A_W/Hisense_images_rebuilt/H5/AVW-48HJDH2H1/13.jpg,b16b6a4492a7ebbcf081a60f763a1137803eca4fd9c0758df3db342cc06203fa,bbc9c412874c3d6d,850,850
07,H5,AVW-48HJDH2H1,01.jpg,Hisense/images-rebuild/2026-09-29/packets/07_H5_A_W/Hisense_images_rebuilt/H5/AVW-48HJDH2H1/01.jpg,f3719cd90e727c7f5b9e7c9cc64e4255b663a44aa54d411900fe85dbc9f2b4d0,bbc5c412976c38e5,850,850
07,H5,AVW-48HJDH2H1,09.jpg,Hisense/images-rebuild/2026-09-29/packets/07_H5_A_W/Hisense_images_rebuilt/H5/AVW-48HJDH2H1/09.jpg,047f09f590a8859329d2f6ee45d98b33439c679d6531065d9b59e365ee218712,e334986b989bcd86,850,850
07,H5,AVW-48HJDH2H1,05.jpg,Hisense/images-rebuild/2026-09-29/packets/07_H5_A_W/Hisense_images_rebuilt/H5/AVW-48HJDH2H1/05.jpg,5df1340be490a24fb68ff426a1ab04228c1e2025e354bbf88f76153cc9de93b1,b164ce9b8ec63166,850,850
07,H5,AVW-48HJDH2H1,12.jpg,Hisense/images-rebuild/2026-09-29/packets/07_H5_A_W/Hisense_images_rebuilt/H5/AVW-48HJDH2H1/12.jpg,3f15be2baddc8b3cd1a38ea957e9f150c33689793970893500bcc46d0e343d7e,bb4acca7e4197a42,850,850
07,H5,AVW-48HJDH2H1,04.jpg,Hisense/images-rebuild/2026-09-29/packets/07_H5_A_W/Hisense_images_rebuilt/H5/AVW-48HJDH2H1/04.jpg,42cbc455ae6b89686b44374604e6cddb1b1c3e2e18bee8758d835ffaf89cea0e,b169cd92cf823c6c,850,850
07,A,AVW-76HJFAE1,02.jpg,Hisense/images-rebuild/2026-09-29/packets/07_H5_A_W/Hisense_images_rebuilt/A/AVW-76HJFAE1/02.jpg,b3df3fe241953194484463b4400adb1b3555968cb9d4939623ee3e9bcf958f9b,b063cf9c343c33c3,850,850
07,A,AVW-76HJFAE1,10.jpg,Hisense/images-rebuild/2026-09-29/packets/07_H5_A_W/Hisense_images_rebuilt/A/AVW-76HJFAE1/10.jpg,b1b95d9e9ed69c4a9ab1a446fff22af3baeb17792588342f6cf8e4fa0b28ff90,ba63c19f943cb132,850,850
07,A,AVW-76HJFAE1,08.jpg,Hisense/images-rebuild/2026-09-29/packets/07_H5_A_W/Hisense_images_rebuilt/A/AVW-76HJFAE1/08.jpg,78990cfab4d48bf9c001823ace00c36e8853eedef54b1d386fb18f4864abcef8,bfc8c036953fc06a,850,850
07,A,AVW-76HJFAE1,06.jpg,Hisense/images-rebuild/2026-09-29/packets/07_H5_A_W/Hisense_images_rebuilt/A/AVW-76HJFAE1/06.jpg,4c86a42bcf61660ba5e281f61fdd20ef42321eed26f862118d72fc0087972c03,ba81c63e99663699,850,850
07,A,AVW-76HJFAE1,03.jpg,Hisense/images-rebuild/2026-09-29/packets/07_H5_A_W/Hisense_images_rebuilt/A/AVW-76HJFAE1/03.jpg,9ef6ed7cef4ccd7f090b04e0933b86e11bbed7a9c0834f4de2a5159329277d8d,b871c79634cc3333,850,850
07,A,AVW-76HJFAE1,07.jpg,Hisense/images-rebuild/2026-09-29/packets/07_H5_A_W/Hisense_images_rebuilt/A/AVW-76HJFAE1/07.jpg,8b53f3966baf756861d113b13dd472eb36e2fa7d99a720dfd61104428503aa1c,ea3b95c0953f4ac2,850,850
07,A,AVW-76HJFAE1,11.jpg,Hisense/images-rebuild/2026-09-29/packets/07_H5_A_W/Hisense_images_rebuilt/A/AVW-76HJFAE1/11.jpg,32e627e6d1a5ed321a7f0cf9f8785c2fb239ec0286a05af56e46912fb932ecb3,b8909a69c6c7936b,850,850
07,A,AVW-76HJFAE1,01.jpg,Hisense/images-rebuild/2026-09-29/packets/07_H5_A_W/Hisense_images_rebuilt/A/AVW-76HJFAE1/01.jpg,f38dd1bbfaba5b4ba3a142d75ea423a21055ca82d7b2b30276115ce4374e09ec,ba6bc19436cb3171,850,850
07,A,AVW-76HJFAE1,09.jpg,Hisense/images-rebuild/2026-09-29/packets/07_H5_A_W/Hisense_images_rebuilt/A/AVW-76HJFAE1/09.jpg,27740b402a6634ad7c21bfd65cb0c24d7d2c20366440229f14e88f20aced998c,bf1fc0c2f1e09ce0,850,850
07,A,AVW-76HJFAE1,05.jpg,Hisense/images-rebuild/2026-09-29/packets/07_H5_A_W/Hisense_images_rebuilt/A/AVW-76HJFAE1/05.jpg,047f09f590a8859329d2f6ee45d98b33439c679d6531065d9b59e365ee218712,e334986b989bcd86,850,850
07,A,AVW-76HJFAE1,04.jpg,Hisense/images-rebuild/2026-09-29/packets/07_H5_A_W/Hisense_images_rebuilt/A/AVW-76HJFAE1/04.jpg,833e8140e3d3f9f38a79a5a42f3746185144b4584be1911863268887000347e1,ec39688697c486e7,850,850
07,A,AVW-48HJFAE1,02.jpg,Hisense/images-rebuild/2026-09-29/packets/07_H5_A_W/Hisense_images_rebuilt/A/AVW-48HJFAE1/02.jpg,b3df3fe241953194484463b4400adb1b3555968cb9d4939623ee3e9bcf958f9b,b063cf9c343c33c3,850,850
07,A,AVW-48HJFAE1,10.jpg,Hisense/images-rebuild/2026-09-29/packets/07_H5_A_W/Hisense_images_rebuilt/A/AVW-48HJFAE1/10.jpg,5cb66d51ee73abdec4dbb84647363af006945d08b3f5652bb12386fa87cb0c42,bbccc433c9191ec6,850,850
07,A,AVW-48HJFAE1,08.jpg,Hisense/images-rebuild/2026-09-29/packets/07_H5_A_W/Hisense_images_rebuilt/A/AVW-48HJFAE1/08.jpg,c7f5d7ea7c4932e136791cf52853a6f6c7b74a139d3c85f346a681aaa4338a9f,be32c1858dcf32ca,850,850
07,A,AVW-48HJFAE1,06.jpg,Hisense/images-rebuild/2026-09-29/packets/07_H5_A_W/Hisense_images_rebuilt/A/AVW-48HJFAE1/06.jpg,047f09f590a8859329d2f6ee45d98b33439c679d6531065d9b59e365ee218712,e334986b989bcd86,850,850
07,A,AVW-48HJFAE1,03.jpg,Hisense/images-rebuild/2026-09-29/packets/07_H5_A_W/Hisense_images_rebuilt/A/AVW-48HJFAE1/03.jpg,9ef6ed7cef4ccd7f090b04e0933b86e11bbed7a9c0834f4de2a5159329277d8d,b871c79634cc3333,850,850
07,A,AVW-48HJFAE1,07.jpg,Hisense/images-rebuild/2026-09-29/packets/07_H5_A_W/Hisense_images_rebuilt/A/AVW-48HJFAE1/07.jpg,4661bb6c28bd0daa6be4cd0619bf16badba0b91ff102a8cd887370fb46bdcd56,ea3b95c0953f4ac2,850,850
07,A,AVW-48HJFAE1,11.jpg,Hisense/images-rebuild/2026-09-29/packets/07_H5_A_W/Hisense_images_rebuilt/A/AVW-48HJFAE1/11.jpg,d29f86f763125146c2ba955b4fb6d695a4be78c4f79614293fe87275f5e757f9,ec99923993624fc6,850,850
07,A,AVW-48HJFAE1,01.jpg,Hisense/images-rebuild/2026-09-29/packets/07_H5_A_W/Hisense_images_rebuilt/A/AVW-48HJFAE1/01.jpg,f38dd1bbfaba5b4ba3a142d75ea423a21055ca82d7b2b30276115ce4374e09ec,ba6bc19436cb3171,850,850
07,A,AVW-48HJFAE1,09.jpg,Hisense/images-rebuild/2026-09-29/packets/07_H5_A_W/Hisense_images_rebuilt/A/AVW-48HJFAE1/09.jpg,8b52207aa6a6fd6c0a2018b405114171a050102ae55ff6c630169488a2bee383,b8909a68e6c7936b,850,850
07,A,AVW-48HJFAE1,05.jpg,Hisense/images-rebuild/2026-09-29/packets/07_H5_A_W/Hisense_images_rebuilt/A/AVW-48HJFAE1/05.jpg,833e8140e3d3f9f38a79a5a42f3746185144b4584be1911863268887000347e1,ec39688697c486e7,850,850
07,A,AVW-48HJFAE1,04.jpg,Hisense/images-rebuild/2026-09-29/packets/07_H5_A_W/Hisense_images_rebuilt/A/AVW-48HJFAE1/04.jpg,633418973361793f8b5b9364abdaee90f456b714cf13dc30fecc07e3cbb1c5db,ba81c63e99663699,850,850
07,A,AVW-34HJFAE1,02.jpg,Hisense/images-rebuild/2026-09-29/packets/07_H5_A_W/Hisense_images_rebuilt/A/AVW-34HJFAE1/02.jpg,b3df3fe241953194484463b4400adb1b3555968cb9d4939623ee3e9bcf958f9b,b063cf9c343c33c3,850,850
07,A,AVW-34HJFAE1,10.jpg,Hisense/images-rebuild/2026-09-29/packets/07_H5_A_W/Hisense_images_rebuilt/A/AVW-34HJFAE1/10.jpg,5cb66d51ee73abdec4dbb84647363af006945d08b3f5652bb12386fa87cb0c42,bbccc433c9191ec6,850,850
07,A,AVW-34HJFAE1,08.jpg,Hisense/images-rebuild/2026-09-29/packets/07_H5_A_W/Hisense_images_rebuilt/A/AVW-34HJFAE1/08.jpg,e8809ff50df5e29ce9e003dfd1c692df51fb2c49b85d74ee78a08798bc2d1288,be7ac1a586ca325a,850,850
07,A,AVW-34HJFAE1,06.jpg,Hisense/images-rebuild/2026-09-29/packets/07_H5_A_W/Hisense_images_rebuilt/A/AVW-34HJFAE1/06.jpg,047f09f590a8859329d2f6ee45d98b33439c679d6531065d9b59e365ee218712,e334986b989bcd86,850,850
07,A,AVW-34HJFAE1,03.jpg,Hisense/images-rebuild/2026-09-29/packets/07_H5_A_W/Hisense_images_rebuilt/A/AVW-34HJFAE1/03.jpg,9ef6ed7cef4ccd7f090b04e0933b86e11bbed7a9c0834f4de2a5159329277d8d,b871c79634cc3333,850,850
07,A,AVW-34HJFAE1,07.jpg,Hisense/images-rebuild/2026-09-29/packets/07_H5_A_W/Hisense_images_rebuilt/A/AVW-34HJFAE1/07.jpg,4661bb6c28bd0daa6be4cd0619bf16badba0b91ff102a8cd887370fb46bdcd56,ea3b95c0953f4ac2,850,850
07,A,AVW-34HJFAE1,11.jpg,Hisense/images-rebuild/2026-09-29/packets/07_H5_A_W/Hisense_images_rebuilt/A/AVW-34HJFAE1/11.jpg,d29f86f763125146c2ba955b4fb6d695a4be78c4f79614293fe87275f5e757f9,ec99923993624fc6,850,850
07,A,AVW-34HJFAE1,01.jpg,Hisense/images-rebuild/2026-09-29/packets/07_H5_A_W/Hisense_images_rebuilt/A/AVW-34HJFAE1/01.jpg,f38dd1bbfaba5b4ba3a142d75ea423a21055ca82d7b2b30276115ce4374e09ec,ba6bc19436cb3171,850,850
07,A,AVW-34HJFAE1,09.jpg,Hisense/images-rebuild/2026-09-29/packets/07_H5_A_W/Hisense_images_rebuilt/A/AVW-34HJFAE1/09.jpg,8b52207aa6a6fd6c0a2018b405114171a050102ae55ff6c630169488a2bee383,b8909a68e6c7936b,850,850
07,A,AVW-34HJFAE1,05.jpg,Hisense/images-rebuild/2026-09-29/packets/07_H5_A_W/Hisense_images_rebuilt/A/AVW-34HJFAE1/05.jpg,833e8140e3d3f9f38a79a5a42f3746185144b4584be1911863268887000347e1,ec39688697c486e7,850,850
07,A,AVW-34HJFAE1,04.jpg,Hisense/images-rebuild/2026-09-29/packets/07_H5_A_W/Hisense_images_rebuilt/A/AVW-34HJFAE1/04.jpg,633418973361793f8b5b9364abdaee90f456b714cf13dc30fecc07e3cbb1c5db,ba81c63e99663699,850,850
07,A,AVW-63HJFAE1,02.jpg,Hisense/images-rebuild/2026-09-29/packets/07_H5_A_W/Hisense_images_rebuilt/A/AVW-63HJFAE1/02.jpg,b3df3fe241953194484463b4400adb1b3555968cb9d4939623ee3e9bcf958f9b,b063cf9c343c33c3,850,850
07,A,AVW-63HJFAE1,10.jpg,Hisense/images-rebuild/2026-09-29/packets/07_H5_A_W/Hisense_images_rebuilt/A/AVW-63HJFAE1/10.jpg,b1b95d9e9ed69c4a9ab1a446fff22af3baeb17792588342f6cf8e4fa0b28ff90,ba63c19f943cb132,850,850
07,A,AVW-63HJFAE1,08.jpg,Hisense/images-rebuild/2026-09-29/packets/07_H5_A_W/Hisense_images_rebuilt/A/AVW-63HJFAE1/08.jpg,78990cfab4d48bf9c001823ace00c36e8853eedef54b1d386fb18f4864abcef8,bfc8c036953fc06a,850,850
07,A,AVW-63HJFAE1,06.jpg,Hisense/images-rebuild/2026-09-29/packets/07_H5_A_W/Hisense_images_rebuilt/A/AVW-63HJFAE1/06.jpg,4c86a42bcf61660ba5e281f61fdd20ef42321eed26f862118d72fc0087972c03,ba81c63e99663699,850,850
07,A,AVW-63HJFAE1,03.jpg,Hisense/images-rebuild/2026-09-29/packets/07_H5_A_W/Hisense_images_rebuilt/A/AVW-63HJFAE1/03.jpg,9ef6ed7cef4ccd7f090b04e0933b86e11bbed7a9c0834f4de2a5159329277d8d,b871c79634cc3333,850,850
07,A,AVW-63HJFAE1,07.jpg,Hisense/images-rebuild/2026-09-29/packets/07_H5_A_W/Hisense_images_rebuilt/A/AVW-63HJFAE1/07.jpg,8b53f3966baf756861d113b13dd472eb36e2fa7d99a720dfd61104428503aa1c,ea3b95c0953f4ac2,850,850
07,A,AVW-63HJFAE1,11.jpg,Hisense/images-rebuild/2026-09-29/packets/07_H5_A_W/Hisense_images_rebuilt/A/AVW-63HJFAE1/11.jpg,32e627e6d1a5ed321a7f0cf9f8785c2fb239ec0286a05af56e46912fb932ecb3,b8909a69c6c7936b,850,850
07,A,AVW-63HJFAE1,01.jpg,Hisense/images-rebuild/2026-09-29/packets/07_H5_A_W/Hisense_images_rebuilt/A/AVW-63HJFAE1/01.jpg,f38dd1bbfaba5b4ba3a142d75ea423a21055ca82d7b2b30276115ce4374e09ec,ba6bc19436cb3171,850,850
07,A,AVW-63HJFAE1,09.jpg,Hisense/images-rebuild/2026-09-29/packets/07_H5_A_W/Hisense_images_rebuilt/A/AVW-63HJFAE1/09.jpg,27740b402a6634ad7c21bfd65cb0c24d7d2c20366440229f14e88f20aced998c,bf1fc0c2f1e09ce0,850,850
07,A,AVW-63HJFAE1,05.jpg,Hisense/images-rebuild/2026-09-29/packets/07_H5_A_W/Hisense_images_rebuilt/A/AVW-63HJFAE1/05.jpg,047f09f590a8859329d2f6ee45d98b33439c679d6531065d9b59e365ee218712,e334986b989bcd86,850,850
07,A,AVW-63HJFAE1,04.jpg,Hisense/images-rebuild/2026-09-29/packets/07_H5_A_W/Hisense_images_rebuilt/A/AVW-63HJFAE1/04.jpg,833e8140e3d3f9f38a79a5a42f3746185144b4584be1911863268887000347e1,ec39688697c486e7,850,850
07,A,AVW-27HJFAE1,02.jpg,Hisense/images-rebuild/2026-09-29/packets/07_H5_A_W/Hisense_images_rebuilt/A/AVW-27HJFAE1/02.jpg,b3df3fe241953194484463b4400adb1b3555968cb9d4939623ee3e9bcf958f9b,b063cf9c343c33c3,850,850
07,A,AVW-27HJFAE1,10.jpg,Hisense/images-rebuild/2026-09-29/packets/07_H5_A_W/Hisense_images_rebuilt/A/AVW-27HJFAE1/10.jpg,5cb66d51ee73abdec4dbb84647363af006945d08b3f5652bb12386fa87cb0c42,bbccc433c9191ec6,850,850
07,A,AVW-27HJFAE1,08.jpg,Hisense/images-rebuild/2026-09-29/packets/07_H5_A_W/Hisense_images_rebuilt/A/AVW-27HJFAE1/08.jpg,e8809ff50df5e29ce9e003dfd1c692df51fb2c49b85d74ee78a08798bc2d1288,be7ac1a586ca325a,850,850
07,A,AVW-27HJFAE1,06.jpg,Hisense/images-rebuild/2026-09-29/packets/07_H5_A_W/Hisense_images_rebuilt/A/AVW-27HJFAE1/06.jpg,047f09f590a8859329d2f6ee45d98b33439c679d6531065d9b59e365ee218712,e334986b989bcd86,850,850
07,A,AVW-27HJFAE1,03.jpg,Hisense/images-rebuild/2026-09-29/packets/07_H5_A_W/Hisense_images_rebuilt/A/AVW-27HJFAE1/03.jpg,9ef6ed7cef4ccd7f090b04e0933b86e11bbed7a9c0834f4de2a5159329277d8d,b871c79634cc3333,850,850
07,A,AVW-27HJFAE1,07.jpg,Hisense/images-rebuild/2026-09-29/packets/07_H5_A_W/Hisense_images_rebuilt/A/AVW-27HJFAE1/07.jpg,4661bb6c28bd0daa6be4cd0619bf16badba0b91ff102a8cd887370fb46bdcd56,ea3b95c0953f4ac2,850,850
07,A,AVW-27HJFAE1,11.jpg,Hisense/images-rebuild/2026-09-29/packets/07_H5_A_W/Hisense_images_rebuilt/A/AVW-27HJFAE1/11.jpg,d29f86f763125146c2ba955b4fb6d695a4be78c4f79614293fe87275f5e757f9,ec99923993624fc6,850,850
07,A,AVW-27HJFAE1,01.jpg,Hisense/images-rebuild/2026-09-29/packets/07_H5_A_W/Hisense_images_rebuilt/A/AVW-27HJFAE1/01.jpg,f38dd1bbfaba5b4ba3a142d75ea423a21055ca82d7b2b30276115ce4374e09ec,ba6bc19436cb3171,850,850
07,A,AVW-27HJFAE1,09.jpg,Hisense/images-rebuild/2026-09-29/packets/07_H5_A_W/Hisense_images_rebuilt/A/AVW-27HJFAE1/09.jpg,8b52207aa6a6fd6c0a2018b405114171a050102ae55ff6c630169488a2bee383,b8909a68e6c7936b,850,850
07,A,AVW-27HJFAE1,05.jpg,Hisense/images-rebuild/2026-09-29/packets/07_H5_A_W/Hisense_images_rebuilt/A/AVW-27HJFAE1/05.jpg,833e8140e3d3f9f38a79a5a42f3746185144b4584be1911863268887000347e1,ec39688697c486e7,850,850
07,A,AVW-27HJFAE1,04.jpg,Hisense/images-rebuild/2026-09-29/packets/07_H5_A_W/Hisense_images_rebuilt/A/AVW-27HJFAE1/04.jpg,633418973361793f8b5b9364abdaee90f456b714cf13dc30fecc07e3cbb1c5db,ba81c63e99663699,850,850
07,A,AVW-68HJFAE1,02.jpg,Hisense/images-rebuild/2026-09-29/packets/07_H5_A_W/Hisense_images_rebuilt/A/AVW-68HJFAE1/02.jpg,b3df3fe241953194484463b4400adb1b3555968cb9d4939623ee3e9bcf958f9b,b063cf9c343c33c3,850,850
07,A,AVW-68HJFAE1,10.jpg,Hisense/images-rebuild/2026-09-29/packets/07_H5_A_W/Hisense_images_rebuilt/A/AVW-68HJFAE1/10.jpg,b1b95d9e9ed69c4a9ab1a446fff22af3baeb17792588342f6cf8e4fa0b28ff90,ba63c19f943cb132,850,850
07,A,AVW-68HJFAE1,08.jpg,Hisense/images-rebuild/2026-09-29/packets/07_H5_A_W/Hisense_images_rebuilt/A/AVW-68HJFAE1/08.jpg,78990cfab4d48bf9c001823ace00c36e8853eedef54b1d386fb18f4864abcef8,bfc8c036953fc06a,850,850
07,A,AVW-68HJFAE1,06.jpg,Hisense/images-rebuild/2026-09-29/packets/07_H5_A_W/Hisense_images_rebuilt/A/AVW-68HJFAE1/06.jpg,4c86a42bcf61660ba5e281f61fdd20ef42321eed26f862118d72fc0087972c03,ba81c63e99663699,850,850
07,A,AVW-68HJFAE1,03.jpg,Hisense/images-rebuild/2026-09-29/packets/07_H5_A_W/Hisense_images_rebuilt/A/AVW-68HJFAE1/03.jpg,9ef6ed7cef4ccd7f090b04e0933b86e11bbed7a9c0834f4de2a5159329277d8d,b871c79634cc3333,850,850
07,A,AVW-68HJFAE1,07.jpg,Hisense/images-rebuild/2026-09-29/packets/07_H5_A_W/Hisense_images_rebuilt/A/AVW-68HJFAE1/07.jpg,8b53f3966baf756861d113b13dd472eb36e2fa7d99a720dfd61104428503aa1c,ea3b95c0953f4ac2,850,850
07,A,AVW-68HJFAE1,11.jpg,Hisense/images-rebuild/2026-09-29/packets/07_H5_A_W/Hisense_images_rebuilt/A/AVW-68HJFAE1/11.jpg,32e627e6d1a5ed321a7f0cf9f8785c2fb239ec0286a05af56e46912fb932ecb3,b8909a69c6c7936b,850,850
07,A,AVW-68HJFAE1,01.jpg,Hisense/images-rebuild/2026-09-29/packets/07_H5_A_W/Hisense_images_rebuilt/A/AVW-68HJFAE1/01.jpg,f38dd1bbfaba5b4ba3a142d75ea423a21055ca82d7b2b30276115ce4374e09ec,ba6bc19436cb3171,850,850
07,A,AVW-68HJFAE1,09.jpg,Hisense/images-rebuild/2026-09-29/packets/07_H5_A_W/Hisense_images_rebuilt/A/AVW-68HJFAE1/09.jpg,27740b402a6634ad7c21bfd65cb0c24d7d2c20366440229f14e88f20aced998c,bf1fc0c2f1e09ce0,850,850
07,A,AVW-68HJFAE1,05.jpg,Hisense/images-rebuild/2026-09-29/packets/07_H5_A_W/Hisense_images_rebuilt/A/AVW-68HJFAE1/05.jpg,047f09f590a8859329d2f6ee45d98b33439c679d6531065d9b59e365ee218712,e334986b989bcd86,850,850
07,A,AVW-68HJFAE1,04.jpg,Hisense/images-rebuild/2026-09-29/packets/07_H5_A_W/Hisense_images_rebuilt/A/AVW-68HJFAE1/04.jpg,833e8140e3d3f9f38a79a5a42f3746185144b4584be1911863268887000347e1,ec39688697c486e7,850,850
07,A,AVW-54HJFAE1,02.jpg,Hisense/images-rebuild/2026-09-29/packets/07_H5_A_W/Hisense_images_rebuilt/A/AVW-54HJFAE1/02.jpg,b3df3fe241953194484463b4400adb1b3555968cb9d4939623ee3e9bcf958f9b,b063cf9c343c33c3,850,850
07,A,AVW-54HJFAE1,10.jpg,Hisense/images-rebuild/2026-09-29/packets/07_H5_A_W/Hisense_images_rebuilt/A/AVW-54HJFAE1/10.jpg,5cb66d51ee73abdec4dbb84647363af006945d08b3f5652bb12386fa87cb0c42,bbccc433c9191ec6,850,850
07,A,AVW-54HJFAE1,08.jpg,Hisense/images-rebuild/2026-09-29/packets/07_H5_A_W/Hisense_images_rebuilt/A/AVW-54HJFAE1/08.jpg,c7f5d7ea7c4932e136791cf52853a6f6c7b74a139d3c85f346a681aaa4338a9f,be32c1858dcf32ca,850,850
07,A,AVW-54HJFAE1,06.jpg,Hisense/images-rebuild/2026-09-29/packets/07_H5_A_W/Hisense_images_rebuilt/A/AVW-54HJFAE1/06.jpg,047f09f590a8859329d2f6ee45d98b33439c679d6531065d9b59e365ee218712,e334986b989bcd86,850,850
07,A,AVW-54HJFAE1,03.jpg,Hisense/images-rebuild/2026-09-29/packets/07_H5_A_W/Hisense_images_rebuilt/A/AVW-54HJFAE1/03.jpg,9ef6ed7cef4ccd7f090b04e0933b86e11bbed7a9c0834f4de2a5159329277d8d,b871c79634cc3333,850,850
07,A,AVW-54HJFAE1,07.jpg,Hisense/images-rebuild/2026-09-29/packets/07_H5_A_W/Hisense_images_rebuilt/A/AVW-54HJFAE1/07.jpg,4661bb6c28bd0daa6be4cd0619bf16badba0b91ff102a8cd887370fb46bdcd56,ea3b95c0953f4ac2,850,850
07,A,AVW-54HJFAE1,11.jpg,Hisense/images-rebuild/2026-09-29/packets/07_H5_A_W/Hisense_images_rebuilt/A/AVW-54HJFAE1/11.jpg,d29f86f763125146c2ba955b4fb6d695a4be78c4f79614293fe87275f5e757f9,ec99923993624fc6,850,850
07,A,AVW-54HJFAE1,01.jpg,Hisense/images-rebuild/2026-09-29/packets/07_H5_A_W/Hisense_images_rebuilt/A/AVW-54HJFAE1/01.jpg,f38dd1bbfaba5b4ba3a142d75ea423a21055ca82d7b2b30276115ce4374e09ec,ba6bc19436cb3171,850,850
07,A,AVW-54HJFAE1,09.jpg,Hisense/images-rebuild/2026-09-29/packets/07_H5_A_W/Hisense_images_rebuilt/A/AVW-54HJFAE1/09.jpg,8b52207aa6a6fd6c0a2018b405114171a050102ae55ff6c630169488a2bee383,b8909a68e6c7936b,850,850
07,A,AVW-54HJFAE1,05.jpg,Hisense/images-rebuild/2026-09-29/packets/07_H5_A_W/Hisense_images_rebuilt/A/AVW-54HJFAE1/05.jpg,833e8140e3d3f9f38a79a5a42f3746185144b4584be1911863268887000347e1,ec39688697c486e7,850,850
07,A,AVW-54HJFAE1,04.jpg,Hisense/images-rebuild/2026-09-29/packets/07_H5_A_W/Hisense_images_rebuilt/A/AVW-54HJFAE1/04.jpg,633418973361793f8b5b9364abdaee90f456b714cf13dc30fecc07e3cbb1c5db,ba81c63e99663699,850,850
07,A,AVW-42HJFAE1,02.jpg,Hisense/images-rebuild/2026-09-29/packets/07_H5_A_W/Hisense_images_rebuilt/A/AVW-42HJFAE1/02.jpg,b3df3fe241953194484463b4400adb1b3555968cb9d4939623ee3e9bcf958f9b,b063cf9c343c33c3,850,850
07,A,AVW-42HJFAE1,10.jpg,Hisense/images-rebuild/2026-09-29/packets/07_H5_A_W/Hisense_images_rebuilt/A/AVW-42HJFAE1/10.jpg,5cb66d51ee73abdec4dbb84647363af006945d08b3f5652bb12386fa87cb0c42,bbccc433c9191ec6,850,850
07,A,AVW-42HJFAE1,08.jpg,Hisense/images-rebuild/2026-09-29/packets/07_H5_A_W/Hisense_images_rebuilt/A/AVW-42HJFAE1/08.jpg,c7f5d7ea7c4932e136791cf52853a6f6c7b74a139d3c85f346a681aaa4338a9f,be32c1858dcf32ca,850,850
07,A,AVW-42HJFAE1,06.jpg,Hisense/images-rebuild/2026-09-29/packets/07_H5_A_W/Hisense_images_rebuilt/A/AVW-42HJFAE1/06.jpg,047f09f590a8859329d2f6ee45d98b33439c679d6531065d9b59e365ee218712,e334986b989bcd86,850,850
07,A,AVW-42HJFAE1,03.jpg,Hisense/images-rebuild/2026-09-29/packets/07_H5_A_W/Hisense_images_rebuilt/A/AVW-42HJFAE1/03.jpg,9ef6ed7cef4ccd7f090b04e0933b86e11bbed7a9c0834f4de2a5159329277d8d,b871c79634cc3333,850,850
07,A,AVW-42HJFAE1,07.jpg,Hisense/images-rebuild/2026-09-29/packets/07_H5_A_W/Hisense_images_rebuilt/A/AVW-42HJFAE1/07.jpg,4661bb6c28bd0daa6be4cd0619bf16badba0b91ff102a8cd887370fb46bdcd56,ea3b95c0953f4ac2,850,850
07,A,AVW-42HJFAE1,11.jpg,Hisense/images-rebuild/2026-09-29/packets/07_H5_A_W/Hisense_images_rebuilt/A/AVW-42HJFAE1/11.jpg,d29f86f763125146c2ba955b4fb6d695a4be78c4f79614293fe87275f5e757f9,ec99923993624fc6,850,850
07,A,AVW-42HJFAE1,01.jpg,Hisense/images-rebuild/2026-09-29/packets/07_H5_A_W/Hisense_images_rebuilt/A/AVW-42HJFAE1/01.jpg,f38dd1bbfaba5b4ba3a142d75ea423a21055ca82d7b2b30276115ce4374e09ec,ba6bc19436cb3171,850,850
07,A,AVW-42HJFAE1,09.jpg,Hisense/images-rebuild/2026-09-29/packets/07_H5_A_W/Hisense_images_rebuilt/A/AVW-42HJFAE1/09.jpg,8b52207aa6a6fd6c0a2018b405114171a050102ae55ff6c630169488a2bee383,b8909a68e6c7936b,850,850
07,A,AVW-42HJFAE1,05.jpg,Hisense/images-rebuild/2026-09-29/packets/07_H5_A_W/Hisense_images_rebuilt/A/AVW-42HJFAE1/05.jpg,833e8140e3d3f9f38a79a5a42f3746185144b4584be1911863268887000347e1,ec39688697c486e7,850,850
07,A,AVW-42HJFAE1,04.jpg,Hisense/images-rebuild/2026-09-29/packets/07_H5_A_W/Hisense_images_rebuilt/A/AVW-42HJFAE1/04.jpg,633418973361793f8b5b9364abdaee90f456b714cf13dc30fecc07e3cbb1c5db,ba81c63e99663699,850,850
07,W HEAT RECOVERY,AVWW-96FKFW1,02.jpg,Hisense/images-rebuild/2026-09-29/packets/07_H5_A_W/Hisense_images_rebuilt/W HEAT RECOVERY/AVWW-96FKFW1/02.jpg,047f09f590a8859329d2f6ee45d98b33439c679d6531065d9b59e365ee218712,e334986b989bcd86,850,850
07,W HEAT RECOVERY,AVWW-96FKFW1,03.jpg,Hisense/images-rebuild/2026-09-29/packets/07_H5_A_W/Hisense_images_rebuilt/W HEAT RECOVERY/AVWW-96FKFW1/03.jpg,6be9ed4f2472b3da978587924cfb310f67b5d7b3978dcc830f04f971936dadda,eb929459943d9635,850,850
07,W HEAT RECOVERY,AVWW-96FKFW1,01.jpg,Hisense/images-rebuild/2026-09-29/packets/07_H5_A_W/Hisense_images_rebuilt/W HEAT RECOVERY/AVWW-96FKFW1/01.jpg,833e8140e3d3f9f38a79a5a42f3746185144b4584be1911863268887000347e1,ec39688697c486e7,850,850
07,W HEAT RECOVERY,AVWW-96FKFW1,05.jpg,Hisense/images-rebuild/2026-09-29/packets/07_H5_A_W/Hisense_images_rebuilt/W HEAT RECOVERY/AVWW-96FKFW1/05.jpg,9cf8be5225a30753882c2504776c988a4453a02bed225771fdfd16890b3910fc,eb92b4db841b843b,850,850
07,W HEAT RECOVERY,AVWW-96FKFW1,04.jpg,Hisense/images-rebuild/2026-09-29/packets/07_H5_A_W/Hisense_images_rebuilt/W HEAT RECOVERY/AVWW-96FKFW1/04.jpg,9c6f95e17d552f1e08fea0735ded1ba0aedd7e047166758a6a850402d0cf4ada,b48ec79b9b398264,850,850
07,W HEAT RECOVERY,AVWW-76FKFW1,02.jpg,Hisense/images-rebuild/2026-09-29/packets/07_H5_A_W/Hisense_images_rebuilt/W HEAT RECOVERY/AVWW-76FKFW1/02.jpg,047f09f590a8859329d2f6ee45d98b33439c679d6531065d9b59e365ee218712,e334986b989bcd86,850,850
07,W HEAT RECOVERY,AVWW-76FKFW1,03.jpg,Hisense/images-rebuild/2026-09-29/packets/07_H5_A_W/Hisense_images_rebuilt/W HEAT RECOVERY/AVWW-76FKFW1/03.jpg,6be9ed4f2472b3da978587924cfb310f67b5d7b3978dcc830f04f971936dadda,eb929459943d9635,850,850
07,W HEAT RECOVERY,AVWW-76FKFW1,01.jpg,Hisense/images-rebuild/2026-09-29/packets/07_H5_A_W/Hisense_images_rebuilt/W HEAT RECOVERY/AVWW-76FKFW1/01.jpg,833e8140e3d3f9f38a79a5a42f3746185144b4584be1911863268887000347e1,ec39688697c486e7,850,850
07,W HEAT RECOVERY,AVWW-76FKFW1,05.jpg,Hisense/images-rebuild/2026-09-29/packets/07_H5_A_W/Hisense_images_rebuilt/W HEAT RECOVERY/AVWW-76FKFW1/05.jpg,9cf8be5225a30753882c2504776c988a4453a02bed225771fdfd16890b3910fc,eb92b4db841b843b,850,850
07,W HEAT RECOVERY,AVWW-76FKFW1,04.jpg,Hisense/images-rebuild/2026-09-29/packets/07_H5_A_W/Hisense_images_rebuilt/W HEAT RECOVERY/AVWW-76FKFW1/04.jpg,9c6f95e17d552f1e08fea0735ded1ba0aedd7e047166758a6a850402d0cf4ada,b48ec79b9b398264,850,850
07,W HEAT RECOVERY,AVWW-154FKFW1,02.jpg,Hisense/images-rebuild/2026-09-29/packets/07_H5_A_W/Hisense_images_rebuilt/W HEAT RECOVERY/AVWW-154FKFW1/02.jpg,047f09f590a8859329d2f6ee45d98b33439c679d6531065d9b59e365ee218712,e334986b989bcd86,850,850
07,W HEAT RECOVERY,AVWW-154FKFW1,03.jpg,Hisense/images-rebuild/2026-09-29/packets/07_H5_A_W/Hisense_images_rebuilt/W HEAT RECOVERY/AVWW-154FKFW1/03.jpg,6be9ed4f2472b3da978587924cfb310f67b5d7b3978dcc830f04f971936dadda,eb929459943d9635,850,850
07,W HEAT RECOVERY,AVWW-154FKFW1,01.jpg,Hisense/images-rebuild/2026-09-29/packets/07_H5_A_W/Hisense_images_rebuilt/W HEAT RECOVERY/AVWW-154FKFW1/01.jpg,833e8140e3d3f9f38a79a5a42f3746185144b4584be1911863268887000347e1,ec39688697c486e7,850,850
07,W HEAT RECOVERY,AVWW-154FKFW1,05.jpg,Hisense/images-rebuild/2026-09-29/packets/07_H5_A_W/Hisense_images_rebuilt/W HEAT RECOVERY/AVWW-154FKFW1/05.jpg,9cf8be5225a30753882c2504776c988a4453a02bed225771fdfd16890b3910fc,eb92b4db841b843b,850,850
07,W HEAT RECOVERY,AVWW-154FKFW1,04.jpg,Hisense/images-rebuild/2026-09-29/packets/07_H5_A_W/Hisense_images_rebuilt/W HEAT RECOVERY/AVWW-154FKFW1/04.jpg,9c6f95e17d552f1e08fea0735ded1ba0aedd7e047166758a6a850402d0cf4ada,b48ec79b9b398264,850,850
07,W HEAT RECOVERY,AVWW-170FKFW1,02.jpg,Hisense/images-rebuild/2026-09-29/packets/07_H5_A_W/Hisense_images_rebuilt/W HEAT RECOVERY/AVWW-170FKFW1/02.jpg,047f09f590a8859329d2f6ee45d98b33439c679d6531065d9b59e365ee218712,e334986b989bcd86,850,850
07,W HEAT RECOVERY,AVWW-170FKFW1,03.jpg,Hisense/images-rebuild/2026-09-29/packets/07_H5_A_W/Hisense_images_rebuilt/W HEAT RECOVERY/AVWW-170FKFW1/03.jpg,6be9ed4f2472b3da978587924cfb310f67b5d7b3978dcc830f04f971936dadda,eb929459943d9635,850,850
07,W HEAT RECOVERY,AVWW-170FKFW1,01.jpg,Hisense/images-rebuild/2026-09-29/packets/07_H5_A_W/Hisense_images_rebuilt/W HEAT RECOVERY/AVWW-170FKFW1/01.jpg,833e8140e3d3f9f38a79a5a42f3746185144b4584be1911863268887000347e1,ec39688697c486e7,850,850
07,W HEAT RECOVERY,AVWW-170FKFW1,05.jpg,Hisense/images-rebuild/2026-09-29/packets/07_H5_A_W/Hisense_images_rebuilt/W HEAT RECOVERY/AVWW-170FKFW1/05.jpg,9cf8be5225a30753882c2504776c988a4453a02bed225771fdfd16890b3910fc,eb92b4db841b843b,850,850
07,W HEAT RECOVERY,AVWW-170FKFW1,04.jpg,Hisense/images-rebuild/2026-09-29/packets/07_H5_A_W/Hisense_images_rebuilt/W HEAT RECOVERY/AVWW-170FKFW1/04.jpg,9c6f95e17d552f1e08fea0735ded1ba0aedd7e047166758a6a850402d0cf4ada,b48ec79b9b398264,850,850
07,W HEAT RECOVERY,AVWW-136FKFW1,02.jpg,Hisense/images-rebuild/2026-09-29/packets/07_H5_A_W/Hisense_images_rebuilt/W HEAT RECOVERY/AVWW-136FKFW1/02.jpg,047f09f590a8859329d2f6ee45d98b33439c679d6531065d9b59e365ee218712,e334986b989bcd86,850,850
07,W HEAT RECOVERY,AVWW-136FKFW1,03.jpg,Hisense/images-rebuild/2026-09-29/packets/07_H5_A_W/Hisense_images_rebuilt/W HEAT RECOVERY/AVWW-136FKFW1/03.jpg,6be9ed4f2472b3da978587924cfb310f67b5d7b3978dcc830f04f971936dadda,eb929459943d9635,850,850
07,W HEAT RECOVERY,AVWW-136FKFW1,01.jpg,Hisense/images-rebuild/2026-09-29/packets/07_H5_A_W/Hisense_images_rebuilt/W HEAT RECOVERY/AVWW-136FKFW1/01.jpg,833e8140e3d3f9f38a79a5a42f3746185144b4584be1911863268887000347e1,ec39688697c486e7,850,850
07,W HEAT RECOVERY,AVWW-136FKFW1,05.jpg,Hisense/images-rebuild/2026-09-29/packets/07_H5_A_W/Hisense_images_rebuilt/W HEAT RECOVERY/AVWW-136FKFW1/05.jpg,9cf8be5225a30753882c2504776c988a4453a02bed225771fdfd16890b3910fc,eb92b4db841b843b,850,850
07,W HEAT RECOVERY,AVWW-136FKFW1,04.jpg,Hisense/images-rebuild/2026-09-29/packets/07_H5_A_W/Hisense_images_rebuilt/W HEAT RECOVERY/AVWW-136FKFW1/04.jpg,9c6f95e17d552f1e08fea0735ded1ba0aedd7e047166758a6a850402d0cf4ada,b48ec79b9b398264,850,850
07,W HEAT RECOVERY,AVWW-114FKFW1,02.jpg,Hisense/images-rebuild/2026-09-29/packets/07_H5_A_W/Hisense_images_rebuilt/W HEAT RECOVERY/AVWW-114FKFW1/02.jpg,047f09f590a8859329d2f6ee45d98b33439c679d6531065d9b59e365ee218712,e334986b989bcd86,850,850
07,W HEAT RECOVERY,AVWW-114FKFW1,03.jpg,Hisense/images-rebuild/2026-09-29/packets/07_H5_A_W/Hisense_images_rebuilt/W HEAT RECOVERY/AVWW-114FKFW1/03.jpg,6be9ed4f2472b3da978587924cfb310f67b5d7b3978dcc830f04f971936dadda,eb929459943d9635,850,850
07,W HEAT RECOVERY,AVWW-114FKFW1,01.jpg,Hisense/images-rebuild/2026-09-29/packets/07_H5_A_W/Hisense_images_rebuilt/W HEAT RECOVERY/AVWW-114FKFW1/01.jpg,833e8140e3d3f9f38a79a5a42f3746185144b4584be1911863268887000347e1,ec39688697c486e7,850,850
07,W HEAT RECOVERY,AVWW-114FKFW1,05.jpg,Hisense/images-rebuild/2026-09-29/packets/07_H5_A_W/Hisense_images_rebuilt/W HEAT RECOVERY/AVWW-114FKFW1/05.jpg,9cf8be5225a30753882c2504776c988a4453a02bed225771fdfd16890b3910fc,eb92b4db841b843b,850,850
07,W HEAT RECOVERY,AVWW-114FKFW1,04.jpg,Hisense/images-rebuild/2026-09-29/packets/07_H5_A_W/Hisense_images_rebuilt/W HEAT RECOVERY/AVWW-114FKFW1/04.jpg,9c6f95e17d552f1e08fea0735ded1ba0aedd7e047166758a6a850402d0cf4ada,b48ec79b9b398264,850,850
07,W HEAT RECOVERY,AVWW-190FKFW1,02.jpg,Hisense/images-rebuild/2026-09-29/packets/07_H5_A_W/Hisense_images_rebuilt/W HEAT RECOVERY/AVWW-190FKFW1/02.jpg,047f09f590a8859329d2f6ee45d98b33439c679d6531065d9b59e365ee218712,e334986b989bcd86,850,850
07,W HEAT RECOVERY,AVWW-190FKFW1,03.jpg,Hisense/images-rebuild/2026-09-29/packets/07_H5_A_W/Hisense_images_rebuilt/W HEAT RECOVERY/AVWW-190FKFW1/03.jpg,6be9ed4f2472b3da978587924cfb310f67b5d7b3978dcc830f04f971936dadda,eb929459943d9635,850,850
07,W HEAT RECOVERY,AVWW-190FKFW1,01.jpg,Hisense/images-rebuild/2026-09-29/packets/07_H5_A_W/Hisense_images_rebuilt/W HEAT RECOVERY/AVWW-190FKFW1/01.jpg,833e8140e3d3f9f38a79a5a42f3746185144b4584be1911863268887000347e1,ec39688697c486e7,850,850
07,W HEAT RECOVERY,AVWW-190FKFW1,05.jpg,Hisense/images-rebuild/2026-09-29/packets/07_H5_A_W/Hisense_images_rebuilt/W HEAT RECOVERY/AVWW-190FKFW1/05.jpg,9cf8be5225a30753882c2504776c988a4453a02bed225771fdfd16890b3910fc,eb92b4db841b843b,850,850
07,W HEAT RECOVERY,AVWW-190FKFW1,04.jpg,Hisense/images-rebuild/2026-09-29/packets/07_H5_A_W/Hisense_images_rebuilt/W HEAT RECOVERY/AVWW-190FKFW1/04.jpg,9c6f95e17d552f1e08fea0735ded1ba0aedd7e047166758a6a850402d0cf4ada,b48ec79b9b398264,850,850
12,MACS,MACS-I-PD266P4K,01.jpg,Hisense/images-rebuild/2026-09-29/packets/12_MACS_D_C/Hisense_images_rebuilt/MACS/MACS-I-PD266P4K/01.jpg,8ad83ce2a925a46918033404bce5f9bb51c0576d96d84b2bdae2fab6bb6a5bac,fb62849d6b621eb0,850,850
12,MACS,MACS-I-PD270P4K,01.jpg,Hisense/images-rebuild/2026-09-29/packets/12_MACS_D_C/Hisense_images_rebuilt/MACS/MACS-I-PD270P4K/01.jpg,8ad83ce2a925a46918033404bce5f9bb51c0576d96d84b2bdae2fab6bb6a5bac,fb62849d6b621eb0,850,850
12,MACS,MACS-I-PD136P4K,01.jpg,Hisense/images-rebuild/2026-09-29/packets/12_MACS_D_C/Hisense_images_rebuilt/MACS/MACS-I-PD136P4K/01.jpg,8ad83ce2a925a46918033404bce5f9bb51c0576d96d84b2bdae2fab6bb6a5bac,fb62849d6b621eb0,850,850
12,MACS,MACS-I-PD60P4K,01.jpg,Hisense/images-rebuild/2026-09-29/packets/12_MACS_D_C/Hisense_images_rebuilt/MACS/MACS-I-PD60P4K/01.jpg,8ad83ce2a925a46918033404bce5f9bb51c0576d96d84b2bdae2fab6bb6a5bac,fb62849d6b621eb0,850,850
12,MACS,MACS-I-PD176P4K,01.jpg,Hisense/images-rebuild/2026-09-29/packets/12_MACS_D_C/Hisense_images_rebuilt/MACS/MACS-I-PD176P4K/01.jpg,8ad83ce2a925a46918033404bce5f9bb51c0576d96d84b2bdae2fab6bb6a5bac,fb62849d6b621eb0,850,850
12,MACS,MACS-I-PD315P4K,01.jpg,Hisense/images-rebuild/2026-09-29/packets/12_MACS_D_C/Hisense_images_rebuilt/MACS/MACS-I-PD315P4K/01.jpg,8ad83ce2a925a46918033404bce5f9bb51c0576d96d84b2bdae2fab6bb6a5bac,fb62849d6b621eb0,850,850
12,MACS,MACS-I-PD66P4K,01.jpg,Hisense/images-rebuild/2026-09-29/packets/12_MACS_D_C/Hisense_images_rebuilt/MACS/MACS-I-PD66P4K/01.jpg,8ad83ce2a925a46918033404bce5f9bb51c0576d96d84b2bdae2fab6bb6a5bac,fb62849d6b621eb0,850,850
12,MACS,MACS-I-PD226P4K,01.jpg,Hisense/images-rebuild/2026-09-29/packets/12_MACS_D_C/Hisense_images_rebuilt/MACS/MACS-I-PD226P4K/01.jpg,8ad83ce2a925a46918033404bce5f9bb51c0576d96d84b2bdae2fab6bb6a5bac,fb62849d6b621eb0,850,850
12,MACS,MACS-I-PD75P4K,01.jpg,Hisense/images-rebuild/2026-09-29/packets/12_MACS_D_C/Hisense_images_rebuilt/MACS/MACS-I-PD75P4K/01.jpg,8ad83ce2a925a46918033404bce5f9bb51c0576d96d84b2bdae2fab6bb6a5bac,fb62849d6b621eb0,850,850
12,MACS,MACS-I-PD330P2K,01.jpg,Hisense/images-rebuild/2026-09-29/packets/12_MACS_D_C/Hisense_images_rebuilt/MACS/MACS-I-PD330P2K/01.jpg,b30f7fbbcbb4f461450628231b9ed75a44b794d4c5cdf47bb445dadc23ca8ee5,fb62849d6b621eb0,850,850
12,MACS,MACS-I-PD135P4K,01.jpg,Hisense/images-rebuild/2026-09-29/packets/12_MACS_D_C/Hisense_images_rebuilt/MACS/MACS-I-PD135P4K/01.jpg,8ad83ce2a925a46918033404bce5f9bb51c0576d96d84b2bdae2fab6bb6a5bac,fb62849d6b621eb0,850,850
12,MACS,MACS-I-PD76P4K,01.jpg,Hisense/images-rebuild/2026-09-29/packets/12_MACS_D_C/Hisense_images_rebuilt/MACS/MACS-I-PD76P4K/01.jpg,8ad83ce2a925a46918033404bce5f9bb51c0576d96d84b2bdae2fab6bb6a5bac,fb62849d6b621eb0,850,850
12,MACS,MACS-I-PD116P4K,01.jpg,Hisense/images-rebuild/2026-09-29/packets/12_MACS_D_C/Hisense_images_rebuilt/MACS/MACS-I-PD116P4K/01.jpg,8ad83ce2a925a46918033404bce5f9bb51c0576d96d84b2bdae2fab6bb6a5bac,fb62849d6b621eb0,850,850
12,MACS,MACS-I-PD280P2K,01.jpg,Hisense/images-rebuild/2026-09-29/packets/12_MACS_D_C/Hisense_images_rebuilt/MACS/MACS-I-PD280P2K/01.jpg,b30f7fbbcbb4f461450628231b9ed75a44b794d4c5cdf47bb445dadc23ca8ee5,fb62849d6b621eb0,850,850
12,MACS,MACS-I-PD96P4K,01.jpg,Hisense/images-rebuild/2026-09-29/packets/12_MACS_D_C/Hisense_images_rebuilt/MACS/MACS-I-PD96P4K/01.jpg,8ad83ce2a925a46918033404bce5f9bb51c0576d96d84b2bdae2fab6bb6a5bac,fb62849d6b621eb0,850,850
12,MACS,MACS-I-PD380P2K,01.jpg,Hisense/images-rebuild/2026-09-29/packets/12_MACS_D_C/Hisense_images_rebuilt/MACS/MACS-I-PD380P2K/01.jpg,b30f7fbbcbb4f461450628231b9ed75a44b794d4c5cdf47bb445dadc23ca8ee5,fb62849d6b621eb0,850,850
12,MACS,MACS-I-PD210P4K,01.jpg,Hisense/images-rebuild/2026-09-29/packets/12_MACS_D_C/Hisense_images_rebuilt/MACS/MACS-I-PD210P4K/01.jpg,8ad83ce2a925a46918033404bce5f9bb51c0576d96d84b2bdae2fab6bb6a5bac,fb62849d6b621eb0,850,850
12,MACS,MACS-I-PD90P4K,01.jpg,Hisense/images-rebuild/2026-09-29/packets/12_MACS_D_C/Hisense_images_rebuilt/MACS/MACS-I-PD90P4K/01.jpg,8ad83ce2a925a46918033404bce5f9bb51c0576d96d84b2bdae2fab6bb6a5bac,fb62849d6b621eb0,850,850
12,MACS,MACS-I-PD160P4K,01.jpg,Hisense/images-rebuild/2026-09-29/packets/12_MACS_D_C/Hisense_images_rebuilt/MACS/MACS-I-PD160P4K/01.jpg,8ad83ce2a925a46918033404bce5f9bb51c0576d96d84b2bdae2fab6bb6a5bac,fb62849d6b621eb0,850,850
12,MACS,MACS-I-PD270P2K,01.jpg,Hisense/images-rebuild/2026-09-29/packets/12_MACS_D_C/Hisense_images_rebuilt/MACS/MACS-I-PD270P2K/01.jpg,b30f7fbbcbb4f461450628231b9ed75a44b794d4c5cdf47bb445dadc23ca8ee5,fb62849d6b621eb0,850,850
12,MACS,MACS-I-PD51P4K,01.jpg,Hisense/images-rebuild/2026-09-29/packets/12_MACS_D_C/Hisense_images_rebuilt/MACS/MACS-I-PD51P4K/01.jpg,8ad83ce2a925a46918033404bce5f9bb51c0576d96d84b2bdae2fab6bb6a5bac,fb62849d6b621eb0,850,850
12,MACS,MACS-I-PD420P2K,01.jpg,Hisense/images-rebuild/2026-09-29/packets/12_MACS_D_C/Hisense_images_rebuilt/MACS/MACS-I-PD420P2K/01.jpg,b30f7fbbcbb4f461450628231b9ed75a44b794d4c5cdf47bb445dadc23ca8ee5,fb62849d6b621eb0,850,850
12,MACS,MACS-I-PD115P4K,01.jpg,Hisense/images-rebuild/2026-09-29/packets/12_MACS_D_C/Hisense_images_rebuilt/MACS/MACS-I-PD115P4K/01.jpg,8ad83ce2a925a46918033404bce5f9bb51c0576d96d84b2bdae2fab6bb6a5bac,fb62849d6b621eb0,850,850
03,AVF-H2FDA,AVF-48H2FDA,02.jpg,Hisense/images-rebuild/2026-09-29/packets/03_AVS_AVF/Hisense_images_rebuilt/AVF-H2FDA/AVF-48H2FDA/02.jpg,cba07777bf8d6e3f946a8becf20c56691970611ab3f8ae176a3012f6b1b783c3,e9386d3892c792c7,850,850
03,AVF-H2FDA,AVF-48H2FDA,03.jpg,Hisense/images-rebuild/2026-09-29/packets/03_AVS_AVF/Hisense_images_rebuilt/AVF-H2FDA/AVF-48H2FDA/03.jpg,9c2623eab0ee45f2ca494c3cb927cf82aff1e2ee9c301d89701df38aa87eee62,e6999b648c649b33,850,850
03,AVF-H2FDA,AVF-48H2FDA,01.jpg,Hisense/images-rebuild/2026-09-29/packets/03_AVS_AVF/Hisense_images_rebuilt/AVF-H2FDA/AVF-48H2FDA/01.jpg,44fc9421bdb3678557e90a906840a9d1605666e866906f44af0cd58e8d2db884,b33399cccccc8c33,850,850
03,AVF-H2FDA,AVF-48H2FDA,05.jpg,Hisense/images-rebuild/2026-09-29/packets/03_AVS_AVF/Hisense_images_rebuilt/AVF-H2FDA/AVF-48H2FDA/05.jpg,367ca319da06a4b9dabe7e5b947bd6c586e4a4914a8f020a453ac7afc9927ef0,b030ce32cfcf9b84,850,850
03,AVF-H2FDA,AVF-48H2FDA,04.jpg,Hisense/images-rebuild/2026-09-29/packets/03_AVS_AVF/Hisense_images_rebuilt/AVF-H2FDA/AVF-48H2FDA/04.jpg,fa7266e32ff3d2d0dc1659c518a09789094e2fb5f61ee2d9d53bf4c7ffb96137,b2c9cc31cdc9ce32,850,850
03,AVF-H2FDA,AVF-96H2FDA,02.jpg,Hisense/images-rebuild/2026-09-29/packets/03_AVS_AVF/Hisense_images_rebuilt/AVF-H2FDA/AVF-96H2FDA/02.jpg,cba07777bf8d6e3f946a8becf20c56691970611ab3f8ae176a3012f6b1b783c3,e9386d3892c792c7,850,850
03,AVF-H2FDA,AVF-96H2FDA,03.jpg,Hisense/images-rebuild/2026-09-29/packets/03_AVS_AVF/Hisense_images_rebuilt/AVF-H2FDA/AVF-96H2FDA/03.jpg,9c2623eab0ee45f2ca494c3cb927cf82aff1e2ee9c301d89701df38aa87eee62,e6999b648c649b33,850,850
03,AVF-H2FDA,AVF-96H2FDA,01.jpg,Hisense/images-rebuild/2026-09-29/packets/03_AVS_AVF/Hisense_images_rebuilt/AVF-H2FDA/AVF-96H2FDA/01.jpg,44fc9421bdb3678557e90a906840a9d1605666e866906f44af0cd58e8d2db884,b33399cccccc8c33,850,850
03,AVF-H2FDA,AVF-96H2FDA,05.jpg,Hisense/images-rebuild/2026-09-29/packets/03_AVS_AVF/Hisense_images_rebuilt/AVF-H2FDA/AVF-96H2FDA/05.jpg,367ca319da06a4b9dabe7e5b947bd6c586e4a4914a8f020a453ac7afc9927ef0,b030ce32cfcf9b84,850,850
03,AVF-H2FDA,AVF-96H2FDA,04.jpg,Hisense/images-rebuild/2026-09-29/packets/03_AVS_AVF/Hisense_images_rebuilt/AVF-H2FDA/AVF-96H2FDA/04.jpg,fa7266e32ff3d2d0dc1659c518a09789094e2fb5f61ee2d9d53bf4c7ffb96137,b2c9cc31cdc9ce32,850,850
03,AVF-H2FDA,AVF-36H2FDA,02.jpg,Hisense/images-rebuild/2026-09-29/packets/03_AVS_AVF/Hisense_images_rebuilt/AVF-H2FDA/AVF-36H2FDA/02.jpg,cba07777bf8d6e3f946a8becf20c56691970611ab3f8ae176a3012f6b1b783c3,e9386d3892c792c7,850,850
03,AVF-H2FDA,AVF-36H2FDA,03.jpg,Hisense/images-rebuild/2026-09-29/packets/03_AVS_AVF/Hisense_images_rebuilt/AVF-H2FDA/AVF-36H2FDA/03.jpg,9c2623eab0ee45f2ca494c3cb927cf82aff1e2ee9c301d89701df38aa87eee62,e6999b648c649b33,850,850
03,AVF-H2FDA,AVF-36H2FDA,01.jpg,Hisense/images-rebuild/2026-09-29/packets/03_AVS_AVF/Hisense_images_rebuilt/AVF-H2FDA/AVF-36H2FDA/01.jpg,44fc9421bdb3678557e90a906840a9d1605666e866906f44af0cd58e8d2db884,b33399cccccc8c33,850,850
03,AVF-H2FDA,AVF-36H2FDA,05.jpg,Hisense/images-rebuild/2026-09-29/packets/03_AVS_AVF/Hisense_images_rebuilt/AVF-H2FDA/AVF-36H2FDA/05.jpg,367ca319da06a4b9dabe7e5b947bd6c586e4a4914a8f020a453ac7afc9927ef0,b030ce32cfcf9b84,850,850
03,AVF-H2FDA,AVF-36H2FDA,04.jpg,Hisense/images-rebuild/2026-09-29/packets/03_AVS_AVF/Hisense_images_rebuilt/AVF-H2FDA/AVF-36H2FDA/04.jpg,fa7266e32ff3d2d0dc1659c518a09789094e2fb5f61ee2d9d53bf4c7ffb96137,b2c9cc31cdc9ce32,850,850
03,AVF-H2FDA,AVF-56H2FDA,02.jpg,Hisense/images-rebuild/2026-09-29/packets/03_AVS_AVF/Hisense_images_rebuilt/AVF-H2FDA/AVF-56H2FDA/02.jpg,cba07777bf8d6e3f946a8becf20c56691970611ab3f8ae176a3012f6b1b783c3,e9386d3892c792c7,850,850
03,AVF-H2FDA,AVF-56H2FDA,03.jpg,Hisense/images-rebuild/2026-09-29/packets/03_AVS_AVF/Hisense_images_rebuilt/AVF-H2FDA/AVF-56H2FDA/03.jpg,9c2623eab0ee45f2ca494c3cb927cf82aff1e2ee9c301d89701df38aa87eee62,e6999b648c649b33,850,850
03,AVF-H2FDA,AVF-56H2FDA,01.jpg,Hisense/images-rebuild/2026-09-29/packets/03_AVS_AVF/Hisense_images_rebuilt/AVF-H2FDA/AVF-56H2FDA/01.jpg,44fc9421bdb3678557e90a906840a9d1605666e866906f44af0cd58e8d2db884,b33399cccccc8c33,850,850
03,AVF-H2FDA,AVF-56H2FDA,05.jpg,Hisense/images-rebuild/2026-09-29/packets/03_AVS_AVF/Hisense_images_rebuilt/AVF-H2FDA/AVF-56H2FDA/05.jpg,367ca319da06a4b9dabe7e5b947bd6c586e4a4914a8f020a453ac7afc9927ef0,b030ce32cfcf9b84,850,850
03,AVF-H2FDA,AVF-56H2FDA,04.jpg,Hisense/images-rebuild/2026-09-29/packets/03_AVS_AVF/Hisense_images_rebuilt/AVF-H2FDA/AVF-56H2FDA/04.jpg,fa7266e32ff3d2d0dc1659c518a09789094e2fb5f61ee2d9d53bf4c7ffb96137,b2c9cc31cdc9ce32,850,850
03,AVS-HJDTD,AVS-09HJDTD,02.jpg,Hisense/images-rebuild/2026-09-29/packets/03_AVS_AVF/Hisense_images_rebuilt/AVS-HJDTD/AVS-09HJDTD/02.jpg,833e8140e3d3f9f38a79a5a42f3746185144b4584be1911863268887000347e1,ec39688697c486e7,850,850
03,AVS-HJDTD,AVS-09HJDTD,08.jpg,Hisense/images-rebuild/2026-09-29/packets/03_AVS_AVF/Hisense_images_rebuilt/AVS-HJDTD/AVS-09HJDTD/08.jpg,747f32a8d9b91ab0e3729446cd2269a3608511e990b9cf2112d01e16a7717f83,fb84843a7bc42d9a,850,850
03,AVS-HJDTD,AVS-09HJDTD,06.jpg,Hisense/images-rebuild/2026-09-29/packets/03_AVS_AVF/Hisense_images_rebuilt/AVS-HJDTD/AVS-09HJDTD/06.jpg,d33cc8f30fab984c37ab296e87e359f87469f0ad058868d736ef78c055784fc5,fa8585723e8de072,850,850
03,AVS-HJDTD,AVS-09HJDTD,03.jpg,Hisense/images-rebuild/2026-09-29/packets/03_AVS_AVF/Hisense_images_rebuilt/AVS-HJDTD/AVS-09HJDTD/03.jpg,047f09f590a8859329d2f6ee45d98b33439c679d6531065d9b59e365ee218712,e334986b989bcd86,850,850
03,AVS-HJDTD,AVS-09HJDTD,07.jpg,Hisense/images-rebuild/2026-09-29/packets/03_AVS_AVF/Hisense_images_rebuilt/AVS-HJDTD/AVS-09HJDTD/07.jpg,130da847ad4fa3319d6c3bd4f17f64f7e22e5d423451a06ec2e2d1170d7efc60,bb85c06a62853f7a,850,850
03,AVS-HJDTD,AVS-09HJDTD,01.jpg,Hisense/images-rebuild/2026-09-29/packets/03_AVS_AVF/Hisense_images_rebuilt/AVS-HJDTD/AVS-09HJDTD/01.jpg,ccac346ab3c1ac07f5a5e02cb73f636bd1dccf065dcf82b83e15fe36fcce6007,fec0853f4a943e4a,850,850
03,AVS-HJDTD,AVS-09HJDTD,05.jpg,Hisense/images-rebuild/2026-09-29/packets/03_AVS_AVF/Hisense_images_rebuilt/AVS-HJDTD/AVS-09HJDTD/05.jpg,bf73766f81629d965aefeb4e3cd2d3b7f268911bfedf8448da4e71d6e4f8c8e5,ecc3923465db3865,850,850
03,AVS-HJDTD,AVS-09HJDTD,04.jpg,Hisense/images-rebuild/2026-09-29/packets/03_AVS_AVF/Hisense_images_rebuilt/AVS-HJDTD/AVS-09HJDTD/04.jpg,cf679b8f514d0d0b8d74ed069c9b2157cacb22f059d42805736dc777fd75b3f2,be6dc0923e6dc1c8,850,850
03,AVS-HJDTD,AVS-12HJDTD,02.jpg,Hisense/images-rebuild/2026-09-29/packets/03_AVS_AVF/Hisense_images_rebuilt/AVS-HJDTD/AVS-12HJDTD/02.jpg,833e8140e3d3f9f38a79a5a42f3746185144b4584be1911863268887000347e1,ec39688697c486e7,850,850
03,AVS-HJDTD,AVS-12HJDTD,08.jpg,Hisense/images-rebuild/2026-09-29/packets/03_AVS_AVF/Hisense_images_rebuilt/AVS-HJDTD/AVS-12HJDTD/08.jpg,747f32a8d9b91ab0e3729446cd2269a3608511e990b9cf2112d01e16a7717f83,fb84843a7bc42d9a,850,850
03,AVS-HJDTD,AVS-12HJDTD,06.jpg,Hisense/images-rebuild/2026-09-29/packets/03_AVS_AVF/Hisense_images_rebuilt/AVS-HJDTD/AVS-12HJDTD/06.jpg,d33cc8f30fab984c37ab296e87e359f87469f0ad058868d736ef78c055784fc5,fa8585723e8de072,850,850
03,AVS-HJDTD,AVS-12HJDTD,03.jpg,Hisense/images-rebuild/2026-09-29/packets/03_AVS_AVF/Hisense_images_rebuilt/AVS-HJDTD/AVS-12HJDTD/03.jpg,047f09f590a8859329d2f6ee45d98b33439c679d6531065d9b59e365ee218712,e334986b989bcd86,850,850
03,AVS-HJDTD,AVS-12HJDTD,07.jpg,Hisense/images-rebuild/2026-09-29/packets/03_AVS_AVF/Hisense_images_rebuilt/AVS-HJDTD/AVS-12HJDTD/07.jpg,130da847ad4fa3319d6c3bd4f17f64f7e22e5d423451a06ec2e2d1170d7efc60,bb85c06a62853f7a,850,850
03,AVS-HJDTD,AVS-12HJDTD,01.jpg,Hisense/images-rebuild/2026-09-29/packets/03_AVS_AVF/Hisense_images_rebuilt/AVS-HJDTD/AVS-12HJDTD/01.jpg,ccac346ab3c1ac07f5a5e02cb73f636bd1dccf065dcf82b83e15fe36fcce6007,fec0853f4a943e4a,850,850
03,AVS-HJDTD,AVS-12HJDTD,05.jpg,Hisense/images-rebuild/2026-09-29/packets/03_AVS_AVF/Hisense_images_rebuilt/AVS-HJDTD/AVS-12HJDTD/05.jpg,bf73766f81629d965aefeb4e3cd2d3b7f268911bfedf8448da4e71d6e4f8c8e5,ecc3923465db3865,850,850
03,AVS-HJDTD,AVS-12HJDTD,04.jpg,Hisense/images-rebuild/2026-09-29/packets/03_AVS_AVF/Hisense_images_rebuilt/AVS-HJDTD/AVS-12HJDTD/04.jpg,cf679b8f514d0d0b8d74ed069c9b2157cacb22f059d42805736dc777fd75b3f2,be6dc0923e6dc1c8,850,850
03,AVS-HJDTD,AVS-07HJDTD,02.jpg,Hisense/images-rebuild/2026-09-29/packets/03_AVS_AVF/Hisense_images_rebuilt/AVS-HJDTD/AVS-07HJDTD/02.jpg,833e8140e3d3f9f38a79a5a42f3746185144b4584be1911863268887000347e1,ec39688697c486e7,850,850
03,AVS-HJDTD,AVS-07HJDTD,08.jpg,Hisense/images-rebuild/2026-09-29/packets/03_AVS_AVF/Hisense_images_rebuilt/AVS-HJDTD/AVS-07HJDTD/08.jpg,747f32a8d9b91ab0e3729446cd2269a3608511e990b9cf2112d01e16a7717f83,fb84843a7bc42d9a,850,850
03,AVS-HJDTD,AVS-07HJDTD,06.jpg,Hisense/images-rebuild/2026-09-29/packets/03_AVS_AVF/Hisense_images_rebuilt/AVS-HJDTD/AVS-07HJDTD/06.jpg,d33cc8f30fab984c37ab296e87e359f87469f0ad058868d736ef78c055784fc5,fa8585723e8de072,850,850
03,AVS-HJDTD,AVS-07HJDTD,03.jpg,Hisense/images-rebuild/2026-09-29/packets/03_AVS_AVF/Hisense_images_rebuilt/AVS-HJDTD/AVS-07HJDTD/03.jpg,047f09f590a8859329d2f6ee45d98b33439c679d6531065d9b59e365ee218712,e334986b989bcd86,850,850
03,AVS-HJDTD,AVS-07HJDTD,07.jpg,Hisense/images-rebuild/2026-09-29/packets/03_AVS_AVF/Hisense_images_rebuilt/AVS-HJDTD/AVS-07HJDTD/07.jpg,130da847ad4fa3319d6c3bd4f17f64f7e22e5d423451a06ec2e2d1170d7efc60,bb85c06a62853f7a,850,850
03,AVS-HJDTD,AVS-07HJDTD,01.jpg,Hisense/images-rebuild/2026-09-29/packets/03_AVS_AVF/Hisense_images_rebuilt/AVS-HJDTD/AVS-07HJDTD/01.jpg,ccac346ab3c1ac07f5a5e02cb73f636bd1dccf065dcf82b83e15fe36fcce6007,fec0853f4a943e4a,850,850
03,AVS-HJDTD,AVS-07HJDTD,05.jpg,Hisense/images-rebuild/2026-09-29/packets/03_AVS_AVF/Hisense_images_rebuilt/AVS-HJDTD/AVS-07HJDTD/05.jpg,bf73766f81629d965aefeb4e3cd2d3b7f268911bfedf8448da4e71d6e4f8c8e5,ecc3923465db3865,850,850
03,AVS-HJDTD,AVS-07HJDTD,04.jpg,Hisense/images-rebuild/2026-09-29/packets/03_AVS_AVF/Hisense_images_rebuilt/AVS-HJDTD/AVS-07HJDTD/04.jpg,cf679b8f514d0d0b8d74ed069c9b2157cacb22f059d42805736dc777fd75b3f2,be6dc0923e6dc1c8,850,850
03,AVS-HJDTD,AVS-05HJDTD,02.jpg,Hisense/images-rebuild/2026-09-29/packets/03_AVS_AVF/Hisense_images_rebuilt/AVS-HJDTD/AVS-05HJDTD/02.jpg,833e8140e3d3f9f38a79a5a42f3746185144b4584be1911863268887000347e1,ec39688697c486e7,850,850
03,AVS-HJDTD,AVS-05HJDTD,08.jpg,Hisense/images-rebuild/2026-09-29/packets/03_AVS_AVF/Hisense_images_rebuilt/AVS-HJDTD/AVS-05HJDTD/08.jpg,747f32a8d9b91ab0e3729446cd2269a3608511e990b9cf2112d01e16a7717f83,fb84843a7bc42d9a,850,850
03,AVS-HJDTD,AVS-05HJDTD,06.jpg,Hisense/images-rebuild/2026-09-29/packets/03_AVS_AVF/Hisense_images_rebuilt/AVS-HJDTD/AVS-05HJDTD/06.jpg,d33cc8f30fab984c37ab296e87e359f87469f0ad058868d736ef78c055784fc5,fa8585723e8de072,850,850
03,AVS-HJDTD,AVS-05HJDTD,03.jpg,Hisense/images-rebuild/2026-09-29/packets/03_AVS_AVF/Hisense_images_rebuilt/AVS-HJDTD/AVS-05HJDTD/03.jpg,047f09f590a8859329d2f6ee45d98b33439c679d6531065d9b59e365ee218712,e334986b989bcd86,850,850
03,AVS-HJDTD,AVS-05HJDTD,07.jpg,Hisense/images-rebuild/2026-09-29/packets/03_AVS_AVF/Hisense_images_rebuilt/AVS-HJDTD/AVS-05HJDTD/07.jpg,130da847ad4fa3319d6c3bd4f17f64f7e22e5d423451a06ec2e2d1170d7efc60,bb85c06a62853f7a,850,850
03,AVS-HJDTD,AVS-05HJDTD,01.jpg,Hisense/images-rebuild/2026-09-29/packets/03_AVS_AVF/Hisense_images_rebuilt/AVS-HJDTD/AVS-05HJDTD/01.jpg,ccac346ab3c1ac07f5a5e02cb73f636bd1dccf065dcf82b83e15fe36fcce6007,fec0853f4a943e4a,850,850
03,AVS-HJDTD,AVS-05HJDTD,05.jpg,Hisense/images-rebuild/2026-09-29/packets/03_AVS_AVF/Hisense_images_rebuilt/AVS-HJDTD/AVS-05HJDTD/05.jpg,bf73766f81629d965aefeb4e3cd2d3b7f268911bfedf8448da4e71d6e4f8c8e5,ecc3923465db3865,850,850
03,AVS-HJDTD,AVS-05HJDTD,04.jpg,Hisense/images-rebuild/2026-09-29/packets/03_AVS_AVF/Hisense_images_rebuilt/AVS-HJDTD/AVS-05HJDTD/04.jpg,cf679b8f514d0d0b8d74ed069c9b2157cacb22f059d42805736dc777fd75b3f2,be6dc0923e6dc1c8,850,850
03,AVS-HJDTD,AVS-28HJDTD,02.jpg,Hisense/images-rebuild/2026-09-29/packets/03_AVS_AVF/Hisense_images_rebuilt/AVS-HJDTD/AVS-28HJDTD/02.jpg,833e8140e3d3f9f38a79a5a42f3746185144b4584be1911863268887000347e1,ec39688697c486e7,850,850
03,AVS-HJDTD,AVS-28HJDTD,06.jpg,Hisense/images-rebuild/2026-09-29/packets/03_AVS_AVF/Hisense_images_rebuilt/AVS-HJDTD/AVS-28HJDTD/06.jpg,d33cc8f30fab984c37ab296e87e359f87469f0ad058868d736ef78c055784fc5,fa8585723e8de072,850,850
03,AVS-HJDTD,AVS-28HJDTD,03.jpg,Hisense/images-rebuild/2026-09-29/packets/03_AVS_AVF/Hisense_images_rebuilt/AVS-HJDTD/AVS-28HJDTD/03.jpg,047f09f590a8859329d2f6ee45d98b33439c679d6531065d9b59e365ee218712,e334986b989bcd86,850,850
03,AVS-HJDTD,AVS-28HJDTD,01.jpg,Hisense/images-rebuild/2026-09-29/packets/03_AVS_AVF/Hisense_images_rebuilt/AVS-HJDTD/AVS-28HJDTD/01.jpg,ccac346ab3c1ac07f5a5e02cb73f636bd1dccf065dcf82b83e15fe36fcce6007,fec0853f4a943e4a,850,850
03,AVS-HJDTD,AVS-28HJDTD,05.jpg,Hisense/images-rebuild/2026-09-29/packets/03_AVS_AVF/Hisense_images_rebuilt/AVS-HJDTD/AVS-28HJDTD/05.jpg,bf73766f81629d965aefeb4e3cd2d3b7f268911bfedf8448da4e71d6e4f8c8e5,ecc3923465db3865,850,850
03,AVS-HJDTD,AVS-28HJDTD,04.jpg,Hisense/images-rebuild/2026-09-29/packets/03_AVS_AVF/Hisense_images_rebuilt/AVS-HJDTD/AVS-28HJDTD/04.jpg,cf679b8f514d0d0b8d74ed069c9b2157cacb22f059d42805736dc777fd75b3f2,be6dc0923e6dc1c8,850,850
03,AVS-HJDTD,AVS-19HJDTD,02.jpg,Hisense/images-rebuild/2026-09-29/packets/03_AVS_AVF/Hisense_images_rebuilt/AVS-HJDTD/AVS-19HJDTD/02.jpg,833e8140e3d3f9f38a79a5a42f3746185144b4584be1911863268887000347e1,ec39688697c486e7,850,850
03,AVS-HJDTD,AVS-19HJDTD,08.jpg,Hisense/images-rebuild/2026-09-29/packets/03_AVS_AVF/Hisense_images_rebuilt/AVS-HJDTD/AVS-19HJDTD/08.jpg,747f32a8d9b91ab0e3729446cd2269a3608511e990b9cf2112d01e16a7717f83,fb84843a7bc42d9a,850,850
03,AVS-HJDTD,AVS-19HJDTD,06.jpg,Hisense/images-rebuild/2026-09-29/packets/03_AVS_AVF/Hisense_images_rebuilt/AVS-HJDTD/AVS-19HJDTD/06.jpg,d33cc8f30fab984c37ab296e87e359f87469f0ad058868d736ef78c055784fc5,fa8585723e8de072,850,850
03,AVS-HJDTD,AVS-19HJDTD,03.jpg,Hisense/images-rebuild/2026-09-29/packets/03_AVS_AVF/Hisense_images_rebuilt/AVS-HJDTD/AVS-19HJDTD/03.jpg,047f09f590a8859329d2f6ee45d98b33439c679d6531065d9b59e365ee218712,e334986b989bcd86,850,850
03,AVS-HJDTD,AVS-19HJDTD,07.jpg,Hisense/images-rebuild/2026-09-29/packets/03_AVS_AVF/Hisense_images_rebuilt/AVS-HJDTD/AVS-19HJDTD/07.jpg,130da847ad4fa3319d6c3bd4f17f64f7e22e5d423451a06ec2e2d1170d7efc60,bb85c06a62853f7a,850,850
03,AVS-HJDTD,AVS-19HJDTD,01.jpg,Hisense/images-rebuild/2026-09-29/packets/03_AVS_AVF/Hisense_images_rebuilt/AVS-HJDTD/AVS-19HJDTD/01.jpg,ccac346ab3c1ac07f5a5e02cb73f636bd1dccf065dcf82b83e15fe36fcce6007,fec0853f4a943e4a,850,850
03,AVS-HJDTD,AVS-19HJDTD,05.jpg,Hisense/images-rebuild/2026-09-29/packets/03_AVS_AVF/Hisense_images_rebuilt/AVS-HJDTD/AVS-19HJDTD/05.jpg,bf73766f81629d965aefeb4e3cd2d3b7f268911bfedf8448da4e71d6e4f8c8e5,ecc3923465db3865,850,850
03,AVS-HJDTD,AVS-19HJDTD,04.jpg,Hisense/images-rebuild/2026-09-29/packets/03_AVS_AVF/Hisense_images_rebuilt/AVS-HJDTD/AVS-19HJDTD/04.jpg,cf679b8f514d0d0b8d74ed069c9b2157cacb22f059d42805736dc777fd75b3f2,be6dc0923e6dc1c8,850,850
03,AVS-HJDTD,AVS-24HJDTD,02.jpg,Hisense/images-rebuild/2026-09-29/packets/03_AVS_AVF/Hisense_images_rebuilt/AVS-HJDTD/AVS-24HJDTD/02.jpg,833e8140e3d3f9f38a79a5a42f3746185144b4584be1911863268887000347e1,ec39688697c486e7,850,850
03,AVS-HJDTD,AVS-24HJDTD,08.jpg,Hisense/images-rebuild/2026-09-29/packets/03_AVS_AVF/Hisense_images_rebuilt/AVS-HJDTD/AVS-24HJDTD/08.jpg,747f32a8d9b91ab0e3729446cd2269a3608511e990b9cf2112d01e16a7717f83,fb84843a7bc42d9a,850,850
03,AVS-HJDTD,AVS-24HJDTD,06.jpg,Hisense/images-rebuild/2026-09-29/packets/03_AVS_AVF/Hisense_images_rebuilt/AVS-HJDTD/AVS-24HJDTD/06.jpg,d33cc8f30fab984c37ab296e87e359f87469f0ad058868d736ef78c055784fc5,fa8585723e8de072,850,850
03,AVS-HJDTD,AVS-24HJDTD,03.jpg,Hisense/images-rebuild/2026-09-29/packets/03_AVS_AVF/Hisense_images_rebuilt/AVS-HJDTD/AVS-24HJDTD/03.jpg,047f09f590a8859329d2f6ee45d98b33439c679d6531065d9b59e365ee218712,e334986b989bcd86,850,850
03,AVS-HJDTD,AVS-24HJDTD,07.jpg,Hisense/images-rebuild/2026-09-29/packets/03_AVS_AVF/Hisense_images_rebuilt/AVS-HJDTD/AVS-24HJDTD/07.jpg,130da847ad4fa3319d6c3bd4f17f64f7e22e5d423451a06ec2e2d1170d7efc60,bb85c06a62853f7a,850,850
03,AVS-HJDTD,AVS-24HJDTD,01.jpg,Hisense/images-rebuild/2026-09-29/packets/03_AVS_AVF/Hisense_images_rebuilt/AVS-HJDTD/AVS-24HJDTD/01.jpg,ccac346ab3c1ac07f5a5e02cb73f636bd1dccf065dcf82b83e15fe36fcce6007,fec0853f4a943e4a,850,850
03,AVS-HJDTD,AVS-24HJDTD,05.jpg,Hisense/images-rebuild/2026-09-29/packets/03_AVS_AVF/Hisense_images_rebuilt/AVS-HJDTD/AVS-24HJDTD/05.jpg,bf73766f81629d965aefeb4e3cd2d3b7f268911bfedf8448da4e71d6e4f8c8e5,ecc3923465db3865,850,850
03,AVS-HJDTD,AVS-24HJDTD,04.jpg,Hisense/images-rebuild/2026-09-29/packets/03_AVS_AVF/Hisense_images_rebuilt/AVS-HJDTD/AVS-24HJDTD/04.jpg,cf679b8f514d0d0b8d74ed069c9b2157cacb22f059d42805736dc777fd75b3f2,be6dc0923e6dc1c8,850,850
03,AVS-HJDTD,AVS-15HJDTD,02.jpg,Hisense/images-rebuild/2026-09-29/packets/03_AVS_AVF/Hisense_images_rebuilt/AVS-HJDTD/AVS-15HJDTD/02.jpg,833e8140e3d3f9f38a79a5a42f3746185144b4584be1911863268887000347e1,ec39688697c486e7,850,850
03,AVS-HJDTD,AVS-15HJDTD,08.jpg,Hisense/images-rebuild/2026-09-29/packets/03_AVS_AVF/Hisense_images_rebuilt/AVS-HJDTD/AVS-15HJDTD/08.jpg,747f32a8d9b91ab0e3729446cd2269a3608511e990b9cf2112d01e16a7717f83,fb84843a7bc42d9a,850,850
03,AVS-HJDTD,AVS-15HJDTD,06.jpg,Hisense/images-rebuild/2026-09-29/packets/03_AVS_AVF/Hisense_images_rebuilt/AVS-HJDTD/AVS-15HJDTD/06.jpg,d33cc8f30fab984c37ab296e87e359f87469f0ad058868d736ef78c055784fc5,fa8585723e8de072,850,850
03,AVS-HJDTD,AVS-15HJDTD,03.jpg,Hisense/images-rebuild/2026-09-29/packets/03_AVS_AVF/Hisense_images_rebuilt/AVS-HJDTD/AVS-15HJDTD/03.jpg,047f09f590a8859329d2f6ee45d98b33439c679d6531065d9b59e365ee218712,e334986b989bcd86,850,850
03,AVS-HJDTD,AVS-15HJDTD,07.jpg,Hisense/images-rebuild/2026-09-29/packets/03_AVS_AVF/Hisense_images_rebuilt/AVS-HJDTD/AVS-15HJDTD/07.jpg,130da847ad4fa3319d6c3bd4f17f64f7e22e5d423451a06ec2e2d1170d7efc60,bb85c06a62853f7a,850,850
03,AVS-HJDTD,AVS-15HJDTD,01.jpg,Hisense/images-rebuild/2026-09-29/packets/03_AVS_AVF/Hisense_images_rebuilt/AVS-HJDTD/AVS-15HJDTD/01.jpg,ccac346ab3c1ac07f5a5e02cb73f636bd1dccf065dcf82b83e15fe36fcce6007,fec0853f4a943e4a,850,850
03,AVS-HJDTD,AVS-15HJDTD,05.jpg,Hisense/images-rebuild/2026-09-29/packets/03_AVS_AVF/Hisense_images_rebuilt/AVS-HJDTD/AVS-15HJDTD/05.jpg,bf73766f81629d965aefeb4e3cd2d3b7f268911bfedf8448da4e71d6e4f8c8e5,ecc3923465db3865,850,850
03,AVS-HJDTD,AVS-15HJDTD,04.jpg,Hisense/images-rebuild/2026-09-29/packets/03_AVS_AVF/Hisense_images_rebuilt/AVS-HJDTD/AVS-15HJDTD/04.jpg,cf679b8f514d0d0b8d74ed069c9b2157cacb22f059d42805736dc777fd75b3f2,be6dc0923e6dc1c8,850,850
